Address,price,sqft,bd,ba
"741 Morosgo Dr NE, Atlanta, GA 30324","1136,1141,1151,1156,1159,1190,1191,1196,1210,1216,1225,1230,1250,1254,1270,1275,1280,1324,1344,1377,1436,1479,1507,1528,1535,1573,1600,1614,1633,1678,1695,1700,1791,1880,1884,1890,1900","576,589,639,655,689,690,745,747,763,796,812,825,890,915,974,1008,1034,1089,1105,1119,1158,1201,1208,1217,1219,1341","0,1,2","1,2"
"3330 Mountain Dr, Decatur, GA 30032","1225,1255,1325,1342","1075,1200","2,3","1,2"
"4403 Northside Pkwy, Atlanta, GA 30327","945,1135,1195,1210,1220,1225,1260,1265,1275,1280,1285,1300,1330,1345,1365,1375,1400,1405,1410,1425,1440,1450,1480,1500,1510,1525,1635,1665,1680,1755,1760,1785,1795,1805,1825,1845,1885,1990,2165,2185,2190,2275,2280,2650,2670,2835,2955","563,667,672,681,685,698,707,716,717,723,729,736,768,793,811,827,834,843,886,935,938,946,952,960,999,1040,1055,1062,1086,1110,1151,1152,1170,1197,1246,1267,1295,1324,1330,1344,1369,1468,1492,1520,1533,1672,1702,2333,2500,2854","0,1,2,3","1,2,25,35"
"3375 Spring Hill Pkwy SE, Smyrna, GA 30080","1130,1160,1175,1200,1230,1240,1260,1265,1295,1325,1335,1340,1365,1400,1425,1440,1495,1545,1550,1575,1580,1590,1595,1615,1620,1655,1680,2075,2080","526,591,593,596,601,613,692,697,703,713,781,783,794,825,845,872,874,905,920,925,958,990,1002,1105,1144,1191,1214,1241,1243,1263,1281,1290,1299,1304,1353,1380,1383,1385,1407,1458,1488","0,1,2,3","1,2"
"1155 Lavista Walk NE, Atlanta, GA 30324","1173,1183,1198,1199,1228,1238,1250,1253,1263,1711,1735,1755,1805,1816,1820,1855,1865,1871,1882","531,582,631,736,963,986,1111,1234,1251,1346,1389,1405,1436","1,2,3","1,2"
"225 26th St NW, Atlanta, GA 30309","1221,1291,1367,1371,1421,1441,1468,1476,1481,1487,1506,1520,1581,1582,1586,1601,1604,1612,1623,1651,1687,1690,1712,1713,1717,1747,1787,1858,1897,2746","611,670,706,756,797,801,932,965,1001,1045,1095,1144,1195,1800","0,1,2,3","1,2"
"1824 Defoor Ave NW, Atlanta, GA 30318","1350,1360,1450,1460,1480,1570,1580,1590,1795,1805,1815,1840,1980,2000,2850,2870,3060","716,828,838,895,1163,1195,1278,1549,1881","0,1,2,3","1,2,3"
"1270 Spring St NW, Atlanta, GA 30309","1550,1575,1675,1700,1719,2299,2350,2433,2437,2469,2499,2612,2623,389082","662,678,697,700,702,730,742,753,804,808,1078,1101,1107,1108,1135,1140,1151,1165,1312","1,2","1,2"
"22 14th St NW , Unit 3009, Atlanta, GA 30309","1962,1989,1998,2084,2089,2102,2198,2202,2228,2391,2446,2470,2482,2850,2973,2988,3058,3091,3102,3152,3153,3204,3237,3289,3397,3451,3575,3610,3680,3865,4056,4298,4455,4850,5855","601,625,749,812,830,1085,1102,1110,1116,1132,1201,1308,1478","0,1,2,3","1,2"
"626 Dekalb Ave SE, Atlanta, GA 30312","1315,1448,1468,1488,1498,1503,1518,1520,1528,1596,1683,1792,1801,1823,1855","709,738,780,801,824,884,934,1065,1072,1076,1094,1125,1188,1234,1602","1,2","1,2"
"1040 Huff Rd NW, Atlanta, GA 30318","1230,1270,1289,1295,1311,1322,1327,1328,1332,1335,1336,1346,1351,1357,1372,1386,1387,1415,1603,1613,1638,1648,1658,1661,1713,1723,1771,1776,1791,1793,1848","656,756,831,843,845,884,1046,1149,1152,1277","0,1,2","1,2"
"3380 Peachtree Rd NE, Atlanta, GA 30326","1430,1499,1509,1544,1545,1624,1699,1705,1729,1739,1789,1939,1969,2029,2039,2089,2139,2915,3090,3330,3009225","488,580,609,643,662,677,685,688,702,728,751,802,1034,1054,1178,1323,1357,1375,1412,1440,1446,1466,1523","0,1,2,3","1,2,3"
"1240 W Peachtree St NW, Atlanta, GA 30309","1552,1721,1832,1855,1922,1932,1949,2036,2116,2126,2149,2159,2168,2189,2198,2218,2226,2296,2300,2400,2733,2747,2783,2793,3053,3184,3234,3436,4824","650,690,734,756,822,860,902,911,975,1160,1212,1272,1294,1552","0,1,2","1,2"
"1250 Powder Springs Rd SW, Marietta, GA 30064","1066,1071,1086,1091,1106,1111,1116,1121,1126,1131,1136,1184,1194,1234,1244,1254,1493,1508","600,754,766,875,893,958,1115,1200,1213,1217","1,2,3","1,2"
"1010 W Peachtree St NW , # 641, Atlanta, GA 30309",2584,"539,692,727,729,745,834,863,877,880,914,946,1022,1056,1072,1073,1089,1143,1163,1264,1325,1469","0,1,2","1,2"
"3150 Roswell Rd NW , # 487757, Atlanta, GA 30305","1709,1760,1764,1833,1849,1850,1937,1953,1970,2075,2100,2104,2147,2148,2173,2177,2210,2220,2292,2293,2314,2508,2598,2623,2972,3006,3231,3371,3387,3416,3420,3435,3464,3471,3485,3500,3542,3551,3570,3580,3582,3672,3717,3739,3762,3912,3979,3985,4035,8096,9204","627,670,686,726,767,784,790,818,868,888,979,1227,1243,1289,1341,1353,1370,1380,1416,2189,2310","0,1,2,3","1,2,3"
"100 Paces Park Dr, Decatur, GA 30033","1068,1093,1143,1208,1212,1218,1222,1233,1237,1293,1314,1395,1505,1591,1616,1636,1940","747,757,865,1107,1213,1421","1,2,3","1,2"
"1470 Sheridan Rd NE, Atlanta, GA 30324","1283,1293,1321,1435,1492,1497,1510,1511,1713,1763,1795,1812,1868","608,806,1020,1040","1,2","1,2"
"1020 Piedmont Ave NE, Atlanta, GA 30309","1489,1565,1595,1625,1734,1843,1863,1904,1919,1920,1945,1951,1973,1999,2004,2009,2016,2205,2285,2477,2549,2679,2689,2721,2751,3128,3247,3438,3452,4598,389082,403535","547,586,618,635,640,664,681,713,719,761,951,957,1026,1056,1058,1142,1152,1159,1190,1425,1496,1513,1690","0,1,2,3","1,2"
"400 Pharr Rd NE, Atlanta, GA 30305","1405,1473,1489,1524,1534,1544,1546,1549,1556,1559,1564,1594,1612,1613,1614,1622,1629,1672,1702,1707,1709,1717,1772,1792,1977,2102,2167,2377,2407,2435,2460,2472,2611","513,520,522,525,715,729,744,745,753,755,761,765,820,827,841,872,881,884,907,999,1015,1099,1112,1187,1189,1191,1199,1214,1216,1230,1290,1351,1358,1374,1376,1377","0,1,2","1,2"
"33 11th St NE, Atlanta, GA 30309","1625,1650,1665,1965,1985,1990,1995,2075,2160,2240,2385,2420,2520,2550,2850,2885,3050,3765,5740,6010","543,555,572,586,588,599,639,646,716,717,737,739,859,866,929,987,1013,1033,1082,1121,1198,1302,1305,1325,1415,1633,1669,1727,1753,2224","0,1,2,3","1,2,25"
"500 Briarvista Way, Atlanta, GA 30329","1170,1200,1230,1235,1245,1265,1295,1330,1335,1345,1360,1370,1375,1400,1415,1420,1425,1430,1440,1465,1475,1490,1520,1525,1545,1555,1590,1620,1625,1650,1655,1660,1675,1690,1700,1710,1720,1725,1740,1795,1805,1835,1845,2030,2050,2185,2245,2255,2275,2555,2565","559,563,594,612,706,709,782,793,846,882,890,899,968,976,1049,1144,1164,1189,1215,1265,1278,1307,1353,1406,1552,1556,1639,1644","1,2,3","1,2"
"609 Virginia Ave NE, Atlanta, GA 30306","1445,1470,1866,1876,1906,1931,2041,2123","525,750,950,1050","1,2","1,2"
"658 Lindbergh Dr, Atlanta, GA 30324","1650,1750,1800,1850,1900,1950,2000,2050,2100,2150,2200,2250,2300,2350,2600,2650,2700,2750,2850,3000,3050,3150","618,691,714,732,765,770,791,816,843,852,856,862,967,982,1114,1186,1202,1239,1331,1346,1797","1,2","1,15,2,25"
"299 N Highland Ave NE, Atlanta, GA 30307","1590,1606,1621,1725,1754,1900,1914,1929,1976,2395,2553,2563,2589,2790,3124,3198,3394","525,545,549,551,591,654,657,671,691,703,715,717,734,747,750,752,776,777,780,845,853,854,855,856,859,891,939,997,1072,1098,1101,1104,1105,1114,1133,1151,1228,1260,1288,1302,1379,1393,1413,1424,1606","0,1,2","1,2"
"122 W Trinity Pl, Decatur, GA 30030","1395,1435,1445,1465,1485,1515,1530,1535,1700,1735,1755,1765,2242,2252,2267,2272,2503,2513,2523,2543,3490,3510,3530,3610","585,657,832,1176,1282,1520","0,1,2,3","1,2"
"306 Ardmore Cir NW, Atlanta, GA 30309",,"663,700,704,709,771,776,796,824,896,1166,1171,1182,1247,1259,1281,1293,1417,3080,3226","1,2,3,4","1,2,25,35"
"701 Highland Ave NE, Atlanta, GA 30312","1508,1538,1623,1627,1633,1652,1701,1730,1731,1741,1742,1830,1865,1888,1890,1900,1912,1932,2122,2152,2171,2177,2182,2192,2212,2281,2341,2361,2371,2381,2396,2406,2411,2416,2421,2471,2656,2806","610,634,773,828,855,896,903,956,968,1023,1028,1192,1205,1209,1358,1431","0,1,2","1,2"
"3280 Northside Pkwy NW, Atlanta, GA 30327","1248,1254,1264,1274,1308,1314,1358,1421,1591,1599,1807,1812,1849,1916,1981,2036,2068,2235,2256,2281,2396,3845","817,820,824,828,848,882,932,950,1125,1249,1256,1299,1464,1532,1768,1930,1947,1964,2031,2406,2741,3976","1,2,3","1,15,2,25,4"
"1220 Mecaslin St NW, Atlanta, GA 30318","1373,1393,1408,1420,1448,1478,1485,1490,1524,1525,1530,1539,1548,1866,1898,1952,1957,1995,2065,2074,2084,2085,2094,2104,2109,2114,2115,2124,2129,2159,2184,2204,2214,2282,3061,3066,3076","638,657,736,750,1054,1062,1081,1141,1204,1252,1482","1,2,3","1,2,3"
"963 Ponce De Leon Ave NE, Atlanta, GA 30306",,,,
"1845 Piedmont Ave NE, Atlanta, GA 30324","1376,1410,1474,1483,1488,1489,1520,1536,1544,1605,1606,1701,1705,1719,1756,1773,1796,1815,1840,1855,1872,1885,1895,1944,2007,2125,2189,2220,2240,4100,389082,389892","476,539,576,615,632,639,726,729,730,734,753,759,838,855,871,877,882,904,909,910,932,970,977,987,1021,1031,1042,1044,1058,1065,1091,1096,1116,1119,1131,1160,1161,1181,1191,1195,1213,1240,1342,1383,1493,2016","0,1,2,3","1,2,3"
"691 14th St NW, Atlanta, GA 30318","1255,1280,1295,1305,1410,2080,2125,2715","611,672,726,734,735,778,780,803,810,858,900,903,954,1093,1128,1133,1172,1225,1277,1600","0,1,2","1,2"
"3645 Habersham Rd NE, Atlanta, GA 30305","1494,1504,1534,1664,1757,1778,1887,2189,389082,1467540","767,852,926,1032,1093,1325,1510,1572,1651,2327","1,2,3","1,2,25,3"
"2101 Paces Ferry Rd SE, Smyrna, GA 30080","1050,1095,1120,1125,1140,1145,1185,1220,1235,1270,1280,1285,1330,1440,1480,1525,1545,1570","650,876,896,1018,1182,1224,1302","1,2","1,2"
"2144 Peachtree Rd NW, Atlanta, GA 30309","1621,1634,1661,1668,1676,1691,1741,1761,1763,1841,1936,1986,2030,2040,2056,2080,2126,2136,2235,2239,2245,2330,2339,2435,2440,2520,2585,2590,2715,2838,3128","734,771,808,818,925,1008,1153,1166,1211,1228,1388,1436,1595,1643","1,2,3","1,2"
"2460 Peachtree Rd NW, Atlanta, GA 30305","1545,1585,1660,1685,1705,1725,1755,1770,1795,1815,1825,1835,1840,1860,1865,1870,1880,1885,1960,2780","577,814,1100,1166,1175,1196,1260","1,2","1,2"
"361 Pharr Rd NE, Atlanta, GA 30305","1288,1313,1398,1403,1451,1480,1625,2223,2283,2839","670,783,795,885,1066,1171,1181,1202,1224,1377","1,2","1,2"
"960 E Paces Ferry Rd NE, Atlanta, GA 30326","1346,1370,1417,1499,1560,1591,1592,1594,1602,1613,1781,1919,1949,2017,2059,377806","600,605,792,858,1082,1120,1174,1180,1190","0,1,2","1,2"
"7305 Hannover Pkwy N, Stockbridge, GA 30281","980,1045,1050,1060,1130,1160,1165,1170,1175,1180,1205,1285,1320,1345,1380,1420","691,880,941,1177,1362,1489","1,2,3","1,2"
"2641 E College Ave, Decatur, GA 30030","1320,1355,1395,1410,1415,1420,1430,1440,1450,1460,1466,1471,1476,1480,1481,1485,1486,1490,1495,1496,1500,1501,1505,1506,1515,1516,1520,1521,1526,1530,1531,1536,1541,1549,1554,1559,1564,1569,1570,1580,1584,1585,1589,1594,1595,1599,1604,1605,1609,1614,1615,1624,1625,1629,1634,1641,1644,1649,1654,1659,1664,1669,1674,1679,1684,1689,1699,1709,1729,1739,1749,1759,1769,1820,1830,1840,1845,1850,1855,1860,1865,1875,1885,1895,1905,1962,1972,1992,1997,2013,2018,2032,2033,2043,2062,2089,2129,2147,2157,2167,2177,2182,2187,2197,2207,2326,2331,2336,2341,2342,2351,2352,2361,2362,2371,2372,2396,2417,2467,2494,2499,2504,2509,2517,2519,2527,2537,2641,2676,2690,2700,2717,2727,2737,2747,2757,3265,3275,3290,3335,3345,3355,3365,3375","581,620,665,696,699,724,732,745,754,785,825,924,961,962,1003,1022,1082,1171,1191,1199,1230,1248,1259,1281,1350,1360,1375,1444","0,1,2,3","1,2"
"2825 Windy Hill Rd SE, Marietta, GA 30067","1270,1275,1285,1290,1295,1300,1305,1315,1330,1345,1355,1370,1385,1395,1510,1530,1545,1550,1560,1565,1570,1580,1590,1600,1610,1615,1620,1640,1660,2044","775,850,1034,1148,1227,1376","1,2,3","1,2"
"1776 Summit Forest Dr, Marietta, GA 30068",159347,1000,1,15
"8 Cumberland Way SE, Smyrna, GA 30080","1151,1215,1251,1265,1275,1325,1330,1395,1440,1445,1455,1495,1505,1590,1640","933,1270,1479","1,2,3","1,2"
"1625 Roswell Rd, Marietta, GA 30062","1115,1200,1435,1495,1525,1620","716,815,1074,1151,1170,1353,1429","1,2,3","1,2"
"222 Colonial Homes Dr NW, Atlanta, GA 30309","1515,1540,1713,1719,1730,1739,1744,1780,2240,2281,2375,3045,3055","595,679,680,684,776,800,969,1013,1101,1198,1342","1,2,3","1,2"
"3372 Peachtree Rd NE, Atlanta, GA 30326","2035,2039,2066,2075,2093,2102,2123,2140,2148,2162,2234,2263,2274,2285,2300,2311,2333,2355,2362,2373,2395,2408,2417,2436,2439,2450,2469,2502,2513,2524,2538,2549,2557,2560,2568,2612,2682,2714,2800,2816,2820,2832,2833,2836,2907,2908,2913,2922,2938,2945,2961,2972,2977,2988,3009,3025,3036,3065,3097,3100,3121,3137,3180,3216,3219,3252,3329,3345,3457,3473,3521,3553,3569,3617,3623,3649,3655,3665,3695,3697,3713,3767,3785,3821,3839,3865,3911,3928,3929,3949,3965,3970,3991,4012,4033,4054,4159,4180,4222,4487,4510,4533,4602,4625,4646,4671,4717,4809,4832,4878,4901,4947,4993,5016,5131,5896","622,688,760,765,771,788,792,815,828,835,1071,1078,1115,1123,1128,1176,1214,1265,1301,1357,1458,1661,1673","0,1,2,3","1,2,25"
"3000 Shadowood Pkwy SE, Atlanta, GA 30339","1025,1040,1285,1300,1455","750,1000","1,2","1,2"
"880 W Peachtree St, Atlanta, GA 30309","1850,1900,1925,1930,1960,1975,2055,2105,2120,2130,2135,2155,2165,2180,2185,2200,2208,2215,2230,2243,2278,2280,2290,2313,2318,2343,2348,2365,2375,2405,2440,2815,2825,2840,2845,2850,2860,2870,2880,2900,2905,2925,2955,2980,2985,3000,3030,3055,3065,3075,3085,3100,3108,3115,3130,3133,3160,3183,3193,3203,3213,3215,3225,3228,3235,3243,3248,3258,3268,3288,3318,3333,3380,3385,3403,3825,3925","644,671,765,792,795,1110,1172,1195,1204,1214,1231,1542","0,1,2,3","1,2"
"915 W Peachtree St, Atlanta, GA 30309","2009,2015,2050,2057,2071,2113,2119,2128,2200,2257,2258,2287,2297,2308,2358,2398,2458,2516,2518,2596,2626,2639,2672,2742,2752,2806,2837,3217,3346,4032,362468,375449,403171,404087,528931","573,602,707,715,717,722,741,749,755,778,780,788,796,850,862,880,895,898,1073,1085,1091,1101,1126,1176,1261,1268,1271,1278,1280,1335,1363,1788","0,1,2","1,2,25"
"1001 Burnt Hickory Rd NW, Marietta, GA 30064","1110,1136,1160,1195,1220,1274,1376,1395,1421,1466,1470,1475","698,872,1142,1218,1541","1,2,3","1,2"
"1555 Lavista Rd NE, Atlanta, GA 30329",464797,750,1,1
"2875 Crescent Pkwy, Atlanta, GA 30339","1440,1470,1530,1545,1605,1630,1655,1670,1850,1865,1915,1955,2025,2040,2065,2100,2105,2110,2115,2120,2125,2130,2150,2190,2205,2215,2225,2230,2255,2445,3380","620,693,718,753,756,859,920,956,1066,1073,1097,1115,1156,1180,1182,1363,1402,1439,1609","0,1,2,3","1,2"
"900 Joseph E Lowery Blvd NW, Atlanta, GA 30318",,,,
"10 Executive Park W, Brookhaven, GA 30329","1375,1409,1430,1444,1445,1480,1519,1538,1540,1544,1549,1558,1562,1563,1565,1573,1575,1580,1583,1584,1587,1588,1593,1598,1612,1615,1618,1622,1623,1633,1647,1648,1649,1668,1674,1684,1694,1695,1729,1730,1738,1740,1753,1788,1852,1860,1887,1895,1997,2023,2024,2032,2048,2058,2059,2073,2083,2090,2098,2125,2133,2171,2256,2273,2308,2323,2358,2471,2486,2521,2794,2829","580,616,629,632,662,696,717,722,729,762,770,773,775,792,808,899,936,962,995,1016,1071,1082,1118,1150,1166,1189,1403,1429","0,1,2,3","1,2"
"3478 Lakeside Dr NE, Atlanta, GA 30326","1898,1908,1938,1948,1981,1991,1996,2028,2069,2073,2079,2083,2084,2089,2103,2113,2116,2138,2141,2148,2168,2176,2178,2183,2186,2191,2193,2196,2198,2203,2216,2217,2278,2448,2463,2632,2946,2971,2984,2989,2994,2999,3004,3046,3063,3072,3078,3192,3202,3212,3228,3243,3248,3253,3894,3909,3914,4825,4900,5753,5853,6452,7653,7778","625,630,638,711,718,738,754,769,787,840,909,1036,1149,1161,1248,1311,1334,1381,1513,1726,1739,2495","1,2,3","1,2"
"2703 Delk Rd SE, Marietta, GA 30067","1039,1135,1141,1142,1143,1188,1276,1288","820,1070,1135,1300,1335","1,2","1,2"
"2000 E Lake Pkwy, Marietta, GA 30062","1197,1199,1209,1212,1214,1224,1227,1234,1235,1238,1242,1248,1260,1261,1264,1268,1270,1280,1319,1414,1416,1422,1426,1442,1450,1452,1454,1457,1464,1468,1474,1476,1484,1492,1495,1496,1499,1500,1506,1508,1509,1511,1519,1527,1529,1559,1572,1579,1582,1584,1589,1592,1595,1602,1605,1630,1636,1693,1748,1759,1773,2016","800,896,944,1000,1075,1264,1296,1584","1,2,3","1,2,25"
"100 Ladson Ct, Decatur, GA 30033","1410,1495,1496,1520,1560,1600,1935,1940,1980,2140,2370,2400,2440,3055,3110,3130","769,993,1177,1312,1528,1817,2071","1,2,3","1,15,2,25,35"
"83 Barrett Pkwy, Marietta, GA 30066","1250,1300,1335,1355,1375,1395,1570,1605,1615,1620,1635,1650,1655,1670,1705","708,770,777,1057,1167,1170","1,2","1,2"
"1750 Shiloh Rd NW, Kennesaw, GA 30144","958,968,988,1023,1033,1048,1113,1123,1158,1198,1203,1208,1218,1223,1238,1243,1248,1253,1258,1263,1268,1273,1278,1293,1428,1438,1558,1593,1598,1678,1688,1713","636,696,711,846,879,1016,1041,1214,1245,1515,1550","1,2,3","1,2"
"400 Belmont Pl SE, Smyrna, GA 30080","1230,1260,1265,1274,1284,1300,1310,1321,1345,1356,1365,1395,1420,1430,1440,1591,1663,1671,1678,1721,1748,1758,1763,1848,2009,2729","604,711,717,800,802,860,994,1074,1079,1186,1223,1225,1238,1250,1417","0,1,2,3","1,2"
"3770 George Busbee Pkwy NW, Kennesaw, GA 30144",,,,
"420 Stone Ridge Cir, Hiram, GA 30141",,,,
"2075 Lavista Rd NE, Atlanta, GA 30329","1310,1410,1440,1445,1455,1460,1465,1485,1600,1610,1615,1625,1630,1640,1650,1675,1685,1725,1870,1880,1885,1890,1895,1900,1910,2050","720,970,1040,1050,1310,1380","1,2","1,2"
"594 Wimbledon Rd NE, Atlanta, GA 30324","1085,1167,1175,1182,1190,1217,1223,1227,1232,1237,1403,1412,1422,1437","600,700,960","1,2","1,2"
"761 Morosgo Dr NE, Atlanta, GA 30324","1595,1615,1620,1625,1635,1655,1660,1665,1670,1740,2080,2095,2110,2115,2120,2135,2145,2245,2250,2290,2335,2345,2360,2375,2380,2395","623,676,749,759,784,810,846,857,959,1034,1040,1065,1084,1200,1252,1315,1338,1384,1431,1543","1,2,3","1,2"
"4501 Circle 75 Pkwy SE, Atlanta, GA 30339","1337,1352,1360,1366,1377,1385,1387,1395,1406,1420,1427,1432,1437,1487,1580,1755,1770,1815,1820,1828,1854,1880,1895","651,675,712,722,732,888,967,1100,1184,1425,1460,1490","1,2,3","1,2,3"
"477 Wilmer St NE, Atlanta, GA 30308","1469,1509,1569,1589,1599,1609,1629,1649,1659,1669,1679,1699,1749,1769,1949,2139,2179,2219,2239,2269","637,730,823,922,972,988,1124,1135,1143,1153,1262","1,2","1,15,2"
"464 Bishop St NW, Atlanta, GA 30318","1420,1425,1430,1435,1470,1475,1485,1490,1495,1505,1510,1515,1520,1525,1530,1565,1630,1855,1860,1945,1950,1955,1965,2030,2045","571,616,699,711,858,1126,1200","1,2","1,2"
"755 N Ave NE, Atlanta, GA 30306","1599,1688,1775,1785,1799,2399,2450,4500,209175,735096,781181,806714,811184,833230,834230,841250,842800,845100,847000,850797,863711,1125000","560,578,630,649,660,670,685,714,730,750,759,790,860,900,997,1107,1130,1190,1200,1295,1350,1519,2444,2700,2770,3100,3712,3736","0,1,2,3,4,6","1,2,35,4"
"3434 Roswell Rd NW, Atlanta, GA 30305","1150,1200",1050,2,1
"1270 W Peachtree St NW, Atlanta, GA 30309","1239,1259,1269,1284,1695,1870","750,985,1100","1,2","1,2"
"2151 Cumberland Pkwy SE, Atlanta, GA 30339","849,859,1223,1226,1238,1241,1301,1384,1434,1455,1556,1589,1595,1600,1625,1672,1703,1743,1745,1776,1778","572,806,1000,1155,1408","1,2,3","1,2"
"1099 Boulevard SE, Atlanta, GA 30312","1164,1169,1194,1219,1249,1250,1264,1274,1275,1280,1294,1314,1325,1344,1349,1350,1355,1374,1375,1380,1385,1399,1415,1420,1425,1434,1445,1549,1564,1589,1889,1914,1924,1944,2045,2085,2135,2145,2155,2160,2165,2170,2180,2215,2225,2230,2240,2275,2305,2310,2364,2414,2449,3100","446,448,535,543,555,558,666,675,703,721,722,732,738,754,772,780,781,845,924,1048,1257,1259,1297,1310,1315,1335,1349,1353,1394,1408,1994","0,1,2,3","1,2"
"3355 George Busbee Pkwy NW, Kennesaw, GA 30144","943,1003,1018,1033,1048,1078,1108,1113,1208,1238,1268,1273,1298,1313,1333,1348,1353,1368,1373,1383,1418,1438,1458,216292,230001","811,860,1169,1195,1276,1279,1382,1416","1,2,3","1,2"
"4570 S Cobb Dr SE, Smyrna, GA 30080","908,1088,1117,1305,1330,1355,1395,1400","465,519,566,1075,1115,1135,1207","0,1,2","1,2"
"275 Memorial Dr SE, Atlanta, GA 30312","1184,1207,1214,1232,1252,1257,1262,1272,1306,1307,1332,1336,1341,1346,1351,1356,1361,1376,1396,1421,1426,1431,1555,1575,1579,1597,1615,1704,1714,1744,1752,1759,1804","468,483,506,511,524,556,588,603,607,608,613,615,643,664,675,756,765,867,878,940,965","1,2","1,2"
"903 Huff Rd NW, Atlanta, GA 30318","1262,1314,1395,1396,1400,1405,1419,1425,1449,1476,1480,1513,1733,1810,1935,1960,2020,2143,2182,2312,2347","632,640,769,803,810,823,952,1072,1157,1200,1201,1279,1396","1,2","1,2"
"2965 Peachtree Rd NE , # 1310, Atlanta, GA 30305","3500,3860,4100,4160,4220,4280,4660,4780,4880,5020,5060,5080,5120,5425,5520,5588,5685,5698,5805,5865,5918,6007,6028,6100,6125,6165,6200,6285,6320,6362,6468,6560,6980","1103,1635,1781,1816,1937,1957,1965,2105,2138","1,2,3","1,2,3"
"485 Lindbergh Pl NE, Atlanta, GA 30324","1182,1207,1247,1252,1257,1273,1283,1303,1325,1332,1352,1367,1390,1604,1638,1640,1664,1704,1729,1755,1769,1841,1905,2069,2099","564,565,599,676,755,811,869,946,1029,1042,1150,1247,1273,1450","0,1,2,3","1,2"
"914 Collier Rd NW, Atlanta, GA 30318","1221,1297,1369,1379,1395,1396,1426,1461,1462,1475,1570,1635,1701,1710,1720,1735,1755,1760,1792,1795,1800,1810,1835,1848,2074","569,573,759,774,799,819,876,892,899,925,1032,1115,1121,1164,1186,1260,1289,1372,1462","1,2,3","1,15,2"
"50 Adams Lake Blvd SE, Atlanta, GA 30339","1247,1392,1402,1412,1417,1432,1452,1580,1588,1590,1715,1720,1750,1763,1770,1777,1780,1785,1830,1928,1988","590,595,815,819,834,886,980,1069,1134,1223,1320,1323,1338,1418,1607,1624","1,2,3","1,2"
"2676 Milscott Dr, Decatur, GA 30033","1252,1340,1357,1617,1712,1752","596,731,901,1302,1316","1,2,3","1,2"
"1967 Leland Dr SE, Marietta, GA 30067",,,,
"3400 Stratford Rd NE, Atlanta, GA 30326","1105,1110,1355,1415,1425,1460,1480,1590,1600,1610,1635,1655,1670,1680,1780,1785,1895,1900,2250","707,713,801,841,880,905,929,955,1013,1055,1059,1080,1138,1146,1149,1151,1152,1161,1169,1210,1211,1234,1236,1247,1253,1274,1303,1341,1429,1536","0,1,2,3","1,2,3"
"2399 Parkland Dr NE, Atlanta, GA 30324","1261,1280,1281,1284,1286,1289,1290,1310,1318,1324,1325,1329,1343,1350,1365,1374,1387,1417,1418,1500,1505,1519,1528,1577,1583,1584,1594,1597,1604,1614,1615,1634,1635,1644,1645,1651,1653,1686,1709,1736,1763,1778,1871,2072,2197","578,624,697,702,705,733,745,766,772,811,815,820,871,881,953,1023,1069,1072,1093,1127,1138,1145,1169,1177,1195,1200,1209,1218,1227,1292,1295,1353,1374,2000","0,1,2,3","1,2"
"100 Calibre Brooke Way SE, Smyrna, GA 30080","1080,1120,1193,1212,1366,1580","720,1040,1310","1,2","1,2"
"521 Auburn Ave NE, Atlanta, GA 30312","2095,2900,850000","1000,1800,3695","2,3,8","2,7"
"516 Boulevard NE, Atlanta, GA 30308","1427,1272707","1200,4264","3,12","15,8"
"449 Greenwood Ave NE, Atlanta, GA 30308","2400,3100,619721,1250000","762,2131,2288","2,3,7","15,2,6"
"1295 E Rock Springs Rd NE, Atlanta, GA 30306","2158,2283,2322,2614,2677,2749,2752,2777,2812,2836,3268,3654,779503,783017,831342,833610","1031,1136,1156,1277,1295,1318,1323,1340,1356,1371,1397,1401,1528,1556,1559,1574,1609,1643,1683,1706,1721,1746,1754,1854,1932,2104,2136,2175,2324,2325","1,2,3","2,25,3,35"
"360 Pharr Rd NE, Atlanta, GA 30305",,,,
"620 Glen Iris Dr NE, Atlanta, GA 30308","1625,2300,2400,2700,2800,3200,3850,200000,220000,230000,233000,235000,237000,238000,238500,241608,242000,243000,244457,245052,245500,250000,252994,253000,255000,256000,257000,259900,260000,262869,263315,264601,264866,264877,265381,265459,265503,265588,265858,266001,266091,266143,266313,267018,267146,273362,275929,279137,279494,285800,287500,299729,300000,308500,309631,319000,319311,323730,328051,330655,332500,334000,338868,339000,339079,340082,341364,341429,342000,343362,344153,344174,345178,345320,348144,350000,351137,352871,355313,360729,362778,379295,382051,382566,388725,388856,390391,399974,400135,403940,404685,406037,407992,414777,420121,422836,550000","668,688,695,696,721,722,723,744,746,750,754,777,780,859,860,869,901,980,1000,1002,1003,1015,1020,1050,1088,1100,1104,1131,1193,1200,1202,1207,1219,1228,1234,1500","1,2","1,2"
"1655 Grayson Hwy, Grayson, GA 30017",,,,
"510 Guthridge Ct, Peachtree Corners, GA 30092","1317,1335,1340,1351,1376,1395,1410,1420,1427,1437,1444,1464,1475,1484,1499,1500,1513,1526,1533,1554,1561,1562,1563,1597,1615,1672,1682,1752,1775,1819,1853,1890,1898,1904,1958,2040","620,675,680,690,705,720,780,785,1075,1090,1094,1125,1145,1315,1660","1,2","1,2"
"6015 State Bridge Rd, Duluth, GA 30097","1289,1354,1379,1406,1449,1460,1493,1508,1529,1608,1621,1638,1643,1648,1688,1879","856,902,1228,1278,1349,1450,1488,1520,1651","1,2,3","1,2"
"8075 Adair Ln, Sandy Springs, GA 30350","1040,1045,1050,1070,1300,1360,1370,1385,1405,1465","763,767,1030,1103,1292,1307","1,2","1,2"
"1000 Duluth Hwy, Lawrenceville, GA 30043","990,1025,1085,1110,1115,1141,1160,1161,1165,1170,1175,1195,1235,1240,1365,1370,1375,1390,1395,1405,1410,1415,1420,1425,1460,1465,1477,1572","758,949,1068,1101,1244","1,2","1,2"
"3655 Westchase Village Ln, Norcross, GA 30092","991,993,1023,1031,1051,1056,1061,1066,1078,1101,1126,1148,1154,1164,1178,1184,1189,1229,1288,1298,1421,1431,1473","555,700,710,840,1034,1200","1,2,3","1,2"
"8600 Roberts Dr, Atlanta, GA 30350","1147,1170,1206,1369,1384,1394,1409,1413,1419,1428,1434,1439,1454","1075,1250","1,2","1,2"
"500 Harbor Pointe Pkwy, Sandy Springs, GA 30350",,903,2,1
"950 Executive Dr, Alpharetta, GA 30005","1117,1136,1152,1157,1162,1167,1172,1177,1188,1206,1227,1243,1356,1366,1406,1427,1449,1484,1533,1538,1539,1567,1655","983,1003,1146,1200,1327","1,2,3","1,2"
"2910 Buford Dr NE, Buford, GA 30519","1055,1074,1099,1185,1378,1383,1465,1470,1494,1513,1538","828,919,1177,1287,1426","1,2,3","1,15,2"
"5675 Roswell Rd, Atlanta, GA 30342","1075,1103,1113,1115,1118,1121,1136,1137,1140,1163,1168,1197,1210,1237,1262,1350,1377,1381,1382,1388,1423,1434,1468,1472,1480,1484,1487,1495,1670,1689,1825","900,1065,1190,1330,1370,1565,1649","1,2,3","1,2"
"9000 Beaver Creek Rd, Alpharetta, GA 30022","1302,1340,1367,1385,1397,1410,1422,1442,1456,1466,1470,1481,1511,1526,1586,1655,1715,1720,1755,1769,1794,1819,2237,2287","730,768,817,928,1136,1142,1274,1547","1,2","1,2"
"11000 Lakefield Pl, Johns Creek, GA 30097","1199,1216,1218,1236,1484,1504,1525,1572,1647,1666,1698","884,956,1114,1186,1338","1,2,3","1,2"
"3974 Annistown Rd, Snellville, GA 30039","1049,1089,1104,1204","884,1161,1354","1,2,3","1,2"
"8520 S Holcomb Bridge Way, Alpharetta, GA 30022","1082,1107,1117,1142,1147,1163,1177,1192,1202,1217,1218,1232,1248,1268,1283,1426,1451,1474,1481,1485,1564,1589,1606,1609","706,827,853,937,1237,1347","1,2,3","1,2"
"4021 Mcginnis Ferry Rd, Suwanee, GA 30024","1052,1112,1114,1214,1222,1278,1281,1302,1316,1369,1379,1422,1432,1488,1573,1610,1613,1653,1656,1691,1798","655,857,872,957,1200,1254,1296,1338,1482,1536,1539,1584","1,2,3","1,2,25"
"3500 N Point Dr, Alpharetta, GA 30005",,"725,800,1025,1125","1,2","1,2"
"1050 Lenox Park Blvd NE, Atlanta, GA 30319","1291,1306,1341,1352,1391,1408,1461,1687,1722,1781,1851,1892,1901,2025,2089,2098,2107,2263","745,861,1057,1208,1447,1692,2140","1,2,3","1,2,25"
"3600 Park Lake Ln, Peachtree Corners, GA 30092","974,1024,1124,1125,1180,1275,1330","805,824,1147,1163","1,2","1,2"
"900 View Dr, Woodstock, GA 30188","1176,1211,1221,1246,1251,1256,1266,1271,1281,1286,1296,1301,1306,1316,1321,1331,1336,1341,1351,1366,1371,1376,1381,1386,1396,1411,1426,1431,1446,1466,1471,1476,1496,1511,1521,1525,1526,1531,1546,1556,1596,1616,1621,1626,1631,1641,1646,1651,1656,1661,1681,1691,1696,1701,1716,1731,1736,1746,1751,1752,1766,1781,1816,1817,1951,2011,2021,2026,2061,2111,2146,273970,309555,396973,398124,419459,425125,431853,493358","767,770,777,800,838,902,976,1117,1171,1241,1246,1284,1309,1337,1419,1425,1500,1545,1586,1860,2142,2533,3068,3500","1,2,3,4,5","1,2,25,35,4"
"1945 Savoy Dr, Atlanta, GA 30341","1199,1209,1219,1419,1439,1469,1629,1649,1739","756,860,947,1099,1204,1417","1,2","1,2"
"1655 Centerview Dr, Duluth, GA 30096","1038,1043,1048,1053,1063,1068,1073,1083,1088,1093,1133,1138,1178,1263,1278,1283,1288,1293,1298,1300,1303,1313,1318,1443,1468,1473","773,909,970,1142,1159,1400,1472","1,2,3","1,2"
"3350 Peachtree Industrial Blvd, Duluth, GA 30096","1120,1130,1175,1234,1250,1259,1269,1295,1319,1320,1336,1344,1355,1361,1411,1436,1495,1565,1575","798,813,1089,1146,1156,1185,1463","1,2,3","1,2"
"240 E Belle Isle Rd NE, Atlanta, GA 30342","1175,1180,1210,1235,1610,1625,1655,1660,2030,2040","723,813,1201,1378","1,2,3","1,2"
"305 Brookhaven Ave NE, Atlanta, GA 30319","1180,1225,1245,1260,1330,1440,1485,1500,1545,1825,1830,1940,1945,1980,2030,2045,2050,2135,454679,1134546","655,824,826,847,908,977,1047,1151,1246,1278","0,1,2","1,15,2"
"1160 Hammond Dr, Sandy Springs, GA 30328","1265,1300,1355,1365,1385,1415,1475,1535,1550,1575,1645,1760,1800,1810,1845,1860,1865,1870,1880,1910,1920,1955,1980","547,562,563,578,604,634,650,658,661,672,678,707,708,729,824,827,849,919,949,987,1132,1147,1156,1169,1186,1235,1257,1327,1450,1628","0,1,2,3","1,2"
"4580 Barclay Dr, Dunwoody, GA 30338","1100,1250,1290,1315,1325,1470,1660,1830","650,810,824,1116,1290","1,2","1,2"
"13125 Morris Rd, Alpharetta, GA 30004",,,,
"4883 Roswell Rd, Atlanta, GA 30342",,,,
"5555 Roswell Rd, Atlanta, GA 30342","1150,1225,1226,1239,1286,1288,1294,1297,1306,1321,1333,1340,1474,1556,1564,1700","1000,1245,1250,1500","1,2,3","1,15,2"
"7700 Colquitt Rd, Atlanta, GA 30350","1080,1155,1160,1200,1205,1220,1230,1310,1385,1415,1420,1440,1450,1505,1535,1580,1610,1625,1650,1700,1735,1800","900,950,1000,1200,1350,1425,1455,1475,1490,1525,1590","1,2,3","1,15,2,25"
"156 Bethesda Church Rd, Lawrenceville, GA 30044","1165,1175,1180,1293,1310,1325,1355,1730","840,874,1055,1255,1392,1492","1,2,3","1,15,2"
"3355 Mcdaniel Rd, Duluth, GA 30096","1048,1068,1088,1103,1108,1118,1123,1128,1138,1148,1153,1203,1218,1223,1233,1253,1263,1268,1273,1283,1293,1298,1308,1313,1318,1323,1328,1338,1353,1358,1438,1448,1603","867,954,1094,1199,1247,1381","1,2,3","1,2"
"11134 Medlock Bridge Rd, Johns Creek, GA 30097","1164,1186,1234,1242,1251,1256,1260,1273,1496,1514,1522,1536,1544,1557,1566,1824,1846,1907,1916,1929","719,724,811,1216,1229,1239,1407,1465","1,2,3","1,2"
"2370 Main St NW, Duluth, GA 30097","1196,1221,1224,1231,1250,1254,1293,1321,1401,1487,1499,1545,1633,1696,1702,1726,1809,1853,2221,71000000","649,769,770,810,859,872,916,1072,1121,1192,1200,1202,1254,1258,1261,1365,1378,1398,77076","1,2,3","1,2"
"100 Ashford Gables Dr, Dunwoody, GA 30338","1089,1114,1189,1214,1234,1393,1443,1470,1515,1540,1800","603,767,890,1050,1130,1313","1,2,3","1,2"
"9200 Roberts Dr, Sandy Springs, GA 30350","1172,1179,1187,1192,1242,1264,1353,1359,1377,1400,1410,1432,1468,33400000","834,1059,1154","1,2","1,2"
"905 Lake Union Hill Way, Alpharetta, GA 30004","1108,1140,1183,1198,1208,1218,1233,1391,1416,1431,1457,1461,1466,1471,1487,1532","750,920,1050,1330","1,2","1,2"
"3443 Kingsboro Rd NE, Atlanta, GA 30326","1510,1584,1604,1645,1802,1927,2756,377756,377806,378690,389885,389892,403171","746,764,800,811,850,900,924,931,1095,1146,1171,1250,1300,1321,1330,1500,1544,1722","1,2","1,2"
"3707 Roswell Rd NE, Atlanta, GA 30342","1140,1265,1275,1630","550,750,950","1,2","1,2"
"5000 Webb Bridge Ct, Alpharetta, GA 30009","1370,1385,1425,1465,1480,1500,1505,1510,1515","849,950,1076",2,"1,2"
"11042 Alpharetta Hwy, Roswell, GA 30076","1309,1349,1369,1374,1394,1449,1469,1474,1494,1699,1719,1749,1769,1774,1899,1919,1924,1944,2149,2169,2424,2525,2545","663,697,735,740,872,1014,1081,1124,1332,1491,1618","1,2,3","1,2"
"100 Perimeter Lofts Cir, Dunwoody, GA 30346","1293,1338,1343,1376,1386,1387,1397,1417,1443,1447,1457,1462,1466,1467,1504,1506,1527,1542,1572,1676,1686,1738,1746,1773,1818,1841,1866,59500000","259,770,819,830,839,864,882,899,1072,1152,1200,1312","1,2","1,2"
"3360 Steve Reynolds Blvd, Duluth, GA 30096",375000,,,
"3450 Roxboro Rd NE, Atlanta, GA 30326","1402,1489,1522,1532,1534,1559,1562,1567,1573,1577,1582,1593,1602,1614,1632,1633,1648,1674,1677,1693,1707,1712,1716,1717,1744,1757,2063,2073,2083,2088,2102,2191,2223,2241,2251,2375","662,747,781,811,821,827,831,839,877,886,920,1177,1264,1323,1355,1445","1,2","1,2"
"1970 Peachford Rd, Dunwoody, GA 30338","1125,1135,1145,1175,1215,1235,1250,1265,1270,1274,1285,1294,1295,1304,1339,1349,1364,1399,1575,1615,1640,1645,1660,1715,1735,2248","681,783,848,1109,1179,1204,1630","1,2","1,2"
"10840 State Bridge Rd, Johns Creek, GA 30022","1149,1169,1176,1179,1199,1443,1461,1518,1528,1538,1668,1688","837,1243,1401","1,2,3","1,2"
"7227 Peachtree Dunwoody Rd, Atlanta, GA 30328","1095,1105,1110,1130,1135,1145,1215,1230,1235,1255,1300,1305,1310,1420,1435,1485,1490,1655","600,800,1100","1,2","1,2"
"32000 Gardner Dr, Alpharetta, GA 30009","1256,1291,1324,1329,1356,1361,1369,1371,1374,1376,1379,1386,1391,1394,1399,1404,1411,1421,1426,1465,1470,1485,1489,1494,1504,1519,1524,1529,1533,1538,1539,1549,1554,1568,1569,1573,1574,1588,1594,1609,1619,1623,1638,1673,1708,1727,1728,1733,1739,1740,1748,1755,1758,1763,1773,1774,1807,1892,1925,1972,1987,2007,2017,2052,2077,2177,2202","696,843,1140,1384,1619","1,2,3","1,2,25"
"4370 Satellite Blvd, Duluth, GA 30096","1105,1110,1187,1236,1241,1244,1350,1405,1410,1420,1425,1435,1565,1585,1590,1730,1735,1740","810,946,1252,1334,1422","1,2,3","1,2"
"4600 Roswell Rd, Atlanta, GA 30342","1550,1575,1625,1675,1695,1700,1725,1750,1800,1825,1850,1900,1925,1950,2000,2050,2125,2150,2175,2225,2275,2325,2350,2400,2425,2450,2475,2480,2500,2505,2525,2550","647,652,733,766,771,837,852,857,863,923,972,985,1095,1105,1141,1147,1172,1196,1214,1246,1247,1289,1298,1340,1347","1,2","1,2"
"1590 NE Expy NE, Atlanta, GA 30329","1210,1230,1285,1310,1335,1340,1359,1384,1463,1488,1518,1528,1538,1618,1643,1814","758,959,1075,1245,1349,1586","0,1,2,3","1,2"
"2500 Pleasant Hill Rd, Duluth, GA 30096","893,908,913,918,928,933,943,948,958,963,973,1203,1213,1223,1243,1268,1288,1293,1308,1318,1323,1328,1333,1348,1363,1373,1383,1393,1408,1423","618,718,1174,1292,1311","1,2,3","1,2"
"680 Park Bridge Pkwy, Alpharetta, GA 30005","1448,1463,1492,1527,1607,1622,1649,1674,1677,1744,1806,1886,1901,1906,1926,1931,1936,2116","834,1059,1154,1336,1535,1731","1,2,3","1,2"
"225 Franklin Rd NE, Atlanta, GA 30342","1488,1501,1526,1533,1538,1558,1568,1583,1601,1623,1638,1646,1651,1655,1667,1690,1788,2096,2207,2235","640,683,769,770,780,810,859,866,868,899,902,907,1066,1196,1200,1202,1203,1268,1273,1312,1321","1,2","1,2"
"4685 Chamblee Dunwoody Rd, Dunwoody, GA 30338","1225,1520,1535,1629,519368","795,814,936,1359,1561","1,2,3","1,2"
"1760 Lakes Pkwy, Lawrenceville, GA 30043","1363,1366,1375,1381,1425,1445,1453,1457,1482,1485,1489,1501,1545,1553,1573,1600,1637,1650,1654,1660,1699,2071,2106,2120,2149,2201,49600000","742,754,793,816,821,879,1074,1163,1178,1180,1181,1220,1237,1265,1364,1366,2392","1,2,3","1,2"
"1213 Avalon Blvd, Alpharetta, GA 30009","1582,1652,1670,1720,1745,1752,1800,2051,2268,2412,3167,4410","812,840,896,908,1155,1161,1257,1537,1713,1728","1,2","1,2,25"
"1525 Station Center Blvd, Suwanee, GA 30024","1190,1200,1250,1283,1339,1351,1366,1374,1381,1433,1438,1453,1490,1540,1545,1775,1780,1835","803,840,843,921,1071,1149,1230,1278,1445,1489,1514","1,2,3","1,2"
"3471 N Druid Hills Rd, Decatur, GA 30033","1146,1148,1225,1318,1337,1341,1353,1361,1362,1375,1385,1883,1892","860,1005,1270,1355","1,2,3","1,2"
"3000 Briarcliff Rd NE, Atlanta, GA 30329","1119,1189,1199,1259,1279,1319,1429,1449,1469,1499,1509,1749,1839","650,740,839,1067,1182,1335","1,2,3","1,2"
"5610 Glenridge Dr, Sandy Springs, GA 30342","1365,1370,1410,1530,1640,1645,1680,1705,1715,1755,1582993","651,720,750,824,942,1130,1147,1151,1195,1207,1212,1240,1396,1421,1483,20000","1,2,3","1,2,25"
"5470 Glenridge Park NE, Sandy Springs, GA 30342","1200,1205,1215,1220,1270,1280,1290,1310,1435,1445,1455,1535,1545,1900","754,848,880,1078,1208,1450","1,2,3","1,2"
"4867 Ashford Dunwoody Rd, Dunwoody, GA 30338","1023,1078,1093,1101,1253,1338,1363,1403,1522,1534,1572,1589,1594,1619,1673,1698","588,650,826,1060,1206,1452,1521","0,1,2,3","1,2"
"2605 Meadow Church Rd, Duluth, GA 30097","1215,1225,1282,1292,1297,1374,1422,1435,1444,1487,1489,1508,1539,1559,1564,1615,1630,1631,1762,1772,1802,1890,2065,2118,2391,2575","677,843,1127,1335,1362,1381,1599,2172","1,2,3,4","1,2,25"
"10055 Jones Bridge Rd, Johns Creek, GA 30022","1380,1420,1485,1490,1530,1610,1620,1645,1655,1730,1815","1038,1237,1266,1476","1,2,3","1,2"
"1460 Distribution Dr, Suwanee, GA 30024","1189,1194,1209,1231,1236,1245,1271,1276,1321,1331,1366,1371,1376,1381,1386,1446,1514,1601,1626,1633,2522,2528","649,752,819,964,1074,1136,1314","1,2,3","1,2"
"18000 Masters Way, Alpharetta, GA 30005","1270,1324,1347,1384,1399,1417,1446,1467,1468,1487,1493,1530,1544,1545,1555,1574,1594,1705,1789,1935,1965","824,954,1121,1226,1457","1,2,3","1,2"
"1125 Hammond Dr, Atlanta, GA 30346","1350,1360,1370,1420,1430,1435,1465,1482,1487,1492,1497,1512,1517,1522,1742,1815,1817,1822,1827,1830,1832,1842,1850,1853,1870,1877,1880,1882,1912,1917,1920,1930,1955,1960,1962,2017,2035,2050,2177","638,657,700,795,798,984,1020,1045,1055,1062,1109,1140,1193,1200,1356","1,2","1,2"
"50 Estuary Trl, Alpharetta, GA 30005","1310,1335,1340,1350,1355,1360,1370,1395,1425,1430,1440,1445,1460,1465,1470,1485,1520,1530,1590,1655,1700,1725,1755","890,1186,1491","1,2,3","1,2"
"6210 Peachtree Dunwoody Rd, Atlanta, GA 30328","1246,1266,1367,1372,1377,1420,1439,1461,1521,1578,1613,1628,1638,1692,1702,1728,1830,2067,2169,2179","778,933,1145,1294,1429,1574","1,2,3","1,2"
"13201 Deerfield Pkwy, Alpharetta, GA 30004","1079,1114,1249,1314,1319,1334,1344,1438,1468,1478,1488,1518","826,892,1088,1238","1,2","1,2"
"1796 Satellite Blvd, Duluth, GA 30097","1168,1180,1263,1278,1398,1402,1421,1456,1526,1775","745,831,1088,1192,1402,6470","1,2,3","1,2"
"4777 Ashford Dunwoody Rd, Atlanta, GA 30338","935,1010,1020,1025,1030,1070,1080,1095,1115,1120,1180,1185,1450,1455,1480,1500,1555,1585,1600,1605,1620,1675,1695,1805,1915","550,554,567,755,975,980,1023,1134,1223,1263,1284,1320,1338,1410,1423,1462,1465,1624","1,2,3","1,2"
"4120 Peachtree Rd NE, Atlanta, GA 30319","1170,1180,1205,1230,1235,1275,1290,1370,1385,1395,1420,1555,1655,1660,1665,1670,1700,1710,1715,1730,1780,1825,1850,1865,2005,2015,2020,2030,2135","595,601,711,835,852,882,889,906,929,957,1221,1234,1240,1313,1314,1326,1332,1418,1552,1582,1640,1642","1,2,3","1,2"
"1020 Lenox Park Blvd NE, Atlanta, GA 30319","1220,1230,1240,1260,1265,1315,1320,1365,1370,1385,1390,1420,1425,1440,1445,1460,1480,1505,1515,1530,1535,1540,1600,1630,1640,1645,1650,1655,1660,1670,1675,1685,1690,1695,1700,1715,1770,1855,1890","658,799,814,850,887,1136,1214,1246,1274,1398,1444,1544","1,2,3","1,2"
"3575 Peachtree Industrial Blvd, Duluth, GA 30096","1094,1134,1149,1159,1172,1303,1318,1323,1328,1338,1372,1385,1405,1463,1485,1528,1626,231573","1000,1061,1256,1312,1325,1494","1,2,3","1,2"
"1 Chatfield Dr, Stone Mountain, GA 30083","925,1050,1150,1200,1400","780,1000,1050,1260,1450","1,2,3","1,15,25"
"100 Woodiron Dr, Duluth, GA 30097","1115,1125,1130,1135,1140,1150,1160,1165,1170,1180,1350,1355,1360,1370,1385,1405,1415,1430,1455,1460,1575,1610,1650,1690","680,759,883,1167,1188,1401","1,2,3","1,2"
"9401 Roberts Dr, Sandy Springs, GA 30350","1199,1265,1395,1545,2250","917,982,1000,1361,1370,1511,1657,1904,2202","1,2,3","1,15,2,25,3"
"11201 State Bridge Rd, Alpharetta, GA 30022",,"928,1278,1297,1448,1476","1,2,3","1,2,25"
"31 Perimeter Ctr, Atlanta, GA 30346","1374,1431,1602,1617,1662","756,1102,1209,1239,1473","1,2","1,2"
"1265 Mount Vernon Hwy, Atlanta, GA 30338","1413,1463,1467,1478,1491,1498,1589,1738,1756,1766,1777,1816,1857,1968,2089,2139,2290,2329","779,854,1114,1170,1230,1560","1,2,3","1,2"
"900 Jameson Pass, Alpharetta, GA 30022","1388,1398,1403,1591,1615,1631,1660,1680,1721,1726,1736,1801","837,1243,1401","1,2,3","1,2"
"1000 Gables Way, Atlanta, GA 30329","1473,1492,1498,1502,1552,1559,1569,1623,2441","1168,1273,1512","2,3","2,25"
"30 S Clayton St, Lawrenceville, GA 30046","1175,1200,1210,1225,1235,1275,1300,1325,1335,1350,1360,1375,1390,1395,1400,1410,1415,1425,1440,1445,1500,1510,1535,1550,1585,1600,1610,1615,1625,1635,1640,1665,1675,1700,1710,1725,1735,1750,1760,2000,2010,2035,2100,2210,2235,2260,2385","611,622,670,713,781,807,828,905,995,1009,1090,1163,1268,1340,1375","1,2,3","1,2"
"4011 Roswell Rd NE, Atlanta, GA 30342","1484,1494,1500,1552,1891,2061,2096,2128,2152,2296","721,757,820,1070,1305,1408","1,2","1,25"
"1045 Old Peachtree Rd NW, Suwanee, GA 30024","1260,1290,1365,1385,1390,1605,1700,1705,1825,1855,2140","754,774,1117,1246,1337,1419,1545","1,2,3","1,2"
"60 Perimeter Center Pl, Atlanta, GA 30346","1298,1392,1402,1404,1409,1414,1429,1469,1476,1484,1488,1538,1539,1554,1568,1584,1596,1610,1630,1661,1666,1686,1696,1746,1828,1833,1868,1888,1943,1958,1988,2033,2053,2088,2178,2198","685,762,825,931,961,971,990,1011,1102,1185,1206,1231,1261,1305,1325,1335,1339,1345,1356,1496","0,1,2","1,2"
"6400 Blue Stone Rd, Sandy Springs, GA 30328",2128,"689,1055,1075","1,2","1,2"
"400 Buford Hwy, Suwanee, GA 30024","1295,1425,1475,1500,1525,1550,1575,1645,1865,1890,1999","534,546,709,775,785,789,800,825,900,922,1076,1124,1207,1469","0,1,2,3","1,2"
"2432 Johnson Ferry Rd NE, Atlanta, GA 30341","1404,1419,1425,1443,1449,1454,1531,1558,1576,1583,1594,1602,1644,1683,1706,1836,1841,1851,1927,1981,1989,2014,2188,2254,2270,2295","742,868,891,992,994,1224,1338,1446","1,2,3","1,15,2"
"10970 Bell Rd, Duluth, GA 30097",,,,
"3450 Miller Dr, Chamblee, GA 30341","1310,1330,1355,1380,1665,1900,2050","834,930,1208,1302","1,2","1,2"
"3450 Blair Cir NE, Atlanta, GA 30319","1346,1425,1466,1467,1468,1471,1494,1504,1520,1546,1579,1873,1988,2091,2111,2123,2505","582,631,632,728,737,769,770,823,859,872,1072,1121,1157,1192,1194,1200,1201,1202,1254,1261,1307,1319,1336","1,2","1,2"
"7165 Avalon Blvd, Alpharetta, GA 30009","1699,1759,1771,1789,1791,1816,1844,1863,1864,1866,1876,1882,1900,1909,1914,1923,1964,1989,2089,2185,2521,2596,2638,2681,2722,2862,2956,2992,3599,3606","769,803,823,857,876,878,884,885,912,1173,1222,1262,1280,1283,1288,1358","1,2","1,2"
"3421 Northlake Pkwy NE, Atlanta, GA 30345","1189,1193,1229,1308,1324,1328,1333,1338,1339,1343,1359,1368,1386,1401,1421,1441,1521,1556,1571,1586,1611","725,866,909,925,1165,1256,1310","1,2","1,2"
"5070 Peachtree Blvd, Chamblee, GA 30341","1469,1499,1558,1568,1597,1598,1601,1617,1627,1640,2129,2214,2221,2234,2244,2254,2274,2301,2304,2611","550,568,570,696,700,734,753,764,772,776,777,792,1053,1111,1155,1166,1167,1297,1381,1437,1594","0,1,2,3","1,2"
"100 Calibre Creek Pkwy, Roswell, GA 30076","1128,1132,1136,1156,1166,1173,1190,1191,1209,1221,1224,1228,1242,1252,1264,1282,1297,1303,1314,1328,1332,1335,1342,1344,1347,1350,1355,1358,1372,1373,1375,1377,1387,1402,1403,1433,1439,1441,1451,1477,1479,1483,1485,1487,1488,1493,1504,1512,1514,1526,1527,1542,1552,1562,1563,1566,1581,1585,1599,1603,1604,1614","710,761,860,1127,1180,1270,1300","1,2,3","1,2"
"6500 Halcyon Way, Alpharetta, GA 30005","1499,1509,1519,1539,1544,1549,1554,1559,1564,1569,1579,1589,1599,1609,1619,1629,1634,1639,1649,1659,1669,1679,1684,1689,1694,1699,1700,1704,1709,1719,1724,1729,1734,1739,1749,1750,1759,1774,1814,1880,1919,1950,2000,2050,2100,2194,2200,2209,2219,2250,2259,2269,2299,2304,2314,2329,2339,2359,2369,2379,2384,2389,2399,2400,2404,2409,2410,2414,2419,2420,2424,2430,2434,2439,2450,2460,2469,2470,2479,2480,2490,2499,2500,2509,2519,2529,2530,2539,2550,2579,2589,2600,2850,3000,3300,3350,3400,3450,599000,599900,659900,750000","603,683,706,735,752,754,779,812,821,867,877,923,962,972,985,1024,1029,1044,1082,1086,1131,1132,1153,1167,1168,1183,1188,1206,1361,1416,2404","1,2,3","1,2,3"
"4150 Ashford Dunwoody Rd, Brookhaven, GA 30319","1258,1271,1280,1294,1321,1323,1346,1355,1381,1389,1399,1411,1413,1424,1426,1441,1464,1471,1477,1493,1498,1512,1525,1533,1538,1561,1565,1571,1574,1584,1601,1625,1651,1783,1796,1798,1816,1825,1829,1868,1877,1964,1968,1978,1983,1991,1999,2012,2020,2039,2043,2046,2056,2062,2064,2066,2072,2073,2083,2086,2089,2092,2099,2100,2106,2120,2126,2133,2160,2185,2187,2198,2225,2233,2243,2260,2480,2525,2538,2551,2623,2859,2886,2912,2939,2971","524,702,737,765,772,777,836,864,1066,1074,1136,1182,1185,1247,1253,1272,1305,1314,1414,1457,1646","0,1,2,3","1,2"
"5251 Peachtree Blvd, Chamblee, GA 30341","1835,1840,1844,1858,1920,1951,1956,1961,1966,1971,1976,1981,1986,1991,1997,2001,2003,2006,2010,2012,2015,2017,2021,2023,2029,2032,2036,2037,2043,2046,2051,2052,2061,2067,2073,2077,2082,2083,2087,2091,2092,2097,2106,2108,2111,2121,2124,2126,2131,2141,2146,2150,2160,2161,2170,2171,2176,2185,2186,2190,2191,2201,2205,2225,2255,2265,2273,2278,2283,2298,2337,2342,2347,2352,2357,2362,2372,2377,2392,2422,2432,2561,2601,2631,2641,2643,2648,2663,2737,2757,2777,2936,2946,2956,2976","812,834,836,876,905,925,930,1132,1301,1366,1473,1613","1,2","1,2"
"310 Bedford Bay Ln, Lawrenceville, GA 30046",1000,2320,2,3
"1635 Pirkle Rd, Norcross, GA 30093","855,905,1075,1125,1195,1215,1265,1470","670,722,760,916,1024,1036,1232,1250","1,2,3","1,2"
"4400 Pleasant Hill Rd, Duluth, GA 30096","1103,1113,1123,1133,1278,1313,1318,1323,1373,1388,1413,1418,1428,1433,1438,1468,1483,1503,1558,1568,1578,1593","915,1276,1295,1305,1457","1,2,3","1,2"
"150 Rockberry Ln, Alpharetta, GA 30005","1205,1225,1388,1398,1445,1491,1511","760,960,1100","1,2","1,2"
"1525 Grayson Hwy, Grayson, GA 30017","1074,1124,1132,1134,1338,1413,1428,1568,1645,1655,1665,1715,1811,1861","687,899,1064,1283,1485,1599,1882","1,2,3","1,2,25"
"2325 Woodcrest Walk, Lithonia, GA 30058","775,799,825,845,899,1049","573,652,1003","1,2","1,2"
"909 Natchez Trce, Atlanta, GA 30350","1250,1550,95000,108000,112000,112500,115000,118147,118600,120000,124000,127000,127500,127550,128000,129098,129900,132000,132900,133000,134000,134900,135000,135370,135622,135869,135920,135965,136091,136200,136400,136466,136546,136638,137012,137788,138000,140000,142000,144343,144589,150000,151000,154698,154736,154862,155408,155498,155649,155855,155900,156607,156773,156819,156875,156941,157077,157156,157187,157271,157398,157432,157490,157505,157514,157573,157687,157729,158106,158465,159900,163000,165000,167500,167734,168000,168193,168201,168336,168423,168435,168583,169123,173550,181438,223180,234679,286774,298430,312356","1010,1100,1102,1121,1124,1125,1126,1127,1150,1185,1255,1300,1320,1380","2,3","1,2"
"6330 Peachtree Dunwoody Rd, Atlanta, GA 30328",,,,
"3329 Old Milton Pkwy, Alpharetta, GA 30005",,249,0,1
"3430 Venture Pkwy, Duluth, GA 30096",,,,
"Peachtree Rd NE, Atlanta, GA 30326","1499,1850","750,760",1,1
"47 Spalding Trce, Atlanta, GA 30328","1150,1210,1215,1230,1260,1340,1395,1405,1450,1610,1615","933,1222,1438","1,2,3","1,2"
"100 Autumn Ridge Trl, Roswell, GA 30076","1265,1389,1499,1529,1539","872,892,1232","1,2","1,2"
"3400 Stratford Rd NE, Atlanta, GA 30326","1105,1110,1355,1415,1425,1460,1480,1590,1600,1610,1635,1655,1670,1680,1780,1785,1895,1900,2250","707,713,801,841,880,905,929,955,1013,1055,1059,1080,1138,1146,1149,1151,1152,1161,1169,1210,1211,1234,1236,1247,1253,1274,1303,1341,1429,1536","0,1,2,3","1,2,3"
"3400 Kimball Bridge Rd, Alpharetta, GA 30022","1050,1075,1298,1335,1345,1408,1495,1505,1592,1602,1617,1632,1642","750,933,950,1157,1247,1377","1,2,3","1,2"
"2805 NE Expy NE, Atlanta, GA 30345","126,950,47000,53000,54300,66500,67100,70799,71000,72655,74162,74394,74623,74685,75128,75141,75145,75147,75148,75149,75175,75189,75196,75417,75705,75772,77246,175723,364854,372733,374768,378939,379480,380521,380733,383245,403791","525,528,529,554,584,600,626",1,1
"213 Granville Ct, Atlanta, GA 30328","1295,1500,95000,98600,105000,108000,110000,110450,114000,115000,116000,117500,118900,120587,121900,122000,123878,124000,124900,125000,125500,126000,127000,127900,129000,130000,130345,132000,135000,136500,136527,136538,136589,136733,136753,136777,136804,136845,136853,136884,136894,136929,136955,136975,137000,137052,137089,137141,137177,137178,137193,137277,137500,137567,137659,138000,138290,138500,139000,140000,140500,141000,141161,142000,142287,142561,143000,143826,147000,148000,148644,156957,157718,159235,159474,160000,163900,165000,167812,168000,170000,171825,175000,185000,195000,196347,197554,198000,198395,198582,198867,199098,199112,199131,199320,199442,199448,199492,199511,199917,200465,203500,206066,207900,211500,219000,318645,318772,321677,360729,363066,364725,365079","627,629,630,701,710,711,724,800,840,1032,1095,1187,1200","0,1,2","1,2"
"3386 Lansbury Village Dr, Atlanta, GA 30341","394805,419050,419443,419601","925,1034,1554,1995","2,3,4","1,2,25"
"1400 Herrington Rd, Lawrenceville, GA 30044","1016,1036,1041,1056,1061,1076,1081,1086,1091,1096,1101,1106,1186,1191,1211,1221,1226,1231,1241,1246,1256,1266,1271,1286,1306,1396,1446,1471,1491,1691,1801","918,1272,1512","1,2,3","1,2"
"4025 Arc Way, Norcross, GA 30093","879,1009,1019,1039,1059,1119,1134,1219,1289","685,803,910,1027,1128,1285","1,2,3","1,2"
"3355 Sweetwater Rd, Lawrenceville, GA 30044","809,957,999,1007,1092,1251,1265,1268,1281,1381","649,767,854,1102,1182,1394","1,2,3","1,2"
"3100 Sweetwater Rd, Lawrenceville, GA 30044","910,945,950,980,985,1025,1030,1035,1050,1055,1060,1100,1130,1140,1170,1175,1220,1245,1250,1290,1305","750,825,920,1050,1125,1130,1330","1,2","1,2"
"1420 S Hairston Rd, Stone Mountain, GA 30088","736,757,760,781,813,814,834,836,869,953,978,983,1003,1016,1020,1025,1033,1049,1050,1082,154858","647,860,889,1018,1157,1307,1365,1375","1,2","1,2,25"
"3250 Mercer University Dr, Chamblee, GA 30341",,735,1,1
"1100 Indian Trail Lilburn Rd, Norcross, GA 30093","900,925,935,950,965,975,980,995,1015,1025,1030,1045,1070,1075,1095,1100,1105,1125,1140,1160,1170,1180,1185,1195,1200,1300,1340,1350,1365,1375,1380,1385,1400,1460","646,749,752,753,828,874,990,1077,1081,1126,1155,1351","1,2,3","1,2"
"700 Summit Place Dr, Sandy Springs, GA 30350",339406,"767,972","1,2","1,2"
"1450 Raintree Dr, Roswell, GA 30076","980,1205,1215,1220,1235,1320,1325,1355,1440,1580,1585","900,1026,1236,1305,1825,1925","1,2,3,4","1,15,2,25"
"2700 Summit Creek Dr, Stone Mountain, GA 30083","851,872,880,922,943","776,972,988",1,"1,15"
"3800 Club Dr, Duluth, GA 30096","932,937,942,951,957,962,967,987,1037,1212,1222,1237,1251,1257,1287,1352,1402","550,610,720,1130,1245,1250,1300","0,1,2","1,2"
"8085 Adair Ln, Sandy Springs, GA 30350","930,940,960,1000,1030,1060,1095,1120,1125,1130,1145,1155,1165,1170,1175,1180,1195,1200,1205,1210,1215,1220,1230,1235,1245,1255,1270,1280,1285,1315,1375,1385,1410","614,716,726,754,771,843,884,897,917,959,1018,1029,1072,1141,1153,1172,1237,1241","1,2","1,2"
"3525 Club Dr, Lawrenceville, GA 30044","1025,1051,1086,1092,1130,1143,1155,1208,1246,1266,1278,1281,1288","600,700,850,1050","1,2","1,2"
"4000 Mcginnis Ferry Rd, Suwanee, GA 30024","1026,1088,1144,1145,1200,1210,1296,1358,1435,1504,1540,1549,1613","750,881,1121,1229,1363,1548,1549","1,2,3","1,2"
"5130 E Ponce De Leon Ave, Stone Mountain, GA 30083","802,824,844,882,883,884,902,1016,1048,1188,1192,1193,1204,1208,1214","558,630,719,919,1005,1255","0,1,2,3","1,2"
"2203 Plaster Rd NE, Atlanta, GA 30345","965,1000,1345,1535,1565,1760,1810","900,1142,1175,1192,1375","1,2,3","1,2"
"1000 Pleasantdale Xing, Atlanta, GA 30340",,853,1,1
"4255 Smokecreek Pkwy, Snellville, GA 30039","114000,116921,117465,117500,118037,122699,127560,128956,129304,129369,129832,130689,131561,131775,132150,132262,132483,133530,134407,134424,134607,134611,134701,135000,135272,135544,135652,135654,136250,136487,137645,137661,140000,140527,140732,141084,141472,146022,152715,154268,154533,154800,154821,154841,155000,170262","576,624,672,728,784,816,828,840,854,896,920,924,928,952,960,980,1008,1056,1064,1088,1116,1120,1152,1196,1200,1216,1232,1248,1260,1280,1296,1344,1456,1488,1512,1539,1560,1568,1584,1620,1647,1664,1680,1716,1740,1782,1792,1848,1872,1960,1976,2048,2052,2128","0,2,3,4","1,2"
"5159 W Mountain St, Stone Mountain, GA 30083",,"800,950","1,2",1
"260 Northern Ave, Avondale Estates, GA 30002",,,,
"1900 Glenn Club Dr, Stone Mountain, GA 30087",,,,
"100 Castle Club Dr, Stone Mountain, GA 30087",123330,1300,3,2
"1750 Briarwood Rd NE, Atlanta, GA 30329",,,,
"1900 Tree Mountain Pkwy, Stone Mountain, GA 30083",,1146,2,2
"1800 Hampton Xing, Norcross, GA 30093",,853,3,2
"1405 Beaver Ruin Rd, Norcross, GA 30093",,,,
"777 Valleybrook Xing, Decatur, GA 30033",315032,1170,2,2
"5259 Terrace Bend Pl, Peachtree Corners, GA 30092","2750,2800,238771,342643,344979,345340,376785,377829,379960,380470,384180,385000,385900,386606,386625,386750,388185,388320,388750,388960,389590,389660,389900,390000,390635,390735,392270,392830,393000,394065,394510,394585,394645,394760,395488,395500,396081,397420,398185,398840,398975,399000,399120,399390,399900,399945,401235,402425,402540,402705,402948,403900,404000,404895,405880,406370,407265,409865,410465,410795,416030,416761,419000,429080,429950,430525,433355,434270,435950,436280,438255,439925,441030,446300,459475","2069,2070,2071,2404,2407,2417,2514,2680","3,4","3,35,4"
"6412 Mountain Home Way SE, Mableton, GA 30126","1675,1700,181729,204900,308129","1371,1430,1432","3,4","2,25,3"
"393 5th St NE, Atlanta, GA 30308","5000,6000,6500,235000,305000","1374,1466,1900,2900","2,3","2,3"
