﻿微博id,微博正文,原始图片url,微博视频url,发布位置,发布时间,发布工具,点赞数,转发数,评论数
IBW0Iyfmd,#横冲直撞20岁#炸串潮流单品一戴，大厨杨又上线啦@腾讯视频横冲直撞20岁 @火箭少女101官博  [组图共2张] 原图 ,"http://ww2.sinaimg.cn/large/006a0Rdhgy1gdj1ptowahj32bc3vyhdw.jpg,http://ww2.sinaimg.cn/large/006a0Rdhgy1gdj1pq87z8j32hl3qd4qq.jpg",无,无,2020-04-05 18:02,iPhone XR,187341,103496,11121
IBDAKlAlp,等风～等你🚗  [组图共6张] 原图 ,"http://ww4.sinaimg.cn/large/006a0Rdhly1gdgsegh5wtj311a0ov7qo.jpg,http://ww2.sinaimg.cn/large/006a0Rdhly1gdgsegvfoyj30tz12hqu4.jpg,http://ww1.sinaimg.cn/large/006a0Rdhly1gdgsehjjx1j311a1gsb29.jpg,http://ww4.sinaimg.cn/large/006a0Rdhly1gdgseixfcjj311a1gs4qq.jpg,http://ww2.sinaimg.cn/large/006a0Rdhly1gdgsejcq2pj30u016g7ll.jpg,http://ww4.sinaimg.cn/large/006a0Rdhly1gdgseg1rqrj311a1gse82.jpg",无,无,2020-04-03 19:09,iPhone XS Max,345958,466367,25220
IBtOisl4R,我就是那可爱的小黄花😘#杨超越#  [组图共4张] 原图 ,"http://ww4.sinaimg.cn/large/006a0Rdhly1gdfl59njoxj311a1gse82.jpg,http://ww1.sinaimg.cn/large/006a0Rdhly1gdfl56d808j30u016gque.jpg,http://ww4.sinaimg.cn/large/006a0Rdhly1gdfl5ch758j311a1gs1ky.jpg,http://ww3.sinaimg.cn/large/006a0Rdhly1gdfl893mw0j311a1gsdrp.jpg",无,无,2020-04-02 18:15,iPhone XS Max,279842,225103,19725
IBj9knYCB,我🤷♀️不知道怎么说了，真的太失望了……我从来没有想过我们会是这样的结果！！算了～就这样吧。  [组图共4张] 原图 ,"http://ww3.sinaimg.cn/large/006a0Rdhly1gdea09f2bxj30e20e8wec.jpg,http://ww2.sinaimg.cn/large/006a0Rdhly1gdea09ahzhj30e20e8wec.jpg,http://ww1.sinaimg.cn/large/006a0Rdhly1gdea09no25j30e20e8wec.jpg,http://ww1.sinaimg.cn/large/006a0Rdhly1gdea09r3bhj30e20e8wec.jpg",无,无,2020-04-01 15:06,iPhone XS Max,234117,156484,15451
IBbapBFZ2,我吃饭了！最爱的苦瓜，对了最近香椿芽可以吃了好像。  [组图共2张] 原图 ,"http://ww4.sinaimg.cn/large/006a0Rdhly1gddatjbw8ij30u0140qg8.jpg,http://ww1.sinaimg.cn/large/006a0Rdhly1gddavecb4lj31400u0dqx.jpg",无,无,2020-03-31 18:47,iPhone XS Max,195991,257081,16472
IB3aPtGb1,只能看不能吃，舌侧太磨舌了刮舌头啊……不过牙好像真的齐了很多。（店里人不多，用餐只有两人，吃完就戴口罩撤了！饭前洗手了。）素颜的我真的丑  [组图共2张] 原图 ,"http://ww3.sinaimg.cn/large/006a0Rdhly1gdcbkfeiq3j30u00u01kx.jpg,http://ww4.sinaimg.cn/large/006a0Rdhly1gdcbbmg4zyj31o0280e83.jpg",无,无,2020-03-30 22:26,iPhone XS Max,273312,181531,17454
IASBnD5XR,今晚跟海风少女一起去海上云度假吧#横冲直撞20岁# 绿洲  [组图共9张] 原图 ,"http://ww1.sinaimg.cn/large/006a0Rdhgy3gdb0yoqcglj30zk0zktun.jpg,http://ww3.sinaimg.cn/large/006a0Rdhgy3gdb0yosgx0j30zk0zk7td.jpg,http://ww4.sinaimg.cn/large/006a0Rdhgy3gdb0yoz4i3j30zk0zknfa.jpg,http://ww4.sinaimg.cn/large/006a0Rdhgy3gdb0ype5ayj30zk0zkdxl.jpg,http://ww2.sinaimg.cn/large/006a0Rdhgy3gdb0ypl7k2j30zk0zkkd7.jpg,http://ww2.sinaimg.cn/large/006a0Rdhgy3gdb0ypq9xtj30zk0zkx3h.jpg,http://ww2.sinaimg.cn/large/006a0Rdhgy3gdb0yq5l91j30zk0zk1ea.jpg,http://ww3.sinaimg.cn/large/006a0Rdhgy3gdb0yqah3ij30zk0zke2b.jpg,http://ww2.sinaimg.cn/large/006a0Rdhgy3gdb0yqdq4uj30zk0zknfk.jpg",无,无,2020-03-29 19:31,绿洲APP,287661,337347,14961
IASaZtyKl,“海笑”是啥今晚八点锁定#横冲直撞20岁# 揭晓答案@火箭少女101官博 @腾讯视频横冲直撞20岁  [组图共2张] 原图 ,"http://ww1.sinaimg.cn/large/006a0Rdhgy1gdaz30v1m2j32bc3vyx6q.jpg,http://ww3.sinaimg.cn/large/006a0Rdhgy1gdaz3338jlj30zu1hr7wh.jpg",无,无,2020-03-29 18:26,iPhone XR,207662,154096,11063
IAyDxycur,分享图片 绿洲  [组图共2张] 原图 ,"http://ww3.sinaimg.cn/large/006a0Rdhgy3gd8ktjkxifj30zk0zk4m6.jpg,http://ww4.sinaimg.cn/large/006a0Rdhgy3gd8ktmqkllj30zk0zknn2.jpg",无,无,2020-03-27 16:41,绿洲APP,180009,186112,14695
IAohts7uK,🌌牙疼  原图 ,http://wx1.sinaimg.cn/large/006a0Rdhly1gd7b2rvxa4j30u0140k2w.jpg,无,无,2020-03-26 14:20,iPhone XS Max,275121,198618,15881
IA7foyRjJ,宅家的日子，除了吸猫追剧，我也有在认真保养肌肤噢~要让自己随时保持最佳状态，才能#摘金焕美做女王#！还好我有AHC大长金眼霜@AHC中国 ，黄金高机能肽搭配闪亮金箔，全脸可用，让我的肌肤状态时刻在线，整“妆”待发！【http://t.cn/A6zNX5kH】#聚划算欢聚日#欢聚三月，春暖花开，3月26日晚9点，我在AHC官方旗舰店直播间等你哦～@聚划算 AHC爱和纯的优酷视频                                 ,无,无,无,2020-03-24 18:58,iPhone XR,175618,196133,15798
IzN57xnwG,#横冲直撞20岁##火箭少女穿泰国校服# 过山车?我会怕？今晚 八点跟我一起开启没有遗憾的旅程吧！@腾讯视频横冲直撞20岁 @火箭少女101官博  [组图共2张] 原图 ,"http://ww3.sinaimg.cn/large/006a0Rdhgy1gd2qvds911j32bc3vyx6t.jpg,http://ww3.sinaimg.cn/large/006a0Rdhgy1gd2qvb8j9oj32hl3qdnpd.jpg",无,无,2020-03-22 15:38,iPhone XR,157309,114192,12181
IzGV94edh,自己设计的创意美甲  [组图共2张] 原图 ,"http://ww1.sinaimg.cn/large/006a0Rdhly1gd1znc5j7uj31ho1zke84.jpg,http://ww4.sinaimg.cn/large/006a0Rdhly1gd1znfqd4zj31zk1hoe86.jpg",无,无,2020-03-21 23:56,iPhone XS Max,218804,241859,15079
IztcfDV6z,不知道发什么，啊我的耳洞看到了么。  [组图共6张] 原图 ,"http://ww1.sinaimg.cn/large/006a0Rdhly1gd0ay6oataj31o0280npe.jpg,http://ww1.sinaimg.cn/large/006a0Rdhly1gd0ay4iiwbj31o0280qv6.jpg,http://ww4.sinaimg.cn/large/006a0Rdhly1gd0ay8bwa6j31o0280npe.jpg,http://ww2.sinaimg.cn/large/006a0Rdhly1gd0ayai71rj31sc2dsnpd.jpg,http://ww3.sinaimg.cn/large/006a0Rdhly1gd0b078lywj33402c07wj.jpg,http://ww4.sinaimg.cn/large/006a0Rdhly1gd0b2wh73hj31o02807wi.jpg",无,无,2020-03-20 13:00,iPhone XS Max,193419,238412,15747
IzrZhwHtN,和朋友玩吃鸡说有我的挂件我说别动让我开倍镜看看。绝了太酷了。  原图 ,http://wx4.sinaimg.cn/large/006a0Rdhly1gd05r0d7o6j31du0rs4qp.jpg,无,无,2020-03-20 09:55,iPhone XS Max,0,0,0
IzkifuLdu,最爱穿的裤子找不到了我翻的满头大汗什么也没找到，反而翻出一堆奇怪的衣服土到爆炸那种，我太难了真的太难了  ,无,无,无,2020-03-19 14:20,iPhone XS Max,236263,225629,14622
IyKsj2I05,#横冲直撞20岁#这次我们全都美美哒，妙龄少女海上冲浪哈哈哈~今晚 八点，@腾讯视频横冲直撞20岁 第二季，一起感受“战狼女团”的蜕变吧！@火箭少女101官博 很高兴认识你  [组图共2张] 原图 ,"http://ww1.sinaimg.cn/large/006a0Rdhgy1gcutkf96dcj32bc3vy7wm.jpg,http://ww3.sinaimg.cn/large/006a0Rdhgy1gcutkg9ur9j30u0190797.jpg",无,无,2020-03-15 19:06,iPhone XR,180768,136224,12781
IyyXzmjon,#云告白烟火秀# ooOoo突然冒泡！是想你们的信号！想要在这个情人节，为你爱的人定制告白烟火、共享乐事吗？今晚   7点快来@乐事官方微博 乐事薯片直播间http://t.cn/A6z7iCfS看云告白烟火秀，查收我对你的告白讯息！用沃尔玛到家，也可以买到元气十足的气泡薯片，甜到冒泡吧！  原图 ,http://wx1.sinaimg.cn/large/006a0Rdhgy1gctet6y7lgj31ef0u0b29.jpg,无,无,2020-03-14 13:50,iPhone XR,184619,209939,14884
IxE8f2KVT,破案了其实是我家猫真的刚成年爱耍酷，这里我还是要说一句吸烟有害健康，猫已经在打了。是我嚣张了，有了还要花钱撤所以误会误会  原图 ,http://wx2.sinaimg.cn/large/006a0Rdhly1gcmftwfrd5j30pp1kxn87.jpg,无,无,2020-03-08 13:10,iPhone XS Max,294580,183097,13824
IxDI4tJlA,#火箭少女 云拥抱# #致可爱的你##微博宅Live# Hi～节日快乐，来抱一抱，抱一抱心情好！ 微博视频 #火箭少女 云拥抱#  ,无,无,无,2020-03-08 12:05,微博视频,209487,287954,12339
Ix9L9rQHO,前两天你就是放这首歌骚扰我，哈哈我摊牌了我时差倒过来了 火箭少女101_杨超越的微博视频  ,无,"http://f.video.weibocdn.com/oPwe1IVRlx07Bs9lhm3K010412004Uyl0E010.mp4?label=mp4_hd&template=480x632.25.0&trans_finger=62b30a3f061b162e421008955c73f536&Expires=1586165190&ssig=9r9I2xO6CW&KID=unistore,video",无,2020-03-05 07:51,iPhone XS Max,189882,195523,15037
IwN8A119c,我以后买房，想找房似锦买房  ,无,无,无,2020-03-02 22:15,iPhone XS Max,373098,246800,20229
IwCBxD7M0,每天就是线上狼人杀要么就是翻倒以前粉丝送的书闲到突然想上学了  [组图共4张] 原图 ,"http://ww1.sinaimg.cn/large/006a0Rdhly1gcenfamx71j33402c04qq.jpg,http://ww2.sinaimg.cn/large/006a0Rdhly1gcenfcaqspj32c0340x6q.jpg,http://ww2.sinaimg.cn/large/006a0Rdhly1gcenf976j1j31o0280b2a.jpg,http://ww3.sinaimg.cn/large/006a0Rdhly1gcenfcxbp8j31hc0u0k47.jpg",无,无,2020-03-01 19:26,iPhone XS Max,199030,178307,17498
IwtMW0wd5,我爸给我视频，我看到他养的猫子～哈哈哈我说爸你这猫好丑啊！然后我就听到婶婶说你这猫和家里土猫差不多  原图 ,http://wx4.sinaimg.cn/large/006a0Rdhly1gcdkd4mrhrj30yi22o1l6.jpg,无,无,2020-02-29 21:00,iPhone XS Max,189507,227000,17458
IujvRnfXT,#战疫打卡行动#我已打卡1天，面对疫情我承诺：保持理智，不恐慌！战胜疫情，从我做起！活动期间新浪捐助的负压救护车将带着我们的承诺奔赴前线，为疫区带去力量与祝福。一起加入打卡—>#战疫打卡行动#  让每个小坚持都有大意义，武汉加油，中国加油！  原图 ,http://wx1.sinaimg.cn/large/006a0Rdhly1gbx3rbslcdj30ku112jyf.jpg,无,无,2020-02-15 15:09,微博品牌活动,149696,157748,12555
IubapvsRP,有限的精致女孩 绿洲  原图 ,http://wx4.sinaimg.cn/large/006a0Rdhgy3gbw2ww11qtj30zk0zk4mi.jpg,无,无,2020-02-14 17:55,绿洲APP,184345,326624,17283
ItJCpaD8D,天快快热起来 绿洲  原图 ,http://wx3.sinaimg.cn/large/006a0Rdhgy3gbspajxos2j30u00u04qp.jpg,无,无,2020-02-11 19:47,绿洲APP,175969,347818,18324
IsdAFiU5X,抗疫前线的英雄们 祝福你们都能平安健康的完成工作 顺利回家#医护后盾# 绿洲  [组图共5张] 原图 ,"http://ww1.sinaimg.cn/large/006a0Rdhgy3gbh66i08rlj30ku0ku47t.jpg,http://ww3.sinaimg.cn/large/006a0Rdhgy3gbh66hzwigj30ku0kuwk9.jpg,http://ww2.sinaimg.cn/large/006a0Rdhgy3gbh66i1tpej30ku0kuguk.jpg,http://ww2.sinaimg.cn/large/006a0Rdhgy3gbh66id7bcj30ku0ku79w.jpg,http://ww4.sinaimg.cn/large/006a0Rdhgy3gbh66ikicfj30ku0kuqbv.jpg",无,无,2020-02-01 20:24,绿洲APP,137155,232951,13734
IqyCA06NF,吸猫上头 火箭少女101_杨超越的微博视频  ,无,"http://f.video.weibocdn.com/003TIP60lx07AkVAmkmk01041200d0YT0E010.mp4?label=mp4_hd&template=640x480.25.0&trans_finger=1621fcd5d40969f1c74e6b06e52fcd54&Expires=1586165192&ssig=%2BLCmU9UCj7&KID=unistore,video",无,2020-01-21 22:16,明星日常 · 视频社区,154851,230384,17197
IpTT23bp4,💣  [组图共2张] 原图 ,"http://ww2.sinaimg.cn/large/006a0Rdhly1gazjpbr1okj31o0280x6q.jpg,http://ww1.sinaimg.cn/large/006a0Rdhly1gazjpez0lzj31o0280b2b.jpg",无,无,2020-01-17 14:34,iPhone XS Max,170790,447337,15905
IpJJRxns2,快去听我兄弟👬的明天见@杨晗HANNA  [组图共2张] 原图 ,"http://ww4.sinaimg.cn/large/006a0Rdhly1gayax37e9cj30yi22ok53.jpg,http://ww2.sinaimg.cn/large/006a0Rdhly1gayaxa55xnj30fu0810v8.jpg",无,无,2020-01-16 12:44,iPhone XS Max,156641,153143,11358
IopX0kOtp,有的理发店他是理发店么，他是屠宰厂啊～屠宰美少女美丽的梦想啊，他那是洗头么？那是熄灭了希望的一盆水吹倒我最后的骄傲的一缕风～别人的错还是惩罚了自己，对不起我今天只想哭泣😭  ,无,无,无,2020-01-07 20:31,iPhone XS Max,163295,182607,22964
