{"user": {"id": "1345566427", "nickname": "佟丽娅", "gender": "女", "location": "北京 朝阳区", "birthday": "0001-08-08", "description": "我就是我，丫丫。我只是我，丫丫。｜｜工作请至经纪人邮箱tongliyastudio@126.com", "verified_reason": "青年演员，代表作《北京爱情故事》《智取威虎山》《平凡的世界》", "talent": "", "education": "", "work": "", "weibo_num": 5399, "following": 762, "followers": 39324824}, "weibo": [{"id": "IBIUlFurT", "content": "缅怀同胞，共悼逝者，致敬英雄  原图 ", "original_pictures": "http://wx3.sinaimg.cn/large/5033b6dbly1gdhfrvjo24j20u01hcn7q.jpg", "video_url": "无", "publish_place": "无", "publish_time": "2020-04-04 08:41", "publish_tool": "无", "up_num": 29312, "retweet_num": 9395, "comment_num": 9046}, {"id": "IAojWuEIm", "content": "这是我和@新浪新闻 想对你说的话，你听听是什么？ 带话题#2020我想说#发微博，说在2020年你最想完成的心愿，让我们一起努力去完成还未实现的心愿。 佟丽娅的微博视频  ", "original_pictures": "无", "video_url": "http://f.video.weibocdn.com/mX6edMgqlx07C05aYWti0104120014uB0E010.mp4?label=mp4_hd&template=480x640.24.0&trans_finger=7c347e6ee1691b93dc7e5726f4ef34b3&Expires=1586158559&ssig=q6GUAVSzhX&KID=unistore,video", "publish_place": "无", "publish_time": "2020-03-26 14:26", "publish_tool": "无", "up_num": 15146, "retweet_num": 9770, "comment_num": 8979}, {"id": "IztYIdjOR", "content": "分享图片 绿洲  原图 ", "original_pictures": "http://wx1.sinaimg.cn/large/5033b6dbly3gd0ejgsbefj216o1kwahf.jpg", "video_url": "无", "publish_place": "无", "publish_time": "2020-03-20 15:00", "publish_tool": "绿洲APP", "up_num": 21205, "retweet_num": 9465, "comment_num": 9083}, {"id": "IyC7P7lHM", "content": "雪国梦幻静谧，热爱漫无边际，消弭着人和自然的距离。#漫游记# 与@钟汉良  @郭麒麟  一起踏上北欧之旅，追寻极光璀璨～  [组图共2张] 原图 ", "original_pictures": "http://ww3.sinaimg.cn/large/5033b6dbly1gctsqg3hs0j20u01hce81.jpg,http://ww1.sinaimg.cn/large/5033b6dbly1gctsqh7lvkj20u01hc1ky.jpg", "video_url": "无", "publish_place": "无", "publish_time": "2020-03-14 21:54", "publish_tool": "无", "up_num": 22397, "retweet_num": 9274, "comment_num": 9348}, {"id": "Iyzw2C2Ox", "content": "吃的多 就得撑每天一组平板支撑 马甲线秀出来  原图 ", "original_pictures": "http://wx4.sinaimg.cn/large/5033b6dbly1gcth41q7qnj21400u07aa.jpg", "video_url": "无", "publish_place": "无", "publish_time": "2020-03-14 15:15", "publish_tool": "HUAWEI Mate Xs 5G", "up_num": 60389, "retweet_num": 10926, "comment_num": 14451}, {"id": "IysUqh3yE", "content": "#宅家美食日记#学做蛋挞 全记录太好吃了 绿洲  [组图共9张] 原图 ", "original_pictures": "http://ww4.sinaimg.cn/large/5033b6dbly3gcso3oebq5j21kw1kwdt4.jpg,http://ww1.sinaimg.cn/large/5033b6dbly3gcso3otjikj21kw1kwaqi.jpg,http://ww1.sinaimg.cn/large/5033b6dbly3gcso3p4t2oj21kw1kwgz6.jpg,http://ww3.sinaimg.cn/large/5033b6dbly3gcso3pji12j21kw1kwdv1.jpg,http://ww2.sinaimg.cn/large/5033b6dbly3gcso3puzslj21kw1kw17v.jpg,http://ww3.sinaimg.cn/large/5033b6dbly3gcso3q7to2j21kw1kwal5.jpg,http://ww4.sinaimg.cn/large/5033b6dbly3gcso3qkf79j21kw1kwgwg.jpg,http://ww1.sinaimg.cn/large/5033b6dbly3gcso3qzlqxj21kw1kw17h.jpg,http://ww3.sinaimg.cn/large/5033b6dbly3gcso3rbjg9j212t12u438.jpg", "video_url": "无", "publish_place": "无", "publish_time": "2020-03-13 22:26", "publish_tool": "绿洲APP", "up_num": 21482, "retweet_num": 9199, "comment_num": 9098}, {"id": "Iwak0alWl", "content": "#宅家美食日记#其实上一次我的南瓜羹是这样的 绿洲  [组图共2张] 原图 ", "original_pictures": "http://ww4.sinaimg.cn/large/5033b6dbly3gcb6m2n4osj20ty0tzdjs.jpg,http://ww1.sinaimg.cn/large/5033b6dbly3gcb6m2svtaj20zk0zk0wz.jpg", "video_url": "无", "publish_place": "无", "publish_time": "2020-02-27 19:26", "publish_tool": "绿洲APP", "up_num": 164299, "retweet_num": 8458, "comment_num": 25855}, {"id": "Iw9KOgF0B", "content": "#微博宅live# #宅家美食大赛# 跟我一起来挑战吧@佟丽娅 的一直播（下载App->http://t.cn/EhGWXEC）  ", "original_pictures": "无", "video_url": "无", "publish_place": "无", "publish_time": "2020-02-27 17:59", "publish_tool": "一直播Yi", "up_num": 16266, "retweet_num": 9318, "comment_num": 36202}, {"id": "IvIhYcdnL", "content": "【让#爱不隔离#，白衣天使们加油】“白衣天使啊，有你在人们身旁，人们就不会迷茫，你就像那灿烂的阳光，照到哪里哪里亮堂”。公益歌曲《天使的阳光》在@中国青年报 @酷我音乐 正式上线，让我们一起用歌声致敬守护者——白衣天使，加油！@共青团中央  [组图共2张] 原图 ", "original_pictures": "http://ww4.sinaimg.cn/large/5033b6dbly1gc7qtllbtsj20u016en1s.jpg,http://ww4.sinaimg.cn/large/5033b6dbly1gc7qtm3s39j21a71tcx6p.jpg", "video_url": "无", "publish_place": "无", "publish_time": "2020-02-24 20:04", "publish_tool": "无", "up_num": 69777, "retweet_num": 8342, "comment_num": 11658}, {"id": "IvGAYvmII", "content": "#在家带娃大作战#Tony佟开始营业#二月二# 绿洲  原图 ", "original_pictures": "http://wx2.sinaimg.cn/large/5033b6dbly3gc7jdmz0svj20zk0zkn1r.jpg", "video_url": "无", "publish_place": "无", "publish_time": "2020-02-24 15:46", "publish_tool": "绿洲APP", "up_num": 32066, "retweet_num": 8362, "comment_num": 10023}, {"id": "Ivwbzz8ui", "content": "#宅家美食日记#这一天天的 包子 饺子 煎锅贴 明天做啥啊～都把你们的菜谱贡献出来吧 绿洲  原图 ", "original_pictures": "http://wx3.sinaimg.cn/large/5033b6dbly3gc69f7mdh1j20q40q3wh6.jpg", "video_url": "无", "publish_place": "无", "publish_time": "2020-02-23 13:16", "publish_tool": "绿洲APP", "up_num": 22059, "retweet_num": 8320, "comment_num": 17507}, {"id": "IuOo55Mzi", "content": "#电视剧完美关系##完美关系开播# 大家好，我是达琳传播新上任总裁，初来乍到，请大家多多关照@电视剧完美关系  原图 ", "original_pictures": "http://wx1.sinaimg.cn/large/5033b6dbly1gc0w09uh3uj20u01bnjxb.jpg", "video_url": "无", "publish_place": "无", "publish_time": "2020-02-18 21:45", "publish_tool": "无", "up_num": 189863, "retweet_num": 10673, "comment_num": 28645}, {"id": "ItIRrn9Mj", "content": "#抗疫行动##2020好起来# 以平凡之躯与疫情作战，用钢铁意志与时间赛跑。所有一线的工作者们，你们辛苦了，感谢你们挺身而出，等待你们归来！加油！[加油] 佟丽娅的微博视频  ", "original_pictures": "无", "video_url": "http://ad.us.sinaimg.cn/00085S2Ylx07AS85Dr3G010412002wZX0E010.mp4?label=mp4_hd&template=852x480.25.0&trans_finger=62b30a3f061b162e421008955c73f536&Expires=1586158562&ssig=T9tNIDKUtD&KID=unistore,video", "publish_place": "无", "publish_time": "2020-02-11 17:51", "publish_tool": "无", "up_num": 17472, "retweet_num": 8376, "comment_num": 8717}, {"id": "IsjXi7vkT", "content": "20200202 希望大家都平平安安  原图 ", "original_pictures": "http://wx3.sinaimg.cn/large/5033b6dbly1gbhy9ajn6yj20tc134q70.jpg", "video_url": "无", "publish_place": "无", "publish_time": "2020-02-02 12:36", "publish_tool": "无", "up_num": 50990, "retweet_num": 9427, "comment_num": 9352}, {"id": "IrVdL57PZ", "content": "那天 朵朵幼儿园搞庙会活动 小家伙用卖苹果挣来的钱 买了一箱小“钻石”一直等我11点下班 送给我 说 “我不知道妈妈喜欢什么 但是妈妈是女人 是女人就会喜欢钻石 妈妈给我买过很多礼物 我爱妈妈 我要和妈妈结婚…”孩子四岁了 很懂事 我很欣慰…生日快乐！  [组图共2张] 原图 ", "original_pictures": "http://ww1.sinaimg.cn/large/5033b6dbly1gbezamrj9ej20tc0ss0wd.jpg,http://ww1.sinaimg.cn/large/5033b6dbly1gbezarjpwgj20tc0tcgpw.jpg", "video_url": "无", "publish_place": "无", "publish_time": "2020-01-30 21:38", "publish_tool": "无", "up_num": 91152, "retweet_num": 8578, "comment_num": 10225}, {"id": "IrHefDujo", "content": "#抗击新型肺炎我们在行动# #全民口罩行动# 疫情面前，我们要保持好心态，重防护、勤消毒，减少出门和聚会，保护好自己和家人，一起共渡难关。同时，向一直奋斗在一线的医护人员致敬，你们辛苦了武汉加油，中国加油！[加油] 绿洲  原图 ", "original_pictures": "http://wx3.sinaimg.cn/large/5033b6dbly3gbd7b8jvecj20j50pj779.jpg", "video_url": "无", "publish_place": "无", "publish_time": "2020-01-29 10:01", "publish_tool": "绿洲APP", "up_num": 20110, "retweet_num": 11299, "comment_num": 8711}, {"id": "Ir2sFzfn5", "content": "顺利结束！亲眼见证为这最终呈现的4个半小时，上千位台前幕后的工作人员昼夜打磨，全力以赴，特别是在全国人民关注的疫情中，能够为大家送去慰问和祝福，是一个自豪神圣的使命。过程中，几次热泪盈眶，才明白春晚给大家带来的除了欢庆，还有温暖与激励。武汉加油！我们一起加油！祝所有人新春快乐，健康平安！最后我要感谢一直帮助我的@任鲁豫 @尼格买提，第一次搭档的伙伴 @尹颂 @张舒越Spencer                  原图                             ", "original_pictures": "http://wx3.sinaimg.cn/large/5033b6dbly1gb871qdts4j274o4r44r3.jpg", "video_url": "无", "publish_place": "无", "publish_time": "2020-01-25 02:14", "publish_tool": "无", "up_num": 169463, "retweet_num": 10310, "comment_num": 16268}, {"id": "IpzyJ4PD7", "content": "如果要选择一种颜色代表新年，我选择红色。它是炽热的情绪，是浪漫的抒张，也是不断蜕变的自我。让我爱的法国@LANCEL 红，为你们送上新年里的真挚祝愿！#Rouge Lancel# #Lancel# 佟丽娅同款Lancel兰姿LE HUIT水桶包法国小众单肩斜挎包真皮女包  [组图共4张] 原图 ", "original_pictures": "http://ww4.sinaimg.cn/large/5033b6dbly1gax1zx7404j20u016f7hc.jpg,http://ww2.sinaimg.cn/large/5033b6dbly1gax1zxkg9dj20u016ftlo.jpg,http://ww1.sinaimg.cn/large/5033b6dbly1gax1zy71d1j20u016fk4h.jpg,http://ww1.sinaimg.cn/large/5033b6dbly1gax1zxvcgrj20u016fgy0.jpg", "video_url": "无", "publish_place": "无", "publish_time": "2020-01-15 10:49", "publish_tool": "无", "up_num": 50476, "retweet_num": 11792, "comment_num": 12966}, {"id": "Ip2f1o3nX", "content": "明星动态  ", "original_pictures": "无", "video_url": "无", "publish_place": "无", "publish_time": "2020-01-11 22:00", "publish_tool": "明星动态", "up_num": 49544, "retweet_num": 8734, "comment_num": 10031}, {"id": "IoAzTihfS", "content": "深夜放毒… 绿洲 佟丽娅的微博视频  ", "original_pictures": "无", "video_url": "http://oasis.video.weibocdn.com/003HvIMilx07A0ho601i01041200cdwT0E012.mp4?label=mp4_hd&template=844x480.25.0&trans_finger=5ba176cf04fead39ba6dc923dca8adc5&Expires=1586158566&ssig=AJjGykXxGe&KID=unistore,video", "publish_place": "无", "publish_time": "2020-01-08 23:34", "publish_tool": "绿洲APP", "up_num": 17604, "retweet_num": 9097, "comment_num": 8752}, {"id": "IozPGbXZF", "content": "为了好看的衣服饿一天…不管！我要去宵夜！ 绿洲  [组图共2张] 原图 ", "original_pictures": "http://ww1.sinaimg.cn/large/5033b6dbly3gaphidk1sej20zk1bftkw.jpg,http://ww2.sinaimg.cn/large/5033b6dbly3gaphie3zfbj20wo17kgof.jpg", "video_url": "无", "publish_place": "无", "publish_time": "2020-01-08 21:40", "publish_tool": "绿洲APP", "up_num": 18404, "retweet_num": 9120, "comment_num": 9037}, {"id": "InF3RiS53", "content": "2019#微博之夜#盛典即将开启，以微博之力，让世界更美。1月11日，不见不散@微博之夜  原图 ", "original_pictures": "http://wx3.sinaimg.cn/large/5033b6dbgy1gaiiut3m31j20ku112aot.jpg", "video_url": "无", "publish_place": "无", "publish_time": "2020-01-02 21:09", "publish_tool": "无", "up_num": 23147, "retweet_num": 9049, "comment_num": 9119}]}