﻿微博id,微博正文,原始图片url,微博视频url,发布位置,发布时间,发布工具,点赞数,转发数,评论数
IAvWEz5oX,http://wx3.sinaimg.cn/large/63885668gy3gd88xtvpbmj20ty0sgn91.jpg,无,无,2020-03-27 09:50,绿洲APP,413423,1000000,1000000
IzmIj54lz,送给我的凤九，愿你永远像9岁小朋友～886  #电视剧三生三世枕上书#  《枕上书》迪丽热巴TO凤九 希望你能在另外的次元好好被宠爱  ,无,"https://multimedia.api.weibo.com/2/multimedia/redirect_tencent_video.json?vid=w0033mv0h4g&Expires=1586105467&ssig=fSn5j4%2FwJW&KID=unistore,video",无,2020-03-19 20:30,无,509570,1000000,1000000
IzmjZ9LAK,发现好多比真·九还要可爱的白凤九～#电视剧三生三世枕上书#  [组图共9张] 原图 ,"http://ww3.sinaimg.cn/large/63885668ly1gczgq79vgrj21jk1jkayy.jpg,http://ww4.sinaimg.cn/large/63885668ly1gczgq86f08j21hc0u01kx.jpg,http://ww3.sinaimg.cn/large/63885668ly1gczgq8u4eaj22uc26rng1.jpg,http://ww1.sinaimg.cn/large/63885668ly1gczgq9i793j21t81t9tfc.jpg,http://ww1.sinaimg.cn/large/63885668ly1gczgq6tit7j20yi182wp1.jpg,http://ww1.sinaimg.cn/large/63885668ly1gczgqa202cj20yi18igvm.jpg,http://ww4.sinaimg.cn/large/63885668ly1gczgqaall0j20qo11rjur.jpg,http://ww1.sinaimg.cn/large/63885668ly1gczgqal0ahj20u00u0n0d.jpg,http://ww1.sinaimg.cn/large/63885668ly1gczgqb344ij22pg1wwnfh.jpg",无,无,2020-03-19 19:30,无,434071,1000000,1000000
IyrMtma2L,听说明天是凡间的白色情人节，转发这只爱情锦狐，凤九小狐狸祝你情比金坚爱比海深 #电视剧三生三世枕上书#  原图 ,http://wx2.sinaimg.cn/large/63885668ly1gcsj48ga6tj20rq0rqteh.jpg,无,无,2020-03-13 19:34,无,555342,1000000,1000000
Iyin3i6FI,#枕上书幕后特供# 说好的夏威夷游乐园夜景维多利亚港台北呢？？？那好吧...枕上书景点一日游也可以吧...🤷♂️#电视剧三生三世枕上书# Dear-迪丽热巴的微博视频  ,无,"http://f.video.weibocdn.com/Cwu1rg1Qlx07BE62kI9W01041200fKA90E010.mp4?label=mp4_hd&template=852x480.25.0&trans_finger=1621fcd5d40969f1c74e6b06e52fcd54&Expires=1586105468&ssig=7rKZ6Q1rOW&KID=unistore,video",无,2020-03-12 19:36,影视剪辑 · 视频社区,382085,1000000,1000000
IygLS82dm,#青丘白凤爪# 欸欸欸？你们怎么回事？#电视剧三生三世枕上书#  [组图共6张] 原图 ,"http://ww4.sinaimg.cn/large/63885668ly1gcr6i5v9ixj20aq0ab74q.jpg,http://ww3.sinaimg.cn/large/63885668ly1gcr6i62y9oj20k00ew0v3.jpg,http://ww3.sinaimg.cn/large/63885668ly1gcr6i5ke78j215o13gdo7.jpg,http://ww3.sinaimg.cn/large/63885668ly1gcr6i520d2j20u00u0n4q.jpg,http://ww2.sinaimg.cn/large/63885668ly1gcr6i58oqyj20u00u0ae7.jpg,http://ww2.sinaimg.cn/large/63885668ly1gcr6i4tn2cj20hs0hs0zj.jpg",无,无,2020-03-12 15:32,无,415345,1000000,1000000
IxZVxjLEB,小朋友 你是否有很多问号❓ 绿洲  原图 ,http://wx3.sinaimg.cn/large/63885668ly3gcp45lqaq9j20k00k0gnt.jpg,无,无,2020-03-10 20:39,绿洲APP,504876,1000000,1000000
IxeC3iX29,#idoltube# “他那么喜欢我，他才不希望我过得更好，他巴不得让我陪着他一起去死”，东华，你最好是这么想，不然小九跟你没完。#凤九冒死救东华##电视剧三生三世枕上书# Dear-迪丽热巴的微博视频  ,无,"http://f.video.weibocdn.com/U8lc8z1Qlx07BsYfEa4U0104120078Qr0E010.mp4?label=mp4_hd&template=852x480.25.0&trans_finger=1621fcd5d40969f1c74e6b06e52fcd54&Expires=1586105469&ssig=OBCXyyPGhF&KID=unistore,video",无,2020-03-05 20:12,国产剧集 · 视频社区,390493,1000000,1000000
IxezdwGEr,今晚#三生三世枕上书大结局#小九出了阿兰若之梦，去了天宫，回了青丘，还...我就不剧透了，大家快去看起来吧#电视剧三生三世枕上书#  原图 ,http://wx4.sinaimg.cn/large/63885668ly1gcjb2kaz4lj22bc3h4x6r.jpg,无,无,2020-03-05 20:05,无,740280,1000000,1000000
Ixb3cdKSU,受@路易威登 邀请第一次体验云看秀，长草了好多单品，希望等到一切安好春暖花开的时候可以打扮得漂漂亮亮出门 #路易威登女装秀#  [组图共7张] 原图 ,"http://ww2.sinaimg.cn/large/63885668ly1gcivj5vqvvj20u0140whg.jpg,http://ww2.sinaimg.cn/large/63885668ly1gcivj66dw3j20u0140wi6.jpg,http://ww3.sinaimg.cn/large/63885668ly1gcivj6kw3wj20u0140gnx.jpg,http://ww3.sinaimg.cn/large/63885668ly1gcivj6tanxj20u0190jwc.jpg,http://ww2.sinaimg.cn/large/63885668ly1gcivj5hhaij20u0190ad6.jpg,http://ww1.sinaimg.cn/large/63885668ly1gcivj76gkgj20u0190wit.jpg,http://ww2.sinaimg.cn/large/63885668ly1gcivj7eqf7j20u0190jv8.jpg",无,无,2020-03-05 11:08,无,1054072,1000000,1000000
Ix1b5j4V3,#一起追剧吧# 本九今日15点在青丘设宴，准备了九牌糕点和上等的桃花酿，欢迎各路仙友来品尝呀～#电视剧三生三世枕上书#  原图 ,http://wx2.sinaimg.cn/large/63885668ly1gchnycai69j20ku0xc4qp.jpg,无,无,2020-03-04 10:00,无,3834430,1000000,1000000
Iwzjua77e,女生变美，真的很不简单，是#由内而外 自然更美#的过程。感谢斯维诗小Q瓶@Swisse斯维诗 的默默守护，让每个女生每一岁更美。 Swisse斯维诗的微博视频  ,无,"http://f.video.weibocdn.com/0012zyDJgx07BlSliVzp01041200pjQj0E010.mp4?label=mp4_hd&template=852x480.25.0&trans_finger=62b30a3f061b162e421008955c73f536&Expires=1586105490&ssig=DMKMJ1IFOR&KID=unistore,video",无,2020-03-01 11:04,无,873567,1000000,1000000
IwaE04Hgf,#idoltube##妈系女友白凤九# 帝君，小白一定会对你很好很好的。#凤九宠东华##电视剧三生三世枕上书# Dear-迪丽热巴的微博视频  ,无,"http://f.video.weibocdn.com/1bmxZOqqlx07BhOg05PO01041200fy480E010.mp4?label=mp4_hd&template=852x480.25.0&trans_finger=62b30a3f061b162e421008955c73f536&Expires=1586105490&ssig=RW%2FGa6mSmO&KID=unistore,video",无,2020-02-27 20:15,无,812606,1000000,1000000
IvgionIL4,#电视剧三生三世枕上书##微博剧场# 我就说凤九是威猛小狐狸了吧 Dear-迪丽热巴的微博视频  ,无,"http://f.video.weibocdn.com/U0xjXdUzlx07B8haWmBO01041200fyld0E010.mp4?label=mp4_hd&template=852x480.25.0&trans_finger=1621fcd5d40969f1c74e6b06e52fcd54&Expires=1586105491&ssig=rXX8jZPLjp&KID=unistore,video",无,2020-02-21 20:48,影视剪辑 · 视频社区,661860,1000000,1000000
Iv6N0lYdd,#idoltube##阿兰若上线# 她来了她来了，你们期待的阿兰若殿下来了，不过青殿请先退下#电视剧三生三世枕上书# Dear-迪丽热巴的微博视频  ,无,"http://f.video.weibocdn.com/X56x650Hlx07B6FsnZ3q01041200Gahe0E010.mp4?label=mp4_hd&template=852x480.25.0&trans_finger=1621fcd5d40969f1c74e6b06e52fcd54&Expires=1586105491&ssig=R8xsHVXBFz&KID=unistore,video",无,2020-02-20 20:36,国产剧集 · 视频社区,608665,1000000,1000000
IulLS2olO,#凤九吃醋##微博剧场# 小九气着气着就变醋坛子了 #电视剧三生三世枕上书# http://t.cn/A6hIbSwh  ,无,无,无,2020-02-15 20:54,无,447990,1000000,850545
IuclUBUXs,#电视剧三生三世枕上书##微博剧场# 青丘小凤九在线教学昏睡诀——以多取胜 Dear-迪丽热巴的微博视频  ,无,"http://f.video.weibocdn.com/1CUR1e4Zlx07AX7rQoMM01041200jiEW0E010.mp4?label=mp4_hd&template=932x480.25.0&trans_finger=1621fcd5d40969f1c74e6b06e52fcd54&Expires=1586105492&ssig=qFGgFQbPZA&KID=unistore,video",无,2020-02-14 20:56,国产剧集 · 视频社区,427515,1000000,1000000
Iu3mhrL4l,在家追枕上书，看着看着就饿了…好想吃火锅啊！#宅久了看温泉都像火锅汤##电视剧三生三世枕上书#  原图 ,http://wx1.sinaimg.cn/large/63885668ly1gbv4fssoldj216w0qy1ky.jpg,无,无,2020-02-13 22:02,无,440449,1000000,1000000
Iu33Xg1vz,#微博剧场##凤九东华互怼# 帝君，你怎么和古书上写的那些不一样呢，说好的高冷呢？#电视剧三生三世枕上书# Dear-迪丽热巴的微博视频  ,无,"http://f.video.weibocdn.com/xuz1TjTblx07AVy0cBgI01041200j1me0E010.mp4?label=mp4_hd&template=852x480.25.0&trans_finger=1621fcd5d40969f1c74e6b06e52fcd54&Expires=1586105493&ssig=h8%2FHdYmQ3B&KID=unistore,video",无,2020-02-13 21:17,国产剧集 · 视频社区,359343,1000000,733509
ItYEdmy06,最近的健身项目～ 绿洲  原图 ,http://wx2.sinaimg.cn/large/63885668ly3gbujn65eqyj20ku0ioq7i.jpg,无,无,2020-02-13 10:02,绿洲APP,468928,1000000,1000000
Ithxx5G7D,#idoltube##白凤九相亲# 像不像被安排相亲的你 Dear-迪丽热巴的微博视频  ,无,"http://f.video.weibocdn.com/001bwdCUlx07ANvuZxLO01041200qzCu0E010.mp4?label=mp4_hd&template=852x480.25.0&trans_finger=1621fcd5d40969f1c74e6b06e52fcd54&Expires=1586105493&ssig=Hjt%2B41Bk0j&KID=unistore,video",无,2020-02-08 20:18,影视剪辑 · 视频社区,508005,1000000,1000000
IsBTPmSBE,#抗疫行动##手写加油接力# 向一线医务工作者致敬，你们辛苦了，我们一起对抗疫情！@张彬彬Vin  来一起加油！  原图 ,http://wx4.sinaimg.cn/large/63885668ly1gbk5hieyl4j20yc0u00xm.jpg,无,无,2020-02-04 10:17,无,445571,1000000,770222
IrrtFx58B,#抗击新型肺炎我们在行动# #全民口罩行动# 大家一定要平平安安的！ 绿洲  [组图共6张] 原图 ,"http://ww3.sinaimg.cn/large/63885668ly3gbb9rps0qdj20go0m8ti3.jpg,http://ww2.sinaimg.cn/large/63885668ly3gbb9rqi7jej20go0m8tkt.jpg,http://ww4.sinaimg.cn/large/63885668ly3gbb9rqb7fbj20go0m8gxj.jpg,http://ww1.sinaimg.cn/large/63885668ly3gbb9ru7pqyj20go0m87ix.jpg,http://ww4.sinaimg.cn/large/63885668ly3gbb9rucijaj20go0m8qf1.jpg,http://ww4.sinaimg.cn/large/63885668ly3gbb9rudr9lj20go0m814s.jpg",无,无,2020-01-27 17:55,绿洲APP,429225,1000000,703680
IqZWtplxX,聊#春晚# ，#赞得福#。我赞赞奔赴在前线的医务工作者，你们辛苦了！新的一年祝大家鼠年大吉大利，好运非你莫“鼠”，每个人都能平安健康！  原图 ,http://wx2.sinaimg.cn/large/63885668ly1gb7w7eablqj20ku1941kx.jpg,无,无,2020-01-24 19:49,无,361829,1000000,573293
IqHo48iAo,#idoltube# 追星女孩小九已上线#电视剧三生三世枕上书# http://t.cn/A6vsUWOd  ,无,无,无,2020-01-22 20:35,无,320975,1000000,1000000
IqDi7ow1u,#三生三世枕上书开播# 你的小狐狸凤九即将上线，跟上狐狸爪步开启追剧模式#电视剧三生三世枕上书# 《三生三世枕上书》终极预告 迪丽热巴高伟光重历三生炽恋  ,无,"https://multimedia.api.weibo.com/2/multimedia/redirect_tencent_video.json?vid=h00337816am&Expires=1586105514&ssig=Hqm3Dl%2FVKs&KID=unistore,video",无,2020-01-22 10:09,无,454853,1000000,700912
IpSSNcJ6o,#拒绝盗版从我做起#齐心协力，防止盗版蔓延；众志成城，打击侵权犯罪。跟我一起加入电影频道“拒绝盗版 从我做起”全民反盗版活动。拒绝盗版，从我做起！@中国电影报道 @电影频道融媒体中心  原图 ,http://wx1.sinaimg.cn/large/63885668ly1gazfbmsm7vj22bc334e82.jpg,无,无,2020-01-17 12:01,无,245070,1000000,817635
IpgpEwGBx,春节送礼送健康，分享一下我的同款健康好物@Swisse，轻松GET身体年轻态！Swisse推出新年限定礼盒，装满浓浓的爱意与年味。同款活力，同款美丽，过年带上Swisse，和我一起过个同款新年吧～#同款新年，爱在一起#  原图 ,http://wx3.sinaimg.cn/large/63885668ly1gauphha39zj22vv4bsx6s.jpg,无,无,2020-01-13 10:04,无,361554,1000000,1000000
Ip2eY80g9,明星动   态  ,无,无,无,2020-01-11 22:00,明星动态,374502,1000000,406502
IoSqMFlVw,#happyNEOyear# 很开心今天能和@adidasneo 一起在成都与大家提前闹新春！春节“到鼠”计时开始啦，好玩不打烊，农历新年里让我们继续玩新大发吧！  [组图共6张] 原图 ,"http://ww2.sinaimg.cn/large/63885668ly1garrm17ohvj21jk2bchdv.jpg,http://ww3.sinaimg.cn/large/63885668ly1garrm5bcgjj22bc1jknpf.jpg,http://ww4.sinaimg.cn/large/63885668ly1garrmamk7tj21ab1xgx6s.jpg,http://ww4.sinaimg.cn/large/63885668ly1garrm7zkjaj21jk2bc1l1.jpg,http://ww4.sinaimg.cn/large/63885668ly1garrlyuv5qj22bc1jknpf.jpg,http://ww1.sinaimg.cn/large/63885668ly1garrm3d8tjj21xg1ab4qr.jpg",无,无,2020-01-10 21:01,无,423161,1000000,1000000
IonM9ryMy,2019#微博之夜#盛典即将开启，以微博之力，让世界更美。1月11日，不见不散@微博之夜  原图 ,http://wx1.sinaimg.cn/large/63885668ly1gao0a01kfzj20ku112k98.jpg,无,无,2020-01-07 14:59,无,326736,1000000,292611
InB4Df73X,#happyNEOyear#都到了2020，还不换点新pose配新装[來] 穿上@adidasneo 迪士尼联名款，让#生来好动#的我们一起玩“新”大发、自拍不重样🤳http://t.cn/AiF7nREj adidasneo的微博视频  ,无,"http://f.video.weibocdn.com/000pYrGmlx07zPTskBQQ010412008AOY0E010.mp4?label=mp4_hd&template=852x480.25.0&trans_finger=62b30a3f061b162e421008955c73f536&Expires=1586105522&ssig=oKIPxJLbmv&KID=unistore,video",无,2020-01-02 11:00,无,322240,1000000,1000000
InmfwsbEK,#梦圆东方##追梦2020#离开2019～迈向新的一年，2020新年快乐～🎆  [组图共6张] 原图 ,"http://ww1.sinaimg.cn/large/63885668ly1gag7sm3gz5j22jf3t5kjn.jpg,http://ww4.sinaimg.cn/large/63885668ly1gag7sd7705j22jf3t5b2c.jpg,http://ww1.sinaimg.cn/large/63885668ly1gag7s8yy1vj22jf3t5e83.jpg,http://ww2.sinaimg.cn/large/63885668ly1gag7sga78yj22jf3t5npf.jpg,http://ww1.sinaimg.cn/large/63885668ly1gag7sv3uuzj21ke2ckkjo.jpg,http://ww3.sinaimg.cn/large/63885668ly1gag7srmhpjj21o72i81l1.jpg",无,无,2019-12-31 21:15,无,522197,1000000,1000000
IncmA97W6,2020就要来啦～你准备好了没？送大家一份新年魔法，祝愿大家新的一年，都能追随内心更加勇敢，做自己想做的事。跟我一起对准@安慕希希腊酸奶 扫2020，许下你的愿望，告诉我你的2020新期待！#2020一起安慕希# Dear-迪丽热巴的微博视频  ,无,"http://f.video.weibocdn.com/003Y6FSwlx07zLH0Niec010412001gZ50E010.mp4?label=mp4_hd&template=852x480.25.0&trans_finger=62b30a3f061b162e421008955c73f536&Expires=1586105523&ssig=Ol9Qcc9uFx&KID=unistore,video",无,2019-12-30 20:05,无,359294,1000000,1000000
ImTGkcdDn,今天的#星光大赏#   [组图共4张] 原图 ,"http://ww3.sinaimg.cn/large/63885668ly1gacppdn1nmj21yi2qp7wk.jpg,http://ww4.sinaimg.cn/large/63885668ly1gacpphkj5gj22ik3t0b2d.jpg,http://ww4.sinaimg.cn/large/63885668ly1gacppb4atej22yo4g04qr.jpg,http://ww2.sinaimg.cn/large/63885668ly1gacpn0eeyij22yo4g04qr.jpg",无,无,2019-12-28 20:32,无,623713,1000000,1000000
IlDTr85bm,  [组图共2张] 原图 ,"http://ww4.sinaimg.cn/large/63885668ly1ga369ykfqnj20u0140k4m.jpg,http://ww2.sinaimg.cn/large/63885668ly1ga369z80fnj20u0140anu.jpg",无,无,2019-12-20 14:30,无,883271,1000000,1000000
IfGSp0Whu,在我们那个年代，今天也就是个光棍节  原图 ,http://wx4.sinaimg.cn/large/63885668ly1g8tx3oqqvtj208k07gwet.jpg,无,无,2019-11-11 11:04,iPhone XS,767621,1000000,1000000
Iekpj3kji,很开心能携手妹妹“冷巴”为腾讯国漫大IP手游@狐妖小红娘手游 代言，这一次，万水千山，我陪你看。红线仙们一起来涂山偶遇吧！ http://t.cn/Ai12qpr7 #万水千山我陪你看# 狐妖小红娘手游的微博视频  ,无,"http://f.video.weibocdn.com/002pw1XAlx07ydoPcdRS01041200zogd0E010.mp4?label=mp4_hd&template=852x480.25.0&trans_finger=62b30a3f061b162e421008955c73f536&Expires=1586105526&ssig=RFE%2BdrkWZu&KID=unistore,video",无,2019-11-02 12:01,无,303823,1000000,430390
Ie5JCbT9A,路易威登首尔女装秀 @路易威登 做个酷盖，和我一起秀起来了～  [组图共9张] 原图 ,"http://ww2.sinaimg.cn/large/63885668gy1g8hrfdki98j236a4rfx6s.jpg,http://ww4.sinaimg.cn/large/63885668gy1g8hrh53g1bj23gg56oe85.jpg,http://ww3.sinaimg.cn/large/63885668gy1g8hrflzyuij237c4t2e84.jpg,http://ww1.sinaimg.cn/large/63885668gy1g8hrgadksoj224h32sqv7.jpg,http://ww3.sinaimg.cn/large/63885668gy1g8hrg3c9c0j22su47ahdv.jpg,http://ww3.sinaimg.cn/large/63885668gy1g8hrfvp8o2j22nc3z0qv7.jpg,http://ww4.sinaimg.cn/large/63885668gy1g8hrgdgzx4j21kg2cn1kx.jpg,http://ww1.sinaimg.cn/large/63885668gy1g8hrgl01gej24wp39te83.jpg,http://ww4.sinaimg.cn/large/63885668gy1g8hrgqlhcoj21m52f9kjl.jpg",无,无,2019-10-31 22:40,无,456278,1000000,1000000
IdpOtyL81,#热巴爱上Swisse小Q瓶#很开心成为澳洲自然营养品牌@Swisse 的代言人~想拥有满满的胶原蛋白吗？快去搜索Swisse，和我一起爱上小Q瓶工作再忙，熬夜再晚，胶原蛋白都不怕流失，四周拥有少女嘭嘭肌~ Dear-迪丽热巴的微博视频  ,无,"http://f.video.weibocdn.com/0011XDfplx07y74sjVjG0104120045EU0E010.mp4?label=mp4_hd&template=480x852.24.0&trans_finger=7c347e6ee1691b93dc7e5726f4ef34b3&Expires=1586105527&ssig=LPhY2OVtrA&KID=unistore,video",无,2019-10-27 11:57,无,307041,1000000,680344
IdfHFoRPo,喷上#YSL星河限定#反转巴黎，为你摘下整片耀夜星河🌌  [组图共2张] 原图 ,"http://ww2.sinaimg.cn/large/63885668ly1g8bdrkuxrmj21wt2jqqve.jpg,http://ww3.sinaimg.cn/large/63885668ly1g8bdrdoyvuj21wt2jqx6u.jpg",无,无,2019-10-26 10:12,无,433315,1000000,1000000
IbN4TcfTs,第一支vlog😇 Dear-迪丽热巴的微博视频  ,无,"http://f.video.weibocdn.com/004CWJCtlx07xQ1LMZZm01041202hdjl0E010.mp4?label=mp4_hd&template=852x480.25.0&trans_finger=62b30a3f061b162e421008955c73f536&Expires=1586105528&ssig=4lj6pbtYJQ&KID=unistore,video",无,2019-10-16 19:30,无,714500,1000000,1000000
IbKul0D5B,#慢游全世界#这场旅行因为婚纱而变得与众不同，送给27岁的自己，告诉她要一直勇敢心怀梦想。@慢游全世界  [组图共6张] 原图 ,"http://ww3.sinaimg.cn/large/63885668ly1g7zy805rtjj23gg56o4r3.jpg,http://ww1.sinaimg.cn/large/63885668ly1g7zy82fp01j23gg56oqv6.jpg,http://ww3.sinaimg.cn/large/63885668ly1g7zy7r6iqqj23gg56ob2b.jpg,http://ww2.sinaimg.cn/large/63885668ly1g7zy7tjacfj239d4w3x6r.jpg,http://ww4.sinaimg.cn/large/63885668ly1g7zy7wt6nsj23gg56okjn.jpg,http://ww3.sinaimg.cn/large/63885668ly1g7zy7v5ptcj251j3d11kz.jpg",无,无,2019-10-16 12:54,无,477742,1000000,325801
IbB28kfhV,#跟着国宝去旅行# “比起荣华富贵，我更怀念「相知无远近，万里尚为邻」的开元年间，想念喧闹繁华百业兴旺的长安。”今天我在@中国青年报 @酷我音乐 ，用声音演绎@陕西历史博物馆 的鎏金舞马衔杯纹银壶，带大家体验一把#国宝的奇妙之旅# @国宝的奇妙之旅 Dear-迪丽热巴的微博视频  ,无,"http://f.video.weibocdn.com/004e0JwOlx07xNZqs7Uk010412003c0G0E010.mp4?label=mp4_hd&template=852x480.25.0&trans_finger=62b30a3f061b162e421008955c73f536&Expires=1586105529&ssig=%2BvHhdnqbnv&KID=unistore,video",无,2019-10-15 12:50,无,199653,999870,136202
Ib0vtncPK,新鲜～ 听说这里是绿洲～新鲜～ 绿洲  [组图共4张] 原图 ,"http://ww2.sinaimg.cn/large/63885668ly3g7ub8wi9hsj20u00u07ji.jpg,http://ww3.sinaimg.cn/large/63885668ly3g7ub8wftcdj20u00u04e8.jpg,http://ww3.sinaimg.cn/large/63885668ly3g7ub8wz66sj20u00u0ar4.jpg,http://ww4.sinaimg.cn/large/63885668ly3g7ub8xoqfcj20u00u0h0h.jpg",无,无,2019-10-11 15:51,绿洲APP,552766,1000000,1000000
IaGazrJ4Z,这次@慢游全世界 出海的心情既紧张又兴奋，海风里都是自由和浪漫的味道～#迪丽热巴出海造型# #慢游全世界#  [组图共3张] 原图 ,"http://ww2.sinaimg.cn/large/63885668ly1g7rx06dkhij22vp4blqv6.jpg,http://ww3.sinaimg.cn/large/63885668ly1g7rx07xdinj22wu4dbb2a.jpg,http://ww2.sinaimg.cn/large/63885668ly1g7rx04pk8rj238f4um1kz.jpg",无,无,2019-10-09 12:04,无,361833,1000000,459523
Ia6RKA89u,第一次进到卢浮宫，是来看秀～#时装周V日记##hello时装周##巴黎时装周#   [组图共4张] 原图 ,"http://ww3.sinaimg.cn/large/63885668ly1g7nhlq7xyfj230q4j1e83.jpg,http://ww2.sinaimg.cn/large/63885668ly1g7nhlrxtavj22z54gq1kz.jpg,http://ww2.sinaimg.cn/large/63885668ly1g7nhlt946sj22r844skjm.jpg,http://ww3.sinaimg.cn/large/63885668ly1g7nhluvpedj22ye4fl7wj.jpg",无,无,2019-10-05 18:12,无,532928,1000000,328527
Ia53X0yLI,#路易威登女装秀# 第一次来看路易威登的秀，被惊艳到了！到现在还在回忆～希望能够尽快买到秀上相中的帽子和包包 @路易威登  [组图共8张] 原图 ,"http://ww4.sinaimg.cn/large/63885668ly1g7n9hzfg9xj22po42ikjn.jpg,http://ww2.sinaimg.cn/large/63885668ly1g7n9i9i8lrj21s42o54qq.jpg,http://ww1.sinaimg.cn/large/63885668ly1g7n9is8iwfj210z1jfb2a.jpg,http://ww2.sinaimg.cn/large/63885668ly1g7n9mr36yyj237a4sxb2c.jpg,http://ww4.sinaimg.cn/large/63885668ly1g7n9n0ih1uj238x4vd1l1.jpg,http://ww1.sinaimg.cn/large/63885668ly1g7n9mjq3s7j23bi4z9qv7.jpg,http://ww2.sinaimg.cn/large/63885668ly1g7n9hh8gxaj230m4izhdw.jpg,http://ww4.sinaimg.cn/large/63885668ly1g7n9n961yhj23194jye84.jpg",无,无,2019-10-05 13:36,无,496118,1000000,200538
I92B0qSVa,表白祖国，把love穿身上  [组图共2张] 原图 ,"http://ww1.sinaimg.cn/large/63885668ly1g7fd13xw1ij22c0340qv7.jpg,http://ww1.sinaimg.cn/large/63885668ly1g7fd154dihj22c03401kz.jpg",无,无,2019-09-28 17:29,无,756974,1000000,675542
I8Qwkrykn,#我爱你中国#锦绣河山千万里，官方粉丝十四亿，#我是中国fans#，我为祖国骄傲。快来加入，一起为祖国献礼！粉丝认证号：我是中国FANS  ,无,无,无,2019-09-27 10:45,微博会员中心,160239,12883,10241
I8HZW7TSD,#路易威登邂逅上海# 和@路易威登 Capucines 系列包款 一起邂逅这座繁华都市！ Dear-迪丽热巴的微博视频  ,无,"http://f.video.weibocdn.com/0005vtHQlx07xjHocqNW010412006mL10E010.mp4?label=mp4_hd&template=852x480.24.0&trans_finger=ac6fb6d5c49a67fe2901ae638b222ab2&Expires=1586105542&ssig=LIkHaxY8ue&KID=unistore,video",无,2019-09-26 13:03,无,260087,1000000,285929
I8f5rg2DQ,前所未见就是将所有困难一个个迎刃而解，带上话题#创造前所未见#，发布微博分享你的故事，有机会赢取adidas好礼哦！adidasWomen的秒拍视频  ,无,"http://miaopai.video.weibocdn.com/000YaLAMlx07xeMhhb9K010412001pTo0E013.mp4?label=mp4_hd&template=720x404.24.0&trans_finger=ac6fb6d5c49a67fe2901ae638b222ab2&Expires=1586105543&ssig=KxJqxHxcoc&KID=unistore,video",无,2019-09-23 11:27,无,242184,1000000,258026
I7XIfC45K,黑是文人画卷里的墨色，是女子梳妆描眉的黛色，也是我钟爱的颜色。我是中国色彩推荐人迪丽热巴，黑色旗袍最能凸显东方女子气质，搭配单边耳饰希望给大家不一样的感受。今晚19:30锁定央视财经频道@CCTV时尚大师  一起探讨百搭的黑色吧，期待今晚的大秀～#迪丽热巴单边耳坠##不潮不出街#  [组图共4张] 原图 ,"http://ww2.sinaimg.cn/large/63885668ly1g775rg2jh0j233w4nvqv7.jpg,http://ww1.sinaimg.cn/large/63885668ly1g775rhqw85j234t4p77wj.jpg,http://ww1.sinaimg.cn/large/63885668ly1g775rjng5bj24xz3ao4qr.jpg,http://ww3.sinaimg.cn/large/63885668ly1g775rdu2vuj24zm3brqv6.jpg",无,无,2019-09-21 15:13,无,322867,1000000,307935
I6uT7jjgU,持续打call好多年，美女生日快乐🎂@杨幂 这张合照是我最喜欢的啦～  原图 ,http://wx4.sinaimg.cn/large/63885668ly1g6w0sfemiej21gy1gy1ky.jpg,无,无,2019-09-12 00:00,无,958546,17182,41766
I4XrcxduI,夏天悄悄过去啦～🍉🍉小朋友们也该去上学啦～#开学季##又是一年开学季#  [组图共4张] 原图 ,"http://ww4.sinaimg.cn/large/63885668gy1g6kbbp04lnj20op0ur44j.jpg,http://ww4.sinaimg.cn/large/63885668gy1g6kbbqdo1uj20u0140n1k.jpg,http://ww2.sinaimg.cn/large/63885668gy1g6kbbr7g9cj20og0uu48s.jpg,http://ww1.sinaimg.cn/large/63885668gy1g6kbbo9prtj20ol0ut115.jpg",无,无,2019-09-01 21:00,无,873666,1000000,514760
I4ETxF4zU,#遇见天坛#感谢@遇见天坛 给我这个机会走进神乐署，学习古乐器，大家记得都去天坛看看神乐署震撼的中和韶乐表演哦～ Dear-迪丽热巴的微博视频  ,无,"http://f.video.weibocdn.com/000hLFhwlx07wDdnLJHq01041200ewcg0E010.mp4?label=mp4_hd&template=852x480.24.0&trans_finger=ac6fb6d5c49a67fe2901ae638b222ab2&Expires=1586105544&ssig=c5ySy6Xujr&KID=unistore,video",无,2019-08-30 21:48,无,295660,1000000,99994
I4kZrfn2X,#送一百位女孩回家# 大家好，我又坐过山车了，还坐了两次，不用排队的那种感谢@丁丁张 老师带我去游乐园玩，聊了很多过去，思考了些许未来。但最重要的还是坐了过山车～总之这是一段超开心的经历 《送一百位女孩回家第三季》迪丽热巴嗨唱土味神曲超洗脑 调侃自己桃花运差  ,无,"https://data.vod.itc.cn/?new=/102/147/IeeL3Sm6SNqShBHb8jatCA.mp4&vid=5644296&u=2&key=MPA-0v2OzqRtE4tHl0PZL0rfC-8i_Mfx&plat=&mkey=imOaryEjkIH3K177g188LAmgHctDpiVn&ch=v&user=api&prod=weibo&Expires=1586105545&ssig=h%2FecHvKIzx&KID=unistore,video",无,2019-08-28 19:07,无,329997,1000000,512919
I4hxndnTa,#微博十年##我和微博的那些事# 熬最晚的夜，刷最有趣的微博～祝微博十周年生日快乐～  原图 ,http://wx2.sinaimg.cn/large/63885668ly1g6f6f6yyjzj20yi1vcx4q.jpg,无,无,2019-08-28 10:20,无,281310,1000000,169498
I3wiGwgQi,当获得小小成就有了一些积累后，很多人都会期待拥有一个美好的新家。作为@居理新房 品牌代言人，希望每个人都能找到自己的理想新房。 Dear-迪丽热巴的微博视频  ,无,"http://f.video.weibocdn.com/003eb19Ylx07wrgRDYrS010412009LXn0E010.mp4?label=mp4_hd&template=852x480.24.0&trans_finger=ac6fb6d5c49a67fe2901ae638b222ab2&Expires=1586105545&ssig=5nd94uyhOT&KID=unistore,video",无,2019-08-23 10:05,无,329306,1000000,497619
I2t5b1stf,#我要泡泡白#我的新宠“黑人密泡小苏打牙膏”上线啦！泡泡白一出，笑容bling爆全场！敢和我pk吗？@黑人牙膏官方微博 Dear-迪丽热巴的微博视频  ,无,"http://f.video.weibocdn.com/004c7V3Qlx07wgqnQCFW010412003Ga50E010.mp4?label=mp4_hd&template=540x960.24.0&trans_finger=8b4ba5dd910e61a4f562dadf6cd9a4e8&Expires=1586105545&ssig=Pjh2Xp%2BaJ2&KID=unistore,video",无,2019-08-16 12:03,无,433969,1000000,574987
I1gHWc7RS,各位潮搭特长生这个夏天可别让你的衣橱闲着来@adidasneo 潮流衣橱周➡️http://t.cn/AiTqMNuX新鲜穿搭不放假！#生来好动#adidas_neo的秒拍视频  ,无,"http://miaopai.video.weibocdn.com/003jce0Plx07w3yH4YtW0104120032wq0E013.mp4?label=mp4_hd&template=852x480.24.0&trans_finger=ac6fb6d5c49a67fe2901ae638b222ab2&Expires=1586105546&ssig=7y3%2BzTog2e&KID=unistore,video",无,2019-08-08 14:42,无,440578,1000000,439383
I16ulsq99,这个节日你们过就好了 不用管我  原图 ,http://wx4.sinaimg.cn/large/63885668ly1g5r0howiwqj21jv233e0z.jpg,无,无,2019-08-07 12:41,无,1351138,1000000,1000000
I0NEcDqed,#忘不掉的柔顺发香#如果我藏起来了？你们能找到我吗？告诉你们个小秘密，只要跟着@飘柔Rejoice 香氛洗护系列带来的柔顺发香，一定能够第一时间找到我哦！飘柔Rejoice的秒拍视频  ,无,"http://miaopai.video.weibocdn.com/002cO93elx07vYJL1Mu401041200b9uf0E013.mp4?label=mp4_hd&template=654x368.24.0&trans_finger=ac6fb6d5c49a67fe2901ae638b222ab2&Expires=1586105554&ssig=%2FWHIYKbYrh&KID=unistore,video",无,2019-08-05 12:43,无,420513,1000000,342762
HFhLkxkhQ,推开反转门，穿上叛逆香气，可甜可酷，你爱的样子我都有。IN LOVE with #YSL反转巴黎#花溢香水 Dear-迪丽热巴的秒拍视频  ,无,"http://f.us.sinaimg.cn/001SkqmYlx07vJhAl2qk0104120062NC0E010.mp4?label=mp4_hd&template=852x480.24.0&trans_finger=00d6f051af67aabec160a64dc64cc52b&Expires=1586105554&ssig=ypzis%2FsdpX&KID=unistore,video",无,2019-07-26 20:11,无,440071,1000000,501095
HE4tLgT1Q,今天超哥的补习班就要开课了，一直都在默默的关注着，听说很多人看完很感动，听说很多人发自内心的笑了，听说很多人都哭了。今天就上映了，我要去看  原图 ,http://wx4.sinaimg.cn/large/63885668ly1g548j5ckngj20u016cn5a.jpg,无,无,2019-07-18 20:32,无,532485,117249,23039
HE2g8mLA2,#和爱豆一起读书# 强国一代，#榜样阅读# 我在@中国青年报  @酷我音乐  为大家阅读法国小说家儒勒·凡尔纳的《海底两万里》，让我们一起在文字中回归初心，在经典中找寻梦想，在最美的青春年华里爱上阅读。@榜样阅读中国青年报的秒拍视频  ,无,"http://f.us.sinaimg.cn/002TtUh7lx07vw5MxtJS010412007PIQ0E010.mp4?label=mp4_hd&template=852x480.23.0&trans_finger=3830b8ad340c1e1cb34363a624d6fe9d&Expires=1586105556&ssig=ubwcy289Im&KID=unistore,video",无,2019-07-18 14:53,无,340310,1000000,201134
HDsUhjNgV,#瓶盖挑战# 有些瓶盖，一旦错过就还在#极限挑战# Dear-迪丽热巴的秒拍视频  ,无,"http://f.us.sinaimg.cn/002NQMcGlx07vqbL1oqs010412003pWD0E010.mp4?label=mp4_hd&template=852x480.23.0&trans_finger=53d43933e6520536fed61835e8c1d811&Expires=1586105556&ssig=31DHrdM%2Bgd&KID=unistore,video",无,2019-07-14 20:53,无,482846,1000000,225248
HDfGO8bVs,@路易威登 经典中不断创新的LV记录成长的LV爱了爱了#路易威登成长轨迹#  [组图共9张] 原图 ,"http://ww2.sinaimg.cn/large/63885668ly1g4y1gi8oztj23gg56o1kz.jpg,http://ww4.sinaimg.cn/large/63885668ly1g4y1glpurpj237m4tgkjm.jpg,http://ww4.sinaimg.cn/large/63885668ly1g4y1gqa621j22az3gg4qr.jpg,http://ww4.sinaimg.cn/large/63885668ly1g4y1gv0bbxj237q4tlx6r.jpg,http://ww3.sinaimg.cn/large/63885668ly1g4y1gxwa5tj23de5231ky.jpg,http://ww1.sinaimg.cn/large/63885668ly1g4y1h3gmkcj23gg56o4qr.jpg,http://ww1.sinaimg.cn/large/63885668ly1g4y1gdclhuj23gg56ou0y.jpg,http://ww1.sinaimg.cn/large/63885668ly1g4y1h8f595j23gg56ox6s.jpg,http://ww3.sinaimg.cn/large/63885668ly1g4y1hb9egaj24ra366e82.jpg",无,无,2019-07-13 11:14,无,567835,1000000,384557
HCX2lgUdU,很高兴成为MISS SIXTY亚太区代言人！@MissSixty 高腰牛仔裤，让胸以下都是腿，只为女性设计，专业造就致命吸引力！三环束腰设计，让你穿出精致小蛮腰、逆天大长腿。#MISSION SIXTY#  [组图共9张] 原图 ,"http://ww2.sinaimg.cn/large/63885668ly1g4vr4mrtpbj21jk16rqv5.jpg,http://ww4.sinaimg.cn/large/63885668ly1g4vr4nvawrj21jk16ru0x.jpg,http://ww3.sinaimg.cn/large/63885668ly1g4vr4p81g3j21jk16ru0x.jpg,http://ww1.sinaimg.cn/large/63885668ly1g4vr4qtjhpj21jk16r4qq.jpg,http://ww4.sinaimg.cn/large/63885668ly1g4vr4po09kj20rs0rsju8.jpg,http://ww2.sinaimg.cn/large/63885668ly1g4vr4rwps4j21jk16ru0x.jpg,http://ww2.sinaimg.cn/large/63885668ly1g4vr4sxo1zj21jk16ru0x.jpg,http://ww3.sinaimg.cn/large/63885668ly1g4vr4l9z93j21jk16rx6p.jpg,http://ww2.sinaimg.cn/large/63885668ly1g4vr4u6wjwj21jk16rqv5.jpg",无,无,2019-07-11 11:45,无,505034,1000000,100366
HAKEI0Qgm,哥哥起飞了哦～大家晚安🌙  [组图共2张] 原图 ,"http://ww3.sinaimg.cn/large/63885668ly1g4f0yehwi9j21sc2dsqv6.jpg,http://ww3.sinaimg.cn/large/63885668ly1g4f0yb9wq5j21sc2dsnpe.jpg",无,无,2019-06-27 00:33,无,972279,1000000,1000000
Hzip3gCXo,#617腾讯影业年度发布会# 嫦娥姐姐终于要来见阿丝儿们啦～#电影日月#  原图 ,http://wx1.sinaimg.cn/large/63885668ly1g43yl923jlj20lf112gnc.jpg,无,无,2019-06-17 10:47,无,365372,1000000,107136
HyTZc60ew,搬完这块砖，就可以吃好吃的了  [组图共3张] 原图 ,"http://ww3.sinaimg.cn/large/63885668gy1g40ypljwzvj20o70v379u.jpg,http://ww4.sinaimg.cn/large/63885668gy1g40ysojhntj22b52b51kz.jpg,http://ww1.sinaimg.cn/large/63885668gy1g40ypkrjlaj20v8168gzf.jpg",无,无,2019-06-14 20:38,无,637960,1000000,461470
HyqCimJ3e,#不潮不出街#悠闲下午时光～ Dear-迪丽热巴的秒拍视频  ,无,"http://f.us.sinaimg.cn/000eJ3z2lx07uzlTDjGg010412007bg70E010.mp4?label=mp4_hd&template=852x480.23.0&Expires=1586105565&ssig=winWnd%2FxLp&KID=unistore,video",无,2019-06-11 17:51,无,400019,1000000,266479
Hy7j30UgU,带话题词#我的身边有非遗#发布微博，分享你知道的非物质文化遗产，让我们一起关注文化传承。#极限挑战# Dear-迪丽热巴的秒拍视频  ,无,"http://f.us.sinaimg.cn/003DcjdClx07uw5kv6w0010412004EWD0E010.mp4?label=mp4_hd&template=852x480.23.0&Expires=1586105565&ssig=t32Jr%2BuXcp&KID=unistore,video",无,2019-06-09 16:42,无,304392,1000000,169187
Hy4znv1bs,100多天，说长不长，说短不短的，特别开心可以陪伴学员们一起成长，也特别开心可以和最尊敬的四位老师合作，未来我们一起加油啊！！  [组图共4张] 原图 ,"http://ww4.sinaimg.cn/large/63885668ly1g3unse580jj220a30fhdv.jpg,http://ww1.sinaimg.cn/large/63885668ly1g3unsclg5hj21zk2zcu0z.jpg,http://ww3.sinaimg.cn/large/63885668ly1g3unsgedccj23uw2kmqv7.jpg,http://ww1.sinaimg.cn/large/63885668ly1g3unsjh4jtj23uw2kl7wk.jpg",无,无,2019-06-09 09:44,无,644871,1000000,346363
HxMCXBXD5,#比耶季##高考加油#大家高考加油鸭！！！  [组图共2张] 原图 ,"http://ww3.sinaimg.cn/large/63885668ly1g3sglifn9dj21jk223npg.jpg,http://ww2.sinaimg.cn/large/63885668ly1g3sglkoxyrj21jk223qv8.jpg",无,无,2019-06-07 12:03,无,772381,1000000,365829
HxuD9hVqR,#蓝天保卫战我是行动者# 我承诺使用环保购物袋代替一次性塑料袋，助力蓝天。#和地球自拍#@联合国环境规划署 @星光公益联盟  原图 ,http://wx4.sinaimg.cn/large/63885668ly1g3q959c6imj21s02dce81.jpg,无,无,2019-06-05 14:14,无,401666,999700,26843
Hxe42nsFG,这一年，做自己。不要停下努力的步伐。  原图 ,http://wx2.sinaimg.cn/large/63885668gy1g3o6vo7axqj21jk2bc1kz.jpg,无,无,2019-06-03 20:04,无,1362851,1000000,1000000
Hx6npFlB6,今天是我的生日，来祝福我吧！  ,无,无,无,2019-06-03 00:30,生日动态,745739,1000000,83512
HwWvIaFRt,27岁♥️第一次有这么多人陪我一起过生日🎂我真的特别特别感谢台前幕后的所有工作人员，还有你们我的阿丝儿，有人问为啥27岁要办生日会，因为2.7～只有87你们会懂♥️  [组图共6张] 原图 ,"http://ww1.sinaimg.cn/large/63885668ly1g3m2i4u0j5j24782stkjl.jpg,http://ww2.sinaimg.cn/large/63885668ly1g3m2i9rqcxj238m1a6x6q.jpg,http://ww2.sinaimg.cn/large/63885668ly1g3m2i6ulxpj250m3cf1kz.jpg,http://ww4.sinaimg.cn/large/63885668ly1g3m2ibx84aj23do52ihdv.jpg,http://ww4.sinaimg.cn/large/63885668ly1g3m2idqix1j251m3d3kjl.jpg,http://ww3.sinaimg.cn/large/63885668ly1g3m2i3568fj23do52inpg.jpg",无,无,2019-06-01 23:23,无,1189405,1000000,1000000
HwUoC4d7Z,#迪丽热巴生日会# 热·爱️终于实现了承诺，紧张～（来自@Dear-迪丽热巴 的一直播）APP下载地址：http://t.cn/RDUuslr  ,无,无,无,2019-06-01 18:00,一直播Yi,262075,14374,58951
HwTM51jU7,看到你们在乖乖排队偷拍了一下一会儿见阿丝儿们  原图 ,http://wx2.sinaimg.cn/large/63885668ly1g3lqe472kwj23k01n21kz.jpg,无,无,2019-06-01 16:25,无,588822,1000000,327948
HwIQffaDK,#极限挑战#差不多就行了 咋害没完没了呢 Dear-迪丽热巴的微博视频  ,无,"http://f.us.sinaimg.cn/002bLNkPlx07uhsmsj3q010412008nvf0E010.mp4?label=mp4_hd&template=480x852.24.0&Expires=1586105567&ssig=B7TMJFCttf&KID=unistore,video",无,2019-05-31 12:35,无,383911,1000000,71883
Hvx54vawo,你说，哥哥都听你的  [组图共2张] 原图 ,"http://ww2.sinaimg.cn/large/63885668ly1g3bchdjvelj215o1qie82.jpg,http://ww4.sinaimg.cn/large/63885668ly1g3bch93ctmj215o1qjb2a.jpg",无,无,2019-05-23 16:48,无,580949,1000000,462440
Hvv6vCOF5,有的时候，真的比男生还man  [组图共3张] 原图 ,"http://ww1.sinaimg.cn/large/63885668ly1g3b3o7yf2bj20yh1as4qp.jpg,http://ww1.sinaimg.cn/large/63885668ly1g3b3odiop5j20yi1as1kx.jpg,http://ww1.sinaimg.cn/large/63885668ly1g3b3ok8dhzj20yh1as7wh.jpg",无,无,2019-05-23 11:46,无,398525,1000000,200684
HvloMhxPG,#爱上LV链条包# 时髦的三种颜色，随你风格百变～@路易威登 Dear-迪丽热巴的秒拍视频  ,无,"http://f.us.sinaimg.cn/004o2bpYlx07u30287tS010412003pW60E010.mp4?label=mp4_hd&template=852x480.23.0&Expires=1586105569&ssig=Y7XwFVYs9X&KID=unistore,video",无,2019-05-22 11:04,无,268333,1000000,37516
HuXyvduPV,终于完成了26岁的愿望了哦 Dear-迪丽热巴的微博视频  ,无,"http://f.us.sinaimg.cn/002eZ0bZlx07tYXUeUWA01041201qoSG0E010.mp4?label=mp4_hd&template=852x480.23.0&Expires=1586105569&ssig=DuO7NUQeAz&KID=unistore,video",无,2019-05-19 22:22,无,387886,1000000,203905
HuWdRDn5c,爱丽丝们行行好 别再催了好不好  原图 ,http://wx4.sinaimg.cn/large/63885668ly1g36tsgvf15j21jk2bcb2b.jpg,无,无,2019-05-19 18:58,无,426841,1000000,421988
HuqA4lVYL,等你来我的生日会  Dear-迪丽热巴的秒拍视频  ,无,"http://f.us.sinaimg.cn/002Mb7TKlx07tTo4fcow01041200232T0E010.mp4?label=mp4_hd&template=852x480.23.0&Expires=1586105569&ssig=BUJMnPeezH&KID=unistore,video",无,2019-05-16 10:25,无,443980,1000000,353876
HtIEfolQt,#极限挑战# 让我们相约在明日的东方卫视，让我们看起那些令迪头大的瞬间，只是捡完这袋垃圾，我不一定会娶你。  [组图共4张] 原图 ,"http://ww3.sinaimg.cn/large/63885668ly1g2xk0wxv4lj215o223kjn.jpg,http://ww1.sinaimg.cn/large/63885668ly1g2xk161bmuj21c41c4wzv.jpg,http://ww3.sinaimg.cn/large/63885668ly1g2xk107p25j21i31i47wh.jpg,http://ww2.sinaimg.cn/large/63885668ly1g2xk2190yij21jm1jmqv5.jpg",无,无,2019-05-11 18:34,无,412547,1000000,308657
HshGvvRby,Pick全新#YSL反转巴黎#花溢香水，可甜可酷，敢来接受这次反转挑战吗？  [组图共4张] 原图 ,"http://ww2.sinaimg.cn/large/63885668ly1g2mnep77mpj235d4q21kx.jpg,http://ww3.sinaimg.cn/large/63885668ly1g2mnesz7z3j23gg56o7wj.jpg,http://ww3.sinaimg.cn/large/63885668ly1g2mnenl1u0j22cn3iyx6r.jpg,http://ww2.sinaimg.cn/large/63885668ly1g2mnewzbvej239t4wqqv6.jpg",无,无,2019-05-02 08:05,无,498902,1000000,370429
Hsej75nhM,收工💙🖤想吃拉面🍜  原图 ,http://wx2.sinaimg.cn/large/63885668gy1g2m8fx3bxqj215o1k0azp.jpg,无,无,2019-05-01 23:29,无,517881,1000000,271933
HrRdAtvLv,时尚并非遥远星河触不可及你每天的样子，都是特别存在！@Mytheresa 为你pick#每日时尚甜心# ，让你成为最时尚的#MY女孩#http://t.cn/ESLC4vf  原图 ,http://wx1.sinaimg.cn/large/63885668ly1g2je7asptpj23as4y6npg.jpg,无,无,2019-04-29 12:43,无,351569,1000000,205112
Hrs0LEsT2,#新青年耀青春##我宣誓你接力#激荡未来，壮志在我；青春万岁，强国有我！ @中国青年报 @中国青年网 @湖南卫视 Dear-迪丽热巴的秒拍视频  ,无,"http://f.us.sinaimg.cn/002SD7twlx07to9Y8PFm01041200cZiX0E010.mp4?label=mp4_hd&template=852x480.23.0&Expires=1586105577&ssig=8UE%2F0VzzYC&KID=unistore,video",无,2019-04-26 20:32,无,241730,1000000,314646
Hqpijihr0,感谢@angelica张宇 @VogueMe 的邀请，祝VogueMe三周年快乐！今晚我们都是CoolPeople！  [组图共4张] 原图 ,"http://ww2.sinaimg.cn/large/63885668ly1g28dhkqxl1j24mh32ze82.jpg,http://ww4.sinaimg.cn/large/63885668ly1g28dhm5p5ij21ud2qlnpe.jpg,http://ww2.sinaimg.cn/large/63885668ly1g28dhocthuj233j4na1kz.jpg,http://ww4.sinaimg.cn/large/63885668ly1g28dhq69hej21xm2wgu0y.jpg",无,无,2019-04-19 23:47,无,367544,1000000,243228
HqkGNxSzT,快来#走进香奈儿展览# 打卡拍美照啦～#MademoisellePrive#  http://t.cn/EXdgpBs  [组图共9张] 原图 ,"http://ww3.sinaimg.cn/large/63885668ly1g27t6h393tj232e40cb2c.jpg,http://ww3.sinaimg.cn/large/63885668ly1g27t6j8x37j24g02yob2c.jpg,http://ww1.sinaimg.cn/large/63885668ly1g27t6l7f78j22yo3vi1l0.jpg,http://ww3.sinaimg.cn/large/63885668ly1g27t6nk15tj23et4glu11.jpg,http://ww2.sinaimg.cn/large/63885668ly1g27t6f7bogj20zk1ean29.jpg,http://ww3.sinaimg.cn/large/63885668ly1g27t6qd692j24g02yo7wl.jpg,http://ww2.sinaimg.cn/large/63885668ly1g27t6slx09j24g02yonpg.jpg,http://ww4.sinaimg.cn/large/63885668ly1g27t6uoxysj24g02yo7wj.jpg,http://ww2.sinaimg.cn/large/63885668ly1g27t6wqbfej24g02you10.jpg",无,无,2019-04-19 12:04,无,378607,1000000,195910
HpUjntMeV,祝@VogueMe  三周年生日快乐！#年轻就是不惧##VogueMeCoolPeople酷枇杷# 4月19日，一起酷玩～  @angelica张宇  原图 ,http://wx2.sinaimg.cn/large/63885668ly1g24ks31yoxj21tm2glu0x.jpg,无,无,2019-04-16 16:55,无,236472,1000000,114025
HpfUj3ffe,赤诚壮志在我胸，奋斗争先锋，幸运是努力到拼就开始起作用，看少年多英雄！我是#创造营2019#男团发起人迪丽热巴，我宣布创造营2019主题曲#喊出我的名字挑战赛#正式开始，不服来战，call me call my name！第一次挑战男团舞，真的不简单快来接受本发起人的挑战吧 迪丽热巴版主题曲《喊出我的名字》，发起人太帅了！  ,无,"https://multimedia.api.weibo.com/2/multimedia/redirect_tencent_video.json?vid=n0030yh0vlh&Expires=1586105579&ssig=H%2FNoDkiJDF&KID=unistore,video",无,2019-04-12 10:03,无,450422,1000000,148875
Hp7hu8iVa,旋转跳跃 我闭着眼  [组图共7张] 原图 ,"http://ww3.sinaimg.cn/large/63885668ly1g1yjce8bk7j22c0340hdx.jpg,http://ww1.sinaimg.cn/large/63885668ly1g1yjcrp2rtj22c0340u10.jpg,http://ww3.sinaimg.cn/large/63885668ly1g1yjd4knswj22c03401l1.jpg,http://ww3.sinaimg.cn/large/63885668ly1g1yjju4r9kj22c0340u10.jpg,http://ww3.sinaimg.cn/large/63885668ly1g1yjdgrvr4j23402c0x6r.jpg,http://ww1.sinaimg.cn/large/63885668ly1g1yjdp7dnuj22482tqkjl.jpg,http://ww4.sinaimg.cn/large/63885668ly1g1yjdqo8wdj20u0146tgk.jpg",无,无,2019-04-11 12:05,无,540212,1000000,473329
Honjmms36,托个腮都是爱你们的形状♥️  [组图共2张] 原图 ,"http://ww1.sinaimg.cn/large/63885668ly1g1sxajyeqtj21jk21y4qs.jpg,http://ww2.sinaimg.cn/large/63885668ly1g1sxamcnsrj21jk21yhdv.jpg",无,无,2019-04-06 15:04,无,778171,1000000,739876
HokWqhcqD,#XX 蒙了# 来一口@安慕希希腊酸奶 高端畅饮型橙肉凤梨新品立刻解惑哦～简单几何色彩拼接与浓郁的美味碰撞出蒙德里安风潮流美学，时尚前卫，让你玩转春日最硬核的美味艺术！快随我一起秀出你的蒙德里安风潮流style吧～ Dear-迪丽热巴的微博视频  ,无,"http://f.us.sinaimg.cn/0021rAc2lx07sRuKstOU010412002aMw0E010.mp4?label=mp4_hd&template=480x852.24.0&Expires=1586105581&ssig=xQaAWANUV6&KID=unistore,video",无,2019-04-06 09:02,无,257008,1000000,49036
HmZZ8eULs,#Be a Vogue Star# @VogueMe  原图 ,http://wx3.sinaimg.cn/large/63885668gy1g1igozs1uzj22uc49jb2i.jpg,无,无,2019-03-28 13:50,无,374941,1000000,399482
HmeTh3HvC,和我一起热血助威#2019FE电动方程式#[加油][加油][加油]  原图 ,http://wx2.sinaimg.cn/large/63885668ly1g1cos7itahj20ku1127vz.jpg,无,无,2019-03-23 13:57,无,250251,1000000,353899
Hl4Ja6vPo,哇！！谢谢红雷哥 @孙红雷 ！！！！我打的字超出太多只能发图片了我会努力的[加油][加油][加油]  原图 ,http://wx3.sinaimg.cn/large/63885668ly1g13u3geyclj20tz1qldwd.jpg,无,无,2019-03-15 22:14,无,560832,1000000,116029
HjbackcOM,今天是#世界野生动植物日# ，大海是无数可爱生物的家，也养育着全球数十亿的人口。珍存海洋生物的独特魅力，需要大家的共同关注。每行动一小步，便离我们憧憬的世界更近一步——野生生物在健康的陆地上和海洋中生生不息，人类崇尚和热爱地球生命的多样性及完整性，并受益其中。@WCS野生生物保护学会  原图 ,http://wx4.sinaimg.cn/large/63885668ly1g0pf6avv1ij22bk1igu0p.jpg,无,无,2019-03-03 10:56,OPPO随光而变R17 Pro,270742,1000000,281203
HiSKorMpq,#OPEN UP打开真我#  努力改变，只是不想输给自己；努力出发，只是想饱览终点前的精彩；现在，我要和@Garmin官方微博  一起去挑战，去冒险，去探索未知的自己。#热巴与Garmin带你型动#  [组图共6张] 原图 ,"http://ww1.sinaimg.cn/large/63885668ly1g0n5uysvy7j273x4k2hdw.jpg,http://ww3.sinaimg.cn/large/63885668ly1g0n5v2dkrqj273x4k2hdw.jpg,http://ww3.sinaimg.cn/large/63885668ly1g0n5v4x0hzj23uw2h1e84.jpg,http://ww4.sinaimg.cn/large/63885668ly1g0n5v80bxuj273x4k2e84.jpg,http://ww4.sinaimg.cn/large/63885668ly1g0n5vbvkh9j273x4k2b2c.jpg,http://ww1.sinaimg.cn/large/63885668ly1g0n5vfops3j273x4k27wk.jpg",无,无,2019-03-01 12:03,OPPO随光而变R17 Pro,384386,1000000,427138
HiCsUeQGN,看到你们都在唱歌了……清醒一点，我来了  [组图共4张] 原图 ,"http://ww2.sinaimg.cn/large/63885668ly1g0l5zrgy94j20ty13yna6.jpg,http://ww3.sinaimg.cn/large/63885668ly1g0l5zs4iunj20ty13yqo3.jpg,http://ww4.sinaimg.cn/large/63885668ly1g0l5zspkjqj20u0140h73.jpg,http://ww1.sinaimg.cn/large/63885668ly1g0l5zt815sj20u01401a1.jpg",无,无,2019-02-27 18:36,OPPO随光而变R17 Pro,681328,1000000,1000000
HhEQfd3ph,快跟我一起精彩#起.范儿#，秘诀都在@QINA亓那眼镜 Dear-迪丽热巴的秒拍视频  ,无,"http://f.us.sinaimg.cn/000lIUBhlx07rJqWRzoY010412007ejo0E010.mp4?label=mp4_hd&template=852x480.25.0&Expires=1586105584&ssig=vJ0dt9pqK7&KID=unistore,video",无,2019-02-21 10:49,OPPO随光而变R17 Pro,448167,1000000,1000000
HgDBkyj1d,#情人节这样过#大家情人节快乐，请快乐女孩独自美丽，莫要安排，谢谢大家！  [组图共6张] 原图 ,"http://ww1.sinaimg.cn/large/63885668gy1g063jti256j215o1qix6q.jpg,http://ww3.sinaimg.cn/large/63885668gy1g063jzyd84j215o1qix6q.jpg,http://ww2.sinaimg.cn/large/63885668gy1g063kgpswyj215o1qix6q.jpg,http://ww3.sinaimg.cn/large/63885668gy1g063km7askj215o1qix6q.jpg,http://ww2.sinaimg.cn/large/63885668gy1g063kre793j21qi15onpe.jpg,http://ww1.sinaimg.cn/large/63885668gy1g063kvkt2nj215o1qix6q.jpg",无,无,2019-02-14 17:49,OPPO随光而变R17 Pro,1143983,1000000,1000000
Hfdg6zG6H,#新年心祝福#祝大家新年快乐！！！2019我们继续朝着梦想的方向加油哇！！！💪💪💪  [组图共3张] 原图 ,"http://ww4.sinaimg.cn/large/63885668ly1fzv9k4m3m4j21jj2bcx6r.jpg,http://ww1.sinaimg.cn/large/63885668ly1fzv9kbawnjj23294lcnpe.jpg,http://ww1.sinaimg.cn/large/63885668ly1fzv9kghsyvj230u4mgb2a.jpg",无,无,2019-02-05 08:55,OPPO随光而变R17 Pro,598285,1000000,1000000
Hf8zzF8io,明星动态  ,无,无,无,2019-02-04 21:00,明星动态,255016,60243,300871
Hf7pxxrOR,本胖迪的2019祝福来啦～请大家接收新年祝大家事事顺心，开心每一天～我与@让红包飞 也给大家的准备了一份#新春锦鲤#红包哦～关注并转发这条微博，抽出100个幸运锦鲤，每人送2019元现金红包哦～快来收获这波#春晚#祝福吧～2月11日开奖@微博抽奖平台 让红包飞的微博视频  ,无,"http://f.us.sinaimg.cn/003cDXbYlx07rftl0tvO01041200hPVc0E010.mp4?label=mp4_hd&template=480x852.24.0&Expires=1586105646&ssig=HeGjMU%2BmuA&KID=unistore,video",无,2019-02-04 18:02,OPPO随光而变R17 Pro,546489,694507,179938
HdiqHi1oo,  [组图共4张] 原图 ,"http://ww1.sinaimg.cn/large/63885668ly1fzgoxtxacqj235w4qtkjm.jpg,http://ww4.sinaimg.cn/large/63885668ly1fzgoxym4yuj237r4tm4qr.jpg,http://ww4.sinaimg.cn/large/63885668ly1fzgoy4e98mj236t4s71kz.jpg,http://ww2.sinaimg.cn/large/63885668ly1fzgoyadfe9j238d4ul1kz.jpg",无,无,2019-01-23 18:25,OPPO随光而变R17 Pro,664349,1000000,1000000
HcMR27EqV,答应我要用新造型来迎接新年鸭出镜率很高的YEEZY小白鞋是我搭配的秘密武器#新年YEEZY搭新衣# @adidasOriginals👉http://t.cn/E5VnM0f  [组图共3张] 原图 ,"http://ww4.sinaimg.cn/large/63885668ly1fzctim4ufsj22l93vthdu.jpg,http://ww4.sinaimg.cn/large/63885668ly1fzctipq76pj22gx3pcx6p.jpg,http://ww1.sinaimg.cn/large/63885668ly1fzctirrbawj22mi3xq4qq.jpg",无,无,2019-01-20 10:02,OPPO随光而变R17 Pro,392145,1000000,500699
HcD1s8smZ,#良品铺子迪丽热巴#这是一条很好吃的微博大大的坚果、鲜嫩的海味还有自然的果干果脯，哪个是你们的最爱呢？今天下午五点，关注@良品铺子  微博直播，邀请大家和我一起探秘高端零食箱！等你们来哦～  原图 ,http://wx3.sinaimg.cn/large/63885668ly1fzbm5kp3k6j20ty1hcqv5.jpg,无,无,2019-01-19 09:00,OPPO随光而变R17 Pro,206132,1000000,128559
HckmPstKO,清晨午后黄昏的巴黎，一直是我记忆中最美的瞬间，#YSL反转巴黎# 想要抓住我吗？ #CatchMyHeart#  [组图共4张] 原图 ,"http://ww4.sinaimg.cn/large/63885668ly1fz9bsqz76oj21tm2qfkjn.jpg,http://ww3.sinaimg.cn/large/63885668ly1fz9bssyx9oj21tm2qe1l0.jpg,http://ww4.sinaimg.cn/large/63885668ly1fz9bsur37dj21tm2qex6r.jpg,http://ww1.sinaimg.cn/large/63885668ly1fz9bswmfuaj22qe1tm1l0.jpg",无,无,2019-01-17 09:30,OPPO随光而变R17 Pro,532421,1000000,597953
Hc1HM0hfF,看到你...我有一点点动心#欧莱雅小钢笔##雾上瘾#  原图 ,http://wx3.sinaimg.cn/large/63885668ly1fz71ecgpzcj22ru3o0qvd.jpg,无,无,2019-01-15 10:00,OPPO随光而变R17 Pro,310927,1000000,555100
HbuI7buNU,明星动态  ,无,无,无,2019-01-11 22:00,明星动态,269545,32219,235908
HbiOW0q5A,年会节目～请勿模仿😂  微博视频  ,无,无,无,2019-01-10 15:44,微博视频,388661,1000000,435694
HbbIklv7w,新的一年，祝大家开开心心，天天顺利1月11日，2018#微博之夜#一起玩耍！微博之夜的微博视频  ,无,"http://f.us.sinaimg.cn/0001RDHnlx07qDqFRIPC010412002aR20E010.mp4?label=mp4_hd&template=852x480.25.0&Expires=1586105650&ssig=CtxmwX23Vj&KID=unistore,video",无,2019-01-09 21:38,OPPO随光而变R17 Pro,228869,248451,153238
Hb1EQCLAH,阿尔卑斯#新年新范儿# 今年过年，我们有一份特别的礼物——我与阿尔卑斯一起为你们准备了4款全新口味的糖果：抹茶拿铁、清甜西瓜、蜜桃乌龙、海盐焦糖……其中的3款口味还组成了新年心选礼盒，一盒让你们都能#好运聚一糖#。点开视频，一封温暖家书献给你，分享我心中的甜蜜滋味～@阿尔卑斯微有爱 阿尔卑斯微有爱的秒拍视频                                 ,无,无,无,2019-01-08 20:02,OPPO随光而变R17 Pro,186764,1000000,204771
Ham3db19c,送走2018，喜提2019！新的一年，我们要为自己#2019家满活力#，认准梦的方向，热情浓厚绽放光芒！大家快去转发@活力伊利 置顶微博，把你们的成长心愿告诉我们吧！2019，冲鸭！  原图 ,http://wx3.sinaimg.cn/large/63885668ly1fyubswv44rj21mc29ou0x.jpg,无,无,2019-01-04 10:07,OPPO随光而变R17 Pro,212142,1000000,271453
Ha6GphFkX,给2019一个眼神，希望能懂我～ 微博视频  ,无,无,无,2019-01-02 18:59,微博视频,305049,1000000,34035
H9U7fpmmY,2019年，6000万位我的我们一起努力鸭 #你好2019##2019新年好#  [组图共3张] 原图 ,"http://ww4.sinaimg.cn/large/63885668ly1fyqwgfi7n9j21da21yb2b.jpg,http://ww1.sinaimg.cn/large/63885668ly1fyqwgha5e1j21db21ynpf.jpg,http://ww1.sinaimg.cn/large/63885668ly1fyqwgja8hvj21db21y1l0.jpg",无,无,2019-01-01 11:00,OPPO随光而变R17 Pro,666236,1000000,1000000
H9D5j2PH3,想要肌肤紧致保持年轻，究竟要不要听从各种不成“纹”规定呢？不用纠结，欧莱雅紫熨斗全脸眼霜就是有让我肌肤不成“纹”的实力，让我们一起#挑战不成纹# Dear-迪丽热巴的微博视频  ,无,"http://f.us.sinaimg.cn/002k8Azylx07qndDkj1m01041200aKi30E010.mp4?label=mp4_hd&template=852x480.25.0&Expires=1586105652&ssig=lIMSUhq4Z3&KID=unistore,video",无,2018-12-30 15:38,OPPO随光而变R17 Pro,191142,42894,59774
H9iPcoz1C,冬天到了，长发女孩困扰的季节也到了，是时候分享一下我的顺毛神器～噔噔噔，就是飘柔水油双层精油，一半花水一半精油，一摇就能合二为一，润养也轻盈，这个冬天打败毛躁“摇”出新招。 Dear-迪丽热巴的秒拍视频  ,无,"http://f.us.sinaimg.cn/000fqFF6lx07qjN59Aas010412004GvV0E010.mp4?label=mp4_hd&template=852x480.25.0&Expires=1586105652&ssig=rsSLOyKRYD&KID=unistore,video",无,2018-12-28 12:04,OPPO随光而变R17 Pro,163747,1000000,74973
H8QQOrTrI,挑战不同的角色，尝试不同的人生，以身外身做梦中梦。1月11日，2018#微博之夜#，我们不见不散！@微博之夜  原图 ,http://wx3.sinaimg.cn/large/63885668ly1fyiwccd6upj20ku112ki6.jpg,无,无,2018-12-25 12:51,OPPO随光而变R17 Pro,215601,63433,51601
H8ADo0W9M,V影响力峰会  ,无,无,无,2018-12-23 19:34,V影响力峰会,194385,10999,14919
H8fZKvWyS,  原图 ,http://wx4.sinaimg.cn/large/63885668ly1fyedk9lql3j21ia212dwb.jpg,无,无,2018-12-21 15:01,OPPO随光而变R17 Pro,439981,1000000,794863
H88ybgyCx,我还是乖的吧 请奖励我小红花  [组图共6张] 原图 ,"http://ww1.sinaimg.cn/large/63885668ly1fydgrdji0ej22kw3vbnpf.jpg,http://ww3.sinaimg.cn/large/63885668ly1fydgrfveapj22kw3vbhdv.jpg,http://ww1.sinaimg.cn/large/63885668ly1fydgri11tuj22kw3vdhdv.jpg,http://ww2.sinaimg.cn/large/63885668ly1fydgrkfwqkj22kw3vbe83.jpg,http://ww4.sinaimg.cn/large/63885668ly1fydgrn8u3oj22kw3vdkjn.jpg,http://ww4.sinaimg.cn/large/63885668ly1fydgrpeptvj22kx3vbhdv.jpg",无,无,2018-12-20 20:04,OPPO随光而变R17 Pro,528207,1000000,565720
H7PgUvxGG,#大V现场# #爱豆锦鲤月# 给爱丽丝们的直播❤  微博直播  ,无,无,无,2018-12-18 18:59,OPPO随光而变R17 Pro,166078,11887,182818
H7G7epJHT,2018快过去咯 还有啥今年想做的事情没有做完哦#爱豆锦鲤月#  [组图共2张] 原图 ,"http://ww4.sinaimg.cn/large/63885668ly1fy9z8jbq0ej20k00qojyi.jpg,http://ww1.sinaimg.cn/large/63885668ly1fy9z8k77cwj20k00qogry.jpg",无,无,2018-12-17 19:41,OPPO随光而变R17 Pro,320082,1000000,270966
H70FiDWng,81年前，南京沦陷，30万同胞惨遭杀戮；如今，我们勇敢守护现世和平。今天是#国家公祭日#，以国家之名祭奠，不仅为了牢记历史，更为了和平与正义长存，#国家公祭#让我们一起点亮紫金草，让和平之花绽放心间。  原图 ,http://wx4.sinaimg.cn/large/63885668ly1fy4w86br2oj20ku1124qq.jpg,无,无,2018-12-13 10:09,OPPO随光而变R17 Pro,252395,72070,24124
H6Kier99x,#卓诗尼20周年#妮妮20周岁生日趴，我们给大家准备了小礼物，大家快去掏妮妮的兜！  原图 ,http://wx2.sinaimg.cn/large/63885668ly1fy2vyp6zv5j21wy2pik43.jpg,无,无,2018-12-11 16:28,OPPO随光而变R17 Pro,209607,190109,52908
H6p6VyFrE,好了 以后自拍都是这种了  原图 ,http://wx3.sinaimg.cn/large/63885668ly1fy0ag1lyduj20yi0y8kdk.jpg,无,无,2018-12-09 10:33,OPPO随光而变R17 Pro,403650,1000000,163487
H68SN9fZq,分享图片  原图 ,http://wx2.sinaimg.cn/large/63885668ly1fxyasdam8bj21hw2004qq.jpg,无,无,2018-12-07 17:14,OPPO随光而变R17 Pro,420277,1000000,425991
H5buxhTgb,#新浪20年# 祝新浪20岁生日快乐，我们一起致敬影响力！20岁正年轻，祝未来更精彩！#我和新浪的故事#  原图 ,http://wx1.sinaimg.cn/large/63885668ly1fxr0lufz4rj20u01hcnpd.jpg,无,无,2018-12-01 10:02,OPPO随光而变R17 Pro,183695,28994,18878
H4X4Q6qw1,#天使的愿望#想有个书架，想吃大蛋糕，想有双新球鞋，想去游乐园…我们习以为常的小事，对于这些孩子来说却那么难以实现…新年将至，跨越三省六地、2864.3公里，与@新浪江苏@微公益@星光公益联盟 一起加入这次圆梦之旅，汇聚爱心→捐助孤儿与留守儿童，点亮2000个梦想  新浪江苏的秒拍视频 #遇见美好##暖视频#                                 ,无,"http://f.us.sinaimg.cn/0022tlxLlx07pzJPlghy01040201wkDH0E010.mp4?label=mp4_hd&template=852x480.20.0&Expires=1586106119&ssig=JRNe1ssRP5&KID=unistore,video",无,2018-11-29 21:21,OPPO随光而变R17 Pro,156604,1000000,33777
H3GIadPoc,爱你，我们最好的祖国❤️🇨🇳  ,无,无,无,2018-11-21 13:50,OPPO随光而变R17 Pro,732515,339513,646958
H3yUA5fD8,#世界儿童日##点亮儿童未来# 让更多人关注儿童问题，用行动促进儿童权利的实现，为儿童创造更加美好光明的未来。@联合国儿童基金会 @微公益 @星光公益联盟  原图 ,http://wx4.sinaimg.cn/large/63885668ly1fxeokf9cpaj226s2yckjs.jpg,无,无,2018-11-20 17:59,OPPO随光而变R17 Pro,187000,236819,555148
H3qgSa5ts,162天的拍摄，每一天都开心并创造着关于凤九的一切，我的小九，你要被人宠着爱着才行啊#电视剧三生三世枕上书#  [组图共2张] 原图 ,"http://ww1.sinaimg.cn/large/63885668ly1fxdmbsyg98j23vc2kwqv8.jpg,http://ww4.sinaimg.cn/large/63885668ly1fxdmbwkzi2j21ji2ba7wj.jpg",无,无,2018-11-19 19:59,OPPO随光而变R17 Pro,485359,1000000,873388
H2U406kdg,想知道我都有哪些贪心装备么来陪我逛贪心市集啊@adidasneo  市集入口👉http://t.cn/E2hyYrm#生来好动#adidas_neo的秒拍视频  ,无,"http://miaopai.video.weibocdn.com/uOcVDoaYlx07pdr3FfqM010402005a8s0E013?Expires=1586106121&ssig=fnMt%2B4Ctng&KID=unistore,video",无,2018-11-16 10:00,OPPO随光而变R17 Pro,190668,1000000,320892
H2KCZg6kb,#冷巴ACTION# 吸猫不易~  原图 ,http://wx1.sinaimg.cn/large/63885668ly1fx8ikpk3shj20ip7ps7wh.jpg,无,无,2018-11-15 09:58,OPPO随光而变R17 Pro,194075,1000000,346735
H2E2z8DDe,#疆遇四十年##中国有我# 小迪崽崽变成老迪了  [组图共2张] 原图 ,"http://ww1.sinaimg.cn/large/63885668ly1fx7phpchocj210q0oh7wh.jpg,http://ww3.sinaimg.cn/large/63885668ly1fx7phq3i03j21uf2rm7wh.jpg",无,无,2018-11-14 17:12,OPPO随光而变R17 Pro,514781,1000000,1000000
H2vGiFvLx,前几天逛街来着 刺不刺激 微博视频  ,无,无,无,2018-11-13 19:55,微博视频,302298,1000000,188757
H23z7ApE9,天气冷了，大家除了要多穿一点保暖以外，记得也要给我们的肌肤加点呵护哦，欧莱雅#7天安瓶#让你换季也不用担心干燥和细纹～  原图 ,http://wx4.sinaimg.cn/large/63885668ly1fx38gsq7sgj20rs15oh00.jpg,无,无,2018-11-10 20:21,OPPO随光而变R17 Pro,216166,1000000,141011
H1Qa38Lj8,@黑人牙膏官方微博 的两款限量版牙膏来啦，上面有两个“我”，大家更喜欢哪一个？ Dear-迪丽热巴的秒拍视频  ,无,"http://f.us.sinaimg.cn/004iETuklx07p3vTE68g010402005O7G0k010.mp4?label=mp4_hd&template=852x480.25.0&Expires=1586106121&ssig=g7uLaObUqp&KID=unistore,video",无,2018-11-09 10:13,OPPO随光而变R17 Pro,127131,1000000,127283
H1I7c102Y,咋不动呢O_o 微博视频  ,无,无,无,2018-11-08 13:44,微博视频,179180,1000000,72087
H1nNqDttw,我和@adidasneo 联名款的星动少女限定系列上线啦，你“星动”了吗？#生来好动#  [组图共3张] 原图 ,"http://ww3.sinaimg.cn/large/63885668ly1fwy4278n71j21jk2bce83.jpg,http://ww2.sinaimg.cn/large/63885668ly1fwy429062zj21jk2bc4qr.jpg,http://ww4.sinaimg.cn/large/63885668ly1fwy42atzkoj21jk2bc1kz.jpg",无,无,2018-11-06 10:01,OPPO随光而变R17 Pro,361628,1000000,497954
H1hKrD67c,小蚂蚁带着受伤的同伴急匆匆往家赶 微博视频  ,无,无,无,2018-11-05 18:37,微博视频,228970,1000000,153537
GDICatO0j,10月17日是国家扶贫日，请与我一同关注#脱贫攻坚战星光行动#启动仪式，CCTV6电影频道及全网20:15共同直播。传递正能量，传递爱，让我们一起为脱贫攻坚战助力！@中国电影报道 @电影频道融媒体中心 @微公益  原图 ,http://wx4.sinaimg.cn/large/63885668ly1fw6kbw3pc2j20u01hc1kx.jpg,无,无,2018-10-13 14:08,OPPO随光而变R17 Pro,274113,169853,22429
GDxQUocNW,做人还是要有些幻想。在你的幻想里，我是什么颜色？@OPPO @VogueMe#OPPO发现夜的美R17 Pro##VogueFilm#OPPO的秒拍视频  ,无,"http://gslb.miaopai.com/stream/CcxAYHIvmeHU0RSbv1MWsGjIdRJH-aPbdGGXMg__.mp4?yx=&refer=weibo_app&vend=weibo&label=mp4_720p&mpflag=32&Expires=1586106123&ssig=1LXWjPk1RA&KID=unistore,video",无,2018-10-12 10:44,OPPO随光而变R17 Pro,366851,1000000,39708
GDi2Wdc8S,啊哈 …天气越来越冷…大家注意保暖……  [组图共3张] 原图 ,"http://ww1.sinaimg.cn/large/63885668ly1fw3b1btwjpj21jk21y4qt.jpg,http://ww3.sinaimg.cn/large/63885668ly1fw3b1d71w3j21jk21ynpe.jpg,http://ww4.sinaimg.cn/large/63885668ly1fw3b1fqeyij21jk21yx6r.jpg",无,无,2018-10-10 18:30,OPPO随光而变R17 Pro,842089,1000000,564880
GyUOEvi6R,送花花给大美女@杨幂 ！生日快乐！！虽然点餐还需谨慎但是快回来一起吃饭呀  原图 ,http://wx4.sinaimg.cn/large/63885668ly1fv61mcbu49j20aj0aj3yp.jpg,无,无,2018-09-12 00:00,OPPO随光而变R17 Pro,689246,17517,24403
GydR8m8r6,个性，张扬，有“皮”气！全新#欧莱雅小棕皮# ，6个颜色，6种态度，你们最“棕”意哪一种？@巴黎欧莱雅 Dear-迪丽热巴的秒拍视频  ,无,"http://f.us.sinaimg.cn/003BtmMqlx07nr3tPeu40104020065UA0k010.mp4?label=mp4_hd&template=852x480.25&Expires=1586106124&ssig=uZb7u6ghZN&KID=unistore,video",无,2018-09-07 10:38,OPPO随光而变R17 Pro,261960,1000000,170455
Gxlpvnv7P,@卓诗尼官方微博 20周岁生日快乐！在接下来的日子里，和历经蜕变的卓诗尼一起“陪你美一步”。 Dear-迪丽热巴的秒拍视频  ,无,"http://f.us.sinaimg.cn/000t4VrDlx07nhQl6I7S010402002g220k010.mp4?label=mp4_hd&template=852x480.25&Expires=1586106125&ssig=GfQUqY8s%2FV&KID=unistore,video",无,2018-09-01 16:02,OPPO随光而变R17 Pro,312027,740135,48684
GwIettlH5,姑姑来啦，一嘉人小聚一下，么么哒～@杨幂 @王骁很娱乐 @深情的高伟光  原图 ,http://wx2.sinaimg.cn/large/63885668ly1fupalxxohxj221y1jk7wk.jpg,无,无,2018-08-28 12:17,OPPO随光而变R17 Pro,840180,317168,58383
GvWoGDybo,#冷巴ACTION# 我才不是冷巴这样 我明明游去了深的地方  原图 ,http://wx1.sinaimg.cn/large/63885668ly1fujfbitln0j20owcmte89.jpg,无,无,2018-08-23 10:31,OPPO随光而变R17 Pro,350845,1000000,139475
GvMV2sq9C,#2018捐一元##一点一滴为爱坚守#  @捐一元 开启第二个十年旅程，“一元”家庭不断壮大，更多贫困儿童感受到营养加餐带来的能量和愉悦。感恩每个为爱坚守的“一元”，将每一点坚持每一滴爱意持续汇入项目，下一个十年请继续和@中国扶贫基金会 一起助力贫困地区儿童健康成长，让孩子们未来可期！捐一元•献爱心•送营养                  原图                             ,http://wx4.sinaimg.cn/large/63885668ly1fui9lzdiutj217y1mw4qr.jpg,无,无,2018-08-22 10:23,OPPO随光而变R17 Pro,286871,75102,110196
GvFVAE0am,夏天就要过去啦～  [组图共4张] 原图 ,"http://ww2.sinaimg.cn/large/63885668ly1fuheqdq6brj21qi2bcb2b.jpg,http://ww4.sinaimg.cn/large/63885668ly1fuheqgfrigj21qi2bcnpe.jpg,http://ww3.sinaimg.cn/large/63885668ly1fuheqhvrrhj21qi2bcnpe.jpg,http://ww4.sinaimg.cn/large/63885668ly1fuheqn3cynj21qi2bc1kz.jpg",无,无,2018-08-21 16:35,OPPO随光而变R17 Pro,957487,1000000,221921
GvuJJd8cV,干练、精致、潇洒，不管哪种形象，亮白笑容一定是标配！我的新朋友@黑人牙膏官方微博  你说，对吗？ Dear-迪丽热巴的秒拍视频  ,无,"http://f.us.sinaimg.cn/000cdC3Wlx07mYrtaIow01040200c3ID0k010.mp4?label=mp4_hd&template=852x480.25&Expires=1586106128&ssig=dy1rpy6DuR&KID=unistore,video",无,2018-08-20 12:06,OPPO随光而变R17 Pro,352318,1000000,60725
Gv1Ge77gL,@护舒宝 “护肤级”新液体卫生巾让你一触爱上 Dear-迪丽热巴的秒拍视频  ,无,"http://f.us.sinaimg.cn/003cntg4lx07mTwDtChG010402002ZoE0k010.mp4?label=mp4_hd&template=852x480.25&Expires=1586106128&ssig=I%2ByTC1Er1w&KID=unistore,video",无,2018-08-17 10:07,OPPO超视野全面屏R15,328032,1000000,35672
GuWla5ZLx,有美丽的大海，有飘逸的长发，有柔软的沙滩，还有刚学会游泳就得瑟着去浮潜的我～琉璃一样的塞舌尔，从任何角度看都是最值得珍藏的回忆。  慢游全世界的酷燃视频  ,无,"http://fus.cdn.krcom.cn/004qSivslx07mSzjAJII01040202d9Tq0k020.mp4?label=mp4_hd&template=852x480.25&Expires=1586106128&ssig=Q4O2hMp1XG&KID=unistore,video",无,2018-08-16 20:32,OPPO超视野全面屏R15,308838,1000000,85661
Gu0PH2xxm,在这大热天里回忆一下充满海风的味道  [组图共4张] 原图 ,"http://ww2.sinaimg.cn/large/63885668ly1fu4rlm584ij21jk1111ky.jpg,http://ww3.sinaimg.cn/large/63885668ly1fu4rlnwva3j21jk1117wi.jpg,http://ww3.sinaimg.cn/large/63885668ly1fu4rlp0jcij21jk1114qq.jpg,http://ww1.sinaimg.cn/large/63885668ly1fu4rlq6ssfj21jk1111ky.jpg",无,无,2018-08-10 18:08,OPPO超视野全面屏R15,993729,1000000,125896
Gtlz0w9i3,今天收到一封情书，还带着我最爱的#YSL反转巴黎#的香味，是谁这么懂我呢？  [组图共2张] 原图 ,"http://ww1.sinaimg.cn/large/63885668ly1ftzpeu06s6j236y34mnpf.jpg,http://ww3.sinaimg.cn/large/63885668ly1ftzpewma7jj21st2p8ndf.jpg",无,无,2018-08-06 09:04,OPPO超视野全面屏R15,720094,1000000,104444
Gt4er7BQV,小鸭子 嘎嘎嘎嘎嘎  [组图共3张] 原图 ,"http://ww1.sinaimg.cn/large/63885668ly1ftxkvupxjuj21xg1abnpd.jpg,http://ww3.sinaimg.cn/large/63885668ly1ftxkvwid6pj21ab1xgnpd.jpg,http://ww3.sinaimg.cn/large/63885668ly1ftxkvxymjkj21ab1xgqv5.jpg",无,无,2018-08-04 12:56,OPPO超视野全面屏R15,1240587,1000000,108435
Grh9f10wd,#idoltube# 77女孩886 感谢有你陪伴的欢乐岁月 #电视剧一千零一夜#  娱乐日爆社的秒拍视频  ,无,"http://f.us.sinaimg.cn/0032Retmlx07mfZvNKFy01040200qsnB0k010.mp4?label=mp4_hd&template=852x480.25&Expires=1586106140&ssig=C4%2BMOIJsaF&KID=unistore,video",无,2018-07-23 18:09,OPPO超视野全面屏R15,468090,1000000,137214
Gr6XEpbYg,#新舞林大会# 不是外卖员，是“充电宝”，今晚21:05 在东方卫视等你们～  原图 ,http://wx1.sinaimg.cn/large/63885668ly1ftiphy00wjj218g22ax6q.jpg,无,无,2018-07-22 16:13,OPPO超视野全面屏R15,464186,718378,54751
GqZ24q28H,#idoltube# 昨天的我你爱答不理 今天的我你高攀不起---凌凌七抄写道。#电视剧一千零一夜# 娱乐日爆社的秒拍视频  ,无,"http://f.us.sinaimg.cn/004xwyHflx07md63d5vW01040200AilV0k010.mp4?label=mp4_hd&template=852x480.25&Expires=1586106141&ssig=RiCw0IvQqo&KID=unistore,video",无,2018-07-21 20:02,OPPO超视野全面屏R15,381803,1000000,26987
GqQnzyvkO,果然，最喜欢夏天  [组图共4张] 原图 ,"http://ww4.sinaimg.cn/large/63885668ly1ftgoat6r2xj22kw3vcu0x.jpg,http://ww4.sinaimg.cn/large/63885668ly1ftgoavkxbuj23am2724qp.jpg,http://ww3.sinaimg.cn/large/63885668ly1ftgoazae8yj22kw3vbqv5.jpg,http://ww1.sinaimg.cn/large/63885668ly1ftgob5avk7j22kw3vcnpd.jpg",无,无,2018-07-20 22:00,OPPO超视野全面屏R15,1037331,1000000,112301
Gpy6Z8p0g,#冷巴ACTION#可爱迪非要带着彩虹船拍照，还有一条被充破的火烈鸟我就不交代了  原图 ,http://wx1.sinaimg.cn/large/63885668ly1ft6txmy8ejj20do7pskgc.jpg,无,无,2018-07-12 09:39,OPPO超视野全面屏R15,0,0,0
Gpskv63er,#电视剧一千零一夜# 我们七七女孩可是学兽医专业的，食人花有病也没用，跑不了咯  [组图共2张] 原图 ,"http://ww1.sinaimg.cn/large/63885668ly1ft64f2kvj3g20dw0db7wl.gif,http://ww4.sinaimg.cn/large/63885668ly1ft64f453lpg20dw0c6x6q.gif",无,无,2018-07-11 18:56,OPPO超视野全面屏R15,492879,1000000,37431
GouiVv7zA,#电视剧一千零一夜##冷巴action# 冷七七独得姐姐厨艺真传，黑暗料理不暗黑  原图 ,http://wx1.sinaimg.cn/large/63885668ly1fsyreydgjqj21hc1vm1ky.jpg,无,无,2018-07-05 10:07,OPPO超视野全面屏R15,371237,1000000,55385
GooUT3yPz,#idoltube##电视剧一千零一夜# 谁说七七做的是黑暗料理！超棒的芥末辣条好吗，哼哼娱乐日爆社的秒拍视频  ,无,"http://f.us.sinaimg.cn/001mQrH0lx07lLXyyRsQ01040200biYh0k010.mp4?label=mp4_hd&template=852x480.25&Expires=1586106143&ssig=mfK9TI9WOR&KID=unistore,video",无,2018-07-04 20:24,OPPO超视野全面屏R15,341191,1000000,36096
GnCDvjXrZ,#idoltube##电视剧一千零一夜# 聪明伶俐，武艺高强，浑身是胆，行侠仗义，性格多变，这都不是我白玉堂凌凌七的梦境敢想也敢为 娱乐日爆社的秒拍视频  ,无,"http://f.us.sinaimg.cn/0025hN2glx07lDNNHC7e01040200iUqt0k010.mp4?label=mp4_hd&template=852x480.25&Expires=1586106144&ssig=l2dy0HrFTm&KID=unistore,video",无,2018-06-29 17:30,idoltube超话,340179,1000000,54791
GnlKWxATB,#电视剧一千零一夜#我们七七女孩很凶的  [组图共3张] 原图 ,"http://ww1.sinaimg.cn/large/63885668ly1fsq3xpobpcg20go0h3kjt.gif,http://ww4.sinaimg.cn/large/63885668ly1fsq3xs29p6g20go0fr7wl.gif,http://ww1.sinaimg.cn/large/63885668ly1fsq3xv5vuhg20go0g5nph.gif",无,无,2018-06-27 22:31,OPPO超视野全面屏R15,482725,1000000,34779
GmZ2mutlx,#电视剧一千零一夜#今晚开播，很快就要“七上巴下”了，这是我最后的倔强，好了，你们准备去看七七吧  [组图共4张] 原图 ,"http://ww4.sinaimg.cn/large/63885668ly1fsnbnxke9rj21e01e01ky.jpg,http://ww4.sinaimg.cn/large/63885668ly1fsnbnzpvorj21e01e0u0x.jpg,http://ww2.sinaimg.cn/large/63885668ly1fsnbo1fgh3j21e01e0qv5.jpg,http://ww3.sinaimg.cn/large/63885668ly1fsnbo2t7m3j21e01e04qq.jpg",无,无,2018-06-25 12:41,OPPO超视野全面屏R15,910229,1000000,74355
GkB5B6oq9,今天被这个父亲节走心视频感动到了。当你的梦想遇到困难该怎么办？我的答案都在视频里啦～看完有彩蛋哦～ #做个灵动女生#  @飘柔Rejoice Dear-迪丽热巴的秒拍视频  ,无,"http://f.us.sinaimg.cn/003cRkjMlx07l88lGN3201040200KN970k010.mp4?label=mp4_hd&template=852x480.25&Expires=1586106145&ssig=0cgrTCC%2BZX&KID=unistore,video",无,2018-06-09 20:03,做个灵动女生超话,379640,1000000,48934
GkiZero5a,今天是你们的橘子女孩  [组图共6张] 原图 ,"http://ww3.sinaimg.cn/large/63885668gy1fs2yjf7hozj22kw3vckjn.jpg,http://ww3.sinaimg.cn/large/63885668gy1fs2yjrtggtj22kw3vc4qr.jpg,http://ww4.sinaimg.cn/large/63885668gy1fs2yk3asucj22dc3k0b2a.jpg,http://ww1.sinaimg.cn/large/63885668gy1fs2ykgmisfj22kw3vc1kz.jpg,http://ww3.sinaimg.cn/large/63885668gy1fs2ykyhzj2j22kw3vcb2b.jpg,http://ww2.sinaimg.cn/large/63885668gy1fs2ylcbzslj22kw3vb7wj.jpg",无,无,2018-06-07 21:57,OPPO超视野全面屏R15,1050517,1000000,67294
GjI3trHES,勇敢，温柔，一如既往。  原图 ,http://wx2.sinaimg.cn/large/63885668gy1fryfjr2lswj20qo0qogsh.jpg,无,无,2018-06-03 23:56,OPPO超视野全面屏R15,1513701,1000000,1000000
GjGon3Av7,老铁们，我又一次回来了💅@Dear-迪丽热巴 的一直播（下载App->http://t.cn/RQ5Zfuu）  ,无,无,无,2018-06-03 19:42,一直播Yi,355781,24719,68482
GjG7oudZK,啊哈哈哈哈 我来啦老铁们！@Dear-迪丽热巴 的一直播（下载App->http://t.cn/RnlXNsd）  ,无,无,无,2018-06-03 19:00,一直播Yi,243094,22680,17454
GjyQvdNHr,祝你生日快乐  ,无,无,无,2018-06-03 00:30,生日动态,1044586,1000000,250935
GjnxqEmjr,我现在可是个超级酷的女士了！而且还有@雪碧 为我们组建的酷爽军团，就要这样一起玩转夏日战场！雪碧一开，胜利自来，还不速速加入酷爽军团和我一起#渴不及待，爽个痛快# Dear-迪丽热巴的秒拍视频  ,无,"http://f.us.sinaimg.cn/000IeyzTlx07kVlBCd3a01040200edbd0k010.mp4?label=mp4_hd&template=852x480.25&Expires=1586106147&ssig=fRRXOTcYZj&KID=unistore,video",无,2018-06-01 19:42,OPPO超视野全面屏R15,367070,1000000,36189
Gjk4GlLNP,6.1儿童节快乐哈各位小朋友作为大姐姐我就好好去工作啦  [组图共2张] 原图 ,"http://ww1.sinaimg.cn/large/63885668ly1frvhoffybxj21da21xe82.jpg,http://ww2.sinaimg.cn/large/63885668ly1frvhohpys6j21da21xe83.jpg",无,无,2018-06-01 10:53,OPPO超视野全面屏R15,900463,1000000,87707
GfzG6rPTX,有西瓜和风扇的夏天来啦🍉  原图 ,http://wx3.sinaimg.cn/large/63885668ly1fr2zt1y5bbj20ue0u0jy1.jpg,无,无,2018-05-07 19:16,OPPO超视野全面屏R15,742390,1000000,205007
GfmErwMPD,不辜负美食，也不忘保持身体的轻盈！来，接住这瓶雪碧纤维＋，酷爽不变，轻盈有加！我先开动啦～迪丽热巴轻盈小秘密  ,无,"https://api.youku.com/videos/player/file?data=WcEl1o6uVdTROVFV3TkRrek1nPT18MHwxfDEwMDUwfDAO0O0O&Expires=1586106147&ssig=2p5rXWxDLS&KID=unistore,video",无,2018-05-06 10:06,OPPO超视野全面屏R15,405123,1000000,138946
Ge4ngx82L,#电影21克拉# 咩哈哈哈 破亿啦  [组图共4张] 原图 ,"http://ww1.sinaimg.cn/large/63885668ly1fqrjs2g4n2j22pw1dau0y.jpg,http://ww3.sinaimg.cn/large/63885668ly1fqrjs6end4j22k01daqv6.jpg,http://ww4.sinaimg.cn/large/63885668ly1fqrjs9z9rmj22mt1da1kz.jpg,http://ww3.sinaimg.cn/large/63885668ly1fqrjsczqprj22ms1dax6q.jpg",无,无,2018-04-27 21:44,OPPO超视野全面屏R15,871262,1000000,188539
GdrQjabdP,承诺你们的自拍 嘿嘿 喏  [组图共4张] 原图 ,"http://ww4.sinaimg.cn/large/63885668ly1fqmtmp6d7gj20xc0xae81.jpg,http://ww4.sinaimg.cn/large/63885668ly1fqmtmq4z9xj20xc0x5e81.jpg,http://ww1.sinaimg.cn/large/63885668ly1fqmtmr12rpj20xc0wy1kc.jpg,http://ww4.sinaimg.cn/large/63885668ly1fqmtms6h89j20xc0x4e81.jpg",无,无,2018-04-23 19:38,OPPO超视野全面屏R15,1339500,1000000,227338
Gdfggv2gi,大家小时候喜欢玩躲猫猫吗？这次我们可以在游戏里玩起来了～下载#烈火如歌手游#请戳http://t.cn/RuZsfHn ，偷偷告诉你们，还有可能收到神秘小礼物哦～@微博游戏 烈火如歌手游官方微博的秒拍视频  ,无,"http://gslb.miaopai.com/stream/O0gTLbE83FysliVELz94OtEu1Ja4RodCamm4sg__.mp4?yx=&refer=weibo_app&vend=weibo&label=mp4_720p&mpflag=32&Expires=1586106150&ssig=l36VDGk9b5&KID=unistore,video",无,2018-04-22 11:36,烈火如歌手游超话,313518,418997,33787
GcYXJDsah,她的性格刚烈，爱了就是爱了，不被爱了也会洒脱的放手，和如歌一起的日子里，我们相互扶持，我所有的情绪都给了她，大家也信任的把她交给了我。现在她要回去了，希望没让大家失望。最后，愿我的如歌在她的世界里，鲜衣怒马，烈焰繁花。#电视剧烈火如歌#  [组图共3张] 原图 ,"http://ww3.sinaimg.cn/large/63885668ly1fqja5p85uij215o1qhnpf.jpg,http://ww2.sinaimg.cn/large/63885668ly1fqja5r1u4tj222315oe82.jpg,http://ww2.sinaimg.cn/large/63885668ly1fqja5u3jkdj21111jkjvh.jpg",无,无,2018-04-20 18:07,OPPO超视野全面屏R15,569536,1000000,47078
Gctjo4xPr,感谢公司@嘉行传媒 @嘉行迪丽热巴工作室 送我的迪丽冷巴！未来冷巴可以陪我们一起玩耍，我的脑洞漫画《冷巴ACTION》今天开始在腾讯动漫APP独家连载了，一起来@腾讯动漫 遇见不一样的我吧～#冷巴ACTION#http://t.cn/RmHKgs2  原图 ,http://wx3.sinaimg.cn/large/63885668ly1fqfefzieqyj20ec7pse81.jpg,无,无,2018-04-17 09:32,OPPO超视野全面屏R15,343337,1000000,39116
Gc11x41Qd,我是迪丽热巴。我就是自己的战士，我值得拥有。@巴黎欧莱雅#欧莱雅我值得拥有#  原图 ,http://wx2.sinaimg.cn/large/63885668ly1fqbxk1pwipj21xk194x0z.jpg,无,无,2018-04-14 09:31,OPPO超视野全面屏R15,519869,1000000,63141
GbV0M3Wqw,#烈火如歌手游#想要跟歌儿相遇吗？快来预约游戏，歌儿在游戏里等你哦～@微博游戏  http://t.cn/Rmol4p9烈火如歌手游官方微博的秒拍视频  ,无,"http://gslb.miaopai.com/stream/ncBbNNMINMzvVebxg~1aFiIAXV5A3GRULYEycA__.mp4?yx=&refer=weibo_app&vend=weibo&label=mp4_720p&mpflag=32&Expires=1586106150&ssig=nS8QupiGzd&KID=unistore,video",无,2018-04-13 18:13,烈火如歌手游超话,292999,497580,22676
GbK23tCJu,青春应该是什么样子？这次让全能手机人小紫告诉你！#OPPO热舞吧青春##R15就要这样紫# 热巴热血演绎青春态度  ,无,"https://multimedia.api.weibo.com/2/multimedia/redirect_tencent_video.json?vid=h142560ams9&Expires=1586106151&ssig=qjaqSQA95w&KID=unistore,video",无,2018-04-12 14:16,OPPO超视野全面屏R15,427833,1000000,60198
Gaw5ouhFZ,#idoltube##电视剧烈火如歌# 以为自己只是个记忆口袋的歌儿，哭惨了，给你抱抱娱乐日爆社的秒拍视频  ,无,"http://f.us.sinaimg.cn/004Ck6Kxlx07jqfGXmPm01040200dHpH0k010.mp4?label=mp4_hd&template=852x480.25&Expires=1586106161&ssig=0UxKKg22JW&KID=unistore,video",无,2018-04-04 12:55,OPPO超视野全面屏R15,429779,1000000,154021
GalrG9EpR,这就是我心心念念的见面礼？我的脑洞“迪丽冷巴”？谢谢公司@嘉行传媒 @嘉行迪丽热巴工作室 为我准备的4000万礼物！我的脑洞就这么出道了你好哇，我的冷巴#冷巴ACTION# Dear-迪丽热巴66tj5的秒拍视频  ,无,"http://miaopai.video.weibocdn.com/kiVsAM9Wlx07joAjlzNe01040200jAEH0E013?Expires=1586106162&ssig=nweiBCG0lr&KID=unistore,video",无,2018-04-03 09:50,冷巴action超话,579513,1000000,97837
G9WVSruMC,#我在看烈火#开会了开会了 歌儿庄主有话讲 请看大屏幕  原图 ,http://wx2.sinaimg.cn/large/63885668ly1fpw82bj7ttj21qi15oe83.jpg,无,无,2018-03-31 19:26,OPPO超视野全面屏R15,480207,1000000,64761
G9KJVDf6H,哇 现在都可以隔空抓娃娃了！我们烈火如歌的周边还不是那么好拿到的，你要先抓得到娃娃才行戳→微博抓娃娃上微博，抓正版娃娃  ,无,无,无,2018-03-30 12:23,OPPO超视野全面屏R15,324527,92363,21560
G9EL0DcCF,#电视剧烈火如歌# 我们歌儿真的是霸气的江湖人 霸气如歌欲“强嫁”银雪  ,无,"https://api.youku.com/videos/player/file?data=WcEl1o6uVdXdNRFF3TXpVeE1nPT18MHwxfDEwMDUwfDEO0O0O&Expires=1586106162&ssig=p%2B9Jn9uWeQ&KID=unistore,video",无,2018-03-29 21:10,OPPO超视野全面屏R15,297515,1000000,57894
G9jhyg4vU,#电视剧烈火如歌# 小歌儿等你们哦 ，别都去冥麻麻那里了  原图 ,http://wx2.sinaimg.cn/large/63885668ly1fprd0rdan5j21qi15ou0z.jpg,无,无,2018-03-27 14:29,OPPO超视野全面屏R15,448232,1000000,86496
G8rsVuL0M,#电视剧烈火如歌# 30亿福利喏，如歌·写真  [组图共6张] 原图 ,"http://ww1.sinaimg.cn/large/63885668ly1fpkrfb9sroj21qi15onpd.jpg,http://ww2.sinaimg.cn/large/63885668ly1fpkrfe9g8hj21qi15oqv5.jpg,http://ww2.sinaimg.cn/large/63885668ly1fpkrfgxfy2j21qi15ob29.jpg,http://ww1.sinaimg.cn/large/63885668ly1fpkrfjk65vj21qi15okjl.jpg,http://ww1.sinaimg.cn/large/63885668ly1fpkrfkpgfvj21qi15okjl.jpg,http://ww3.sinaimg.cn/large/63885668ly1fpkrfncw79j21qi15oqv5.jpg",无,无,2018-03-21 21:29,OPPO超视野全面屏R15,604401,1000000,114459
G7vZd7qdo,#电视剧烈火如歌# 今晚又见歌儿，表情包送给您！  [组图共4张] 原图 ,"http://ww4.sinaimg.cn/large/63885668ly1fpdpo6ufgng2074074tkr.gif,http://ww2.sinaimg.cn/large/63885668ly1fpdpo7auadg2074074wsi.gif,http://ww3.sinaimg.cn/large/63885668ly1fpdpo7omc7g2074074all.gif,http://ww4.sinaimg.cn/large/63885668ly1fpdpo82q40g2074074drd.gif",无,无,2018-03-15 19:09,OPPO超视野全面屏R15,493609,1000000,99814
G73v1n9u5,#电视剧烈火如歌# get追剧新姿势你们都怎么追剧呀  [组图共5张] 原图 ,"http://ww1.sinaimg.cn/large/63885668ly1fpa7woi89wj211i1e0qbv.jpg,http://ww3.sinaimg.cn/large/63885668ly1fpa7wqmeh3j211i1e0qdh.jpg,http://ww2.sinaimg.cn/large/63885668ly1fpa7wr6msej20u0140teo.jpg,http://ww4.sinaimg.cn/large/63885668ly1fpa7wrxmcnj211i1e07fc.jpg,http://ww1.sinaimg.cn/large/63885668ly1fpa7wv79slj211i1e04qq.jpg",无,无,2018-03-12 18:38,OPPO超视野全面屏R15,605597,1000000,108076
G6TwIivax,#idoltube##电视剧烈火如歌# 歌儿的小宇宙爆发了，这才刚刚开始呢 娱乐日爆社的秒拍视频  ,无,"http://f.us.sinaimg.cn/001lveLYlx07iLibp5Ve01040200Ud6H0k010.mp4?label=mp4_hd&template=25&Expires=1586106165&ssig=Q3DRdLZH%2F8&KID=unistore,video",无,2018-03-11 17:15,OPPO超视野全面屏R15,295298,631477,40386
G6zN7utDM,#idoltube##电视剧烈火如歌# 小歌歌溜了溜了娱乐日爆社的秒拍视频  ,无,"http://f.us.sinaimg.cn/00457sIGlx07iJR6LLfW01040200JZjg0k010.mp4?label=mp4_hd&template=25&Expires=1586106165&ssig=gBlX364T9P&KID=unistore,video",无,2018-03-09 15:00,OPPO超视野全面屏R15,345939,758422,59545
G6o0CuQ0B,#电视剧烈火如歌# 梨院听雪独守流年，只盼与他再次相见。 《烈火如歌》张碧晨深情献唱如歌情感主题曲《听雪》MV  ,无,"https://api.youku.com/videos/player/file?data=WcEl1o6uUdTBOek01TWpreU9BPT18MHwxfDEwMDUwfDEO0O0O&Expires=1586106166&ssig=FRhwlMvPNS&KID=unistore,video",无,2018-03-08 09:00,OPPO超视野全面屏R15,332330,615239,46919
G5Q8qqLhW,#大病医保# 内蒙古科右前旗，12岁的欢欢患白血病，在基本医保和“大病医保”的保障下，一年8万住院费只用自费1万元。2018，#大病医保模型# 助力国家健康扶贫，让585个贫困县2500万儿童免于因病致贫、返贫。儿童健康，中国强壮！@大病医保 @微公益 [品牌捐]多一个40元，一个乡村孩子多一份健康保障  原图 ,http://wx1.sinaimg.cn/large/63885668ly1fp0z6zkhjwj20ka0sgdn4.jpg,无,无,2018-03-04 18:46,前后2000万 OPPO R11s,299444,182268,34259
G5wHKlt3R,#电视剧烈火如歌# 破亿啦！下周烧饼铺就要开张啦，都来吃烧饼哟，买一...送...么么哒  原图 ,http://wx2.sinaimg.cn/large/63885668ly1foylexc8wij21qi15ob2b.jpg,无,无,2018-03-02 17:18,前后2000万 OPPO R11s,671549,1000000,89092
G5k1NFWup,#电视剧烈火如歌# 拔刀吧 就在今天  “烈火燎原”版终极预告 3月1日优酷全网独播  ,无,"https://api.youku.com/videos/player/file?data=WcEl1o6uUdXlPVGd4TkRZNU1nPT18MHwxfDEwMDUwfDEO0O0O&Expires=1586106166&ssig=FRhwlMvPNS&KID=unistore,video",无,2018-03-01 09:02,前后2000万 OPPO R11s,449044,507626,30842
G5jE6rodD,想要时尚能量？ 就来@adidasneo #时尚集训营#  跟本教官特训5天吧！ 特意精挑细选了毕业礼物， 都不许逃课哦  #生来好动#  原图 ,http://wx2.sinaimg.cn/large/63885668ly1fowzolucquj230x3201l4.jpg,无,无,2018-03-01 08:04,前后2000万 OPPO R11s,504617,1000000,32666
G59S8rn5v,大美人@angelababy 生日快乐越来越美笑容常伴  ,无,无,无,2018-02-28 07:11,前后2000万 OPPO R11s,729255,23605,20420
G3mqCw7Iq,大家新年快乐，希望新的一年你们依然这么可爱，我也会努力的  [组图共2张] 原图 ,"http://ww3.sinaimg.cn/large/63885668ly1foi4m07d2uj21d92fk1ky.jpg,http://ww3.sinaimg.cn/large/63885668ly1foi4m1on8bj21d92fkx6p.jpg",无,无,2018-02-16 11:28,前后2000万 OPPO R11s,1335480,1000000,125303
G3hwP1dmq,#迪丽热巴的红包#福利时间到！年夜饭要吃饱饱的哦！我给大家准备了大大的红包，跟我一起点亮#中国赞#！祝大家新年万事如意～快来抢！Dear-迪丽热巴  的红包  ,无,无,无,2018-02-15 23:00,前后2000万 OPPO R11s,330697,20403,10917
G35j0gbRO,马上要过年啦，赶在今天向我们温暖强大的祖国表白，也为辛苦一年的大家加油鼓劲儿，让我们一起点亮#中国赞#！  原图 ,http://wx1.sinaimg.cn/large/63885668gy1fog10nozboj222w2rvat1.jpg,无,无,2018-02-14 15:53,前后2000万 OPPO R11s,1033633,1000000,55807
G2XG8o9iv,我来啦～春节快到了，我不仅发了视频还带了礼物，领取地点就藏在视频里了！记得明晚11点来拿～ Dear-迪丽热巴的秒拍视频  ,无,"http://f.us.sinaimg.cn/000EmICtlx07i98tJP68010402004rD50k010.mp4?label=mp4_hd&template=25&Expires=1586106168&ssig=J9gSZl8hqL&KID=unistore,video",无,2018-02-13 20:28,前后2000万 OPPO R11s,0,0,0
G2V4rxKz9,新的一年，祝大家福到财到，好运常在。集五福，迎欢乐福年～#电视剧烈火如歌# 烈如歌@迪丽热巴召唤你集五福  ,无,"https://api.youku.com/videos/player/file?data=WcEl1o6uTdTNORE0zTkRreU1BPT18MHwxfDEwMDUwfDEO0O0O&Expires=1586106169&ssig=PpUoFUlXaD&KID=unistore,video",无,2018-02-13 13:49,前后2000万 OPPO R11s,488097,1000000,30760
G2aDpzmOz,超老哥 生日快乐 祝你越来越年轻 @邓超  ,无,无,无,2018-02-08 15:36,前后2000万 OPPO R11s,1123594,123513,40259
G1GYUDPMT,要跟哪双鞋纠葛三生、没玩没了？ @adidasneo#adidasneo没玩没了##生来好动#  [组图共2张] 原图 ,"http://ww1.sinaimg.cn/large/63885668ly1fo5fvuu20xj215o1qiqv5.jpg,http://ww1.sinaimg.cn/large/63885668ly1fo5fvwlveej215o1qinpd.jpg",无,无,2018-02-05 12:07,前后2000万 OPPO R11s,891926,1000000,106953
G1qTdwgRO,我的新歌《好运聚一糖》来啦！满满的祝福都在这首歌里，快来接收我和@阿尔卑斯微有爱 给你带来的甜蜜和好运吧。这个新年，跟我一起#好运聚一糖#！阿尔卑斯微有爱的秒拍视频  ,无,"http://f.us.sinaimg.cn/002PRWFylx07hT1ebpZe01040200Ku980k010.mp4?label=mp4_hd&template=28&Expires=1586106171&ssig=aEnVTBOd39&KID=unistore,video",无,2018-02-03 19:09,前后2000万 OPPO R11s,865981,1000000,77572
G1ioAhhqw,我是世界第一小可爱  [组图共2张] 原图 ,"http://ww3.sinaimg.cn/large/63885668ly1fo2fdo9fi4j215o1jh7wi.jpg,http://ww1.sinaimg.cn/large/63885668ly1fo2fdprd3nj215o1jhu0x.jpg",无,无,2018-02-02 21:31,前后2000万 OPPO R11s,1718346,1000000,149036
G0QnmbDne,嘿，晚安  [组图共2张] 原图 ,"http://ww3.sinaimg.cn/large/63885668ly1fnyzog3l9ej215o1jhu0x.jpg,http://ww2.sinaimg.cn/large/63885668ly1fnyzohxg42j21jh15okjl.jpg",无,无,2018-01-30 22:11,前后2000万 OPPO R11s,1512582,1000000,179462
G0m79lN4o,分享一张我的照片  原图 ,http://wx3.sinaimg.cn/large/63885668ly1fnva2yjqcvj20zk0qqx5o.jpg,无,无,2018-01-27 17:09,前后2000万 OPPO R11s,1263444,1000000,156776
FFx7EgBxf,大家都这么会玩，我也只好放大招@adidasneo #adidasneo没玩没了#  原图 ,http://wx1.sinaimg.cn/large/63885668ly1fnpc6w8c9vg20wt1884qr.gif,无,无,2018-01-22 13:49,前后2000万 OPPO R11s,664177,1000000,97325
FFo1A9sh8,冬天还是要吃冰糖葫芦才对啊  [组图共2张] 原图 ,"http://ww2.sinaimg.cn/large/63885668ly1fno80shmyyj21jk1jk1kz.jpg,http://ww4.sinaimg.cn/large/63885668ly1fno80u5xf4j21jk1jk1kz.jpg",无,无,2018-01-21 14:39,前后2000万 OPPO R11s,1242855,1000000,107710
FF6Zfhw6t,我  [组图共2张] 原图 ,"http://ww1.sinaimg.cn/large/63885668ly1fnm4t3zfimj20yc0yenl4.jpg,http://ww1.sinaimg.cn/large/63885668ly1fnm4t54r9nj20xw0yinpd.jpg",无,无,2018-01-19 19:17,前后2000万 OPPO R11s,1444741,1000000,154085
FEEPmnCv9,吹风车 嘿嘿  [组图共2张] 原图 ,"http://ww2.sinaimg.cn/large/63885668ly1fniohqv0ocj21jk1jkqv5.jpg,http://ww1.sinaimg.cn/large/63885668ly1fnio9fsmayj21jk1jkqv5.jpg",无,无,2018-01-16 19:35,前后2000万 OPPO R11s,1244923,1000000,319101
FDThJFjTG,不复存在的刘海儿  原图 ,http://wx4.sinaimg.cn/large/63885668ly1fncukan22sj20zk0qqh2t.jpg,无,无,2018-01-11 18:33,前后2000万 OPPO R11s,1564032,1000000,175824
FDyzh48Zk,温暖的祖蓝哥@王祖藍  生日快乐永远开心，像图片里一样，永远有好吃的围绕你。  原图 ,http://wx4.sinaimg.cn/large/63885668ly1fnaauv37w3j20oc12eqd0.jpg,无,无,2018-01-09 13:49,前后2000万 OPPO R11s,1055977,197305,26074
FDr6gkPfr,行，别催了，都看到了，大哥来了  [组图共3张] 原图 ,"http://ww3.sinaimg.cn/large/63885668ly1fn9dzmihvhj21401hcu0y.jpg,http://ww4.sinaimg.cn/large/63885668ly1fn9dzpmiz7j21401hckjm.jpg,http://ww4.sinaimg.cn/large/63885668ly1fn9dzsj5g2j21401hckjm.jpg",无,无,2018-01-08 18:48,前后2000万 OPPO R11s,1317193,1000000,97288
FCkPEfDDz,2018.1.1  [组图共2张] 原图 ,"http://ww2.sinaimg.cn/large/63885668ly1fn10r6iyrrj211k1e0u0x.jpg,http://ww4.sinaimg.cn/large/63885668ly1fn10rk9w60j21e011k7wi.jpg",无,无,2018-01-01 13:01,前后2000万 OPPO R11s,1921995,1000000,136914
