﻿微博id,微博正文,原始图片url,微博视频url,发布位置,发布时间,发布工具,点赞数,转发数,评论数
IopFup8ae,[置顶]妈，电影《你好，李焕英》杀青了。我厉害不？  原图 ,http://wx1.sinaimg.cn/large/5d5bdb91gy1gao8mn6o0hj22pe15gqv6.jpg,无,无,2020-01-07 19:48,HUAWEI Mate30 Pro 5G,330158,14445,31309
IBDLH6NXP,#王牌对王牌# Everybody！你们准备好了吗？王牌乐队最佳鼓手要为你们演奏啦今晚21:10浙江卫视 ，让我们一起嗨起来  [组图共2张] 原图 ,"http://ww2.sinaimg.cn/large/5d5bdb91ly1gdgt6sb2k8j23nv2fx7wo.jpg,http://ww1.sinaimg.cn/large/5d5bdb91ly1gdgt6xjfi7j24002o0b2i.jpg",无,无,2020-04-03 19:36,无,36166,860,3187
IAerNexdO,我可能又遇到难题了：王冠…没有心...流泪男孩...组成一句潮人暗语？我太难了！传送门👉🏻3月26日上午11:00  ，@安慕希希腊酸奶 听说还有更多潮人暗语？在线蹲个答案！#2020潮人趋势#  原图 ,http://wx2.sinaimg.cn/large/5d5bdb91ly1gd63olpkbjj21r00zfe83.jpg,无,无,2020-03-25 13:18,无,28336,408,1676
IzdE7ovSJ,希望每个收到短信的你都能够平安健康❤️ 晚安～ @新世相 @中国日报  原图 ,http://wx4.sinaimg.cn/large/5d5bdb91ly1gcyednnm8ej20on1e3jvy.jpg,无,无,2020-03-18 21:25,无,31252,204,1549
Iwjszl8E0,有人花钱吃喝，有人花钱点歌，有人花钱按摩，今儿我雇个好活儿，你们猜猜是什么活儿？#王牌对王牌#  原图 ,http://wx3.sinaimg.cn/large/5d5bdb91ly1gccawukezij247j2t1e88.jpg,无,无,2020-02-28 18:42,无,43977,1322,3165
Ivnehvbvm,#王牌对王牌#  #我有一个秘密# 我的酒窝，没有酒  原图 ,http://wx4.sinaimg.cn/large/5d5bdb91ly1gc55rymg8mj24g02yo4qp.jpg,无,无,2020-02-22 14:27,无,85090,1019,5050
Ivfdi9bVD,疫情不出门，宅家看王牌！看图说话，你们猜到我是哪一位格格了吗？#王牌对王牌#  原图 ,http://wx1.sinaimg.cn/large/5d5bdb91ly1gc46hqxky2j23on2gfu14.jpg,无,无,2020-02-21 18:03,无,46634,355,5492
Ivdcqy59p,#战疫打卡行动#我已打卡1天，面对疫情我承诺：特殊时期不吃生食。每天打卡—>#战疫打卡行动#  ，表达战疫态度，让每个小坚持都有大意义！活动期间，新浪每天向疫区捐助1辆负压救护车。有你我的坚持，武汉不孤单！  原图 ,http://wx4.sinaimg.cn/large/5d5bdb91ly1gc3xlpen5qj20ku112jy5.jpg,无,无,2020-02-21 12:55,微博品牌活动,9256,562,962
Iv6AAAeFj,面对疫情，我们更要彼此守望。我是晚安大使贾玲，我和 @新世相  @中国日报 邀请你加入 #晚安短信湖北计划#  。2月24日起每晚10点，身在湖北的你都会收到一条晚安短信，直到疫情好转。还可以和全国的陌生人互相交换晚安。点击链接即可报名👉http://t.cn/A6hYxvUC   希望这份晚安能为你提供力量，去迎...全文 原图 ,http://wx2.sinaimg.cn/large/5d5bdb91ly1gc3483ld6mj20u01hcb2a.jpg,无,无,2020-02-20 20:06,无,31364,1615,2999
Ir0Wu2Hti,我的毛衣不好看吗  [组图共2张] 原图 ,"http://ww3.sinaimg.cn/large/5d5bdb91ly1gb80ktuel1j209j07r3yr.jpg,http://ww1.sinaimg.cn/large/5d5bdb91ly1gb80ku839aj20nm0dbtaj.jpg",无,无,2020-01-24 22:22,无,134607,1096,10718
IpNPEe2hm,我没抢到华子演唱会的门票！！！服了！！！@张闻儿 你给我个交代！！！  ,无,无,无,2020-01-16 23:09,iPhone 11 Pro Max,23143,798,4749
Iphgh3qk0,听说大家忙着集福呢？2020年了！！安慕希2020先赐福再许愿难道不香吗？我的新年愿望是吃火锅，现在不正吃呢嘛，真香   #浓浓新年味 一起安慕希# http://t.cn/AiFOTOtU  贾玲的微博视频  ,无,"http://f.video.weibocdn.com/000WqUvolx07A7v7FD1601041201gv020E010.mp4?label=mp4_hd&template=852x480.25.0&trans_finger=62b30a3f061b162e421008955c73f536&Expires=1586172441&ssig=2NMiYTQXyL&KID=unistore,video",无,2020-01-13 12:14,微博视频,29319,1743,3110
微博id,微博正文,原始图片url,微博视频url,发布位置,发布时间,发布工具,点赞数,转发数,评论数
IopFup8ae,[置顶]妈，电影《你好，李焕英》杀青了。我厉害不？  原图 ,http://wx1.sinaimg.cn/large/5d5bdb91gy1gao8mn6o0hj22pe15gqv6.jpg,无,无,2020-01-07 19:48,HUAWEI Mate30 Pro 5G,330160,14445,31309
IBDLH6NXP,#王牌对王牌# Everybody！你们准备好了吗？王牌乐队最佳鼓手要为你们演奏啦今晚21:10浙江卫视 ，让我们一起嗨起来  [组图共2张] 原图 ,"http://ww2.sinaimg.cn/large/5d5bdb91ly1gdgt6sb2k8j23nv2fx7wo.jpg,http://ww1.sinaimg.cn/large/5d5bdb91ly1gdgt6xjfi7j24002o0b2i.jpg",无,无,2020-04-03 19:36,无,36170,860,3187
IAerNexdO,我可能又遇到难题了：王冠…没有心...流泪男孩...组成一句潮人暗语？我太难了！传送门👉🏻3月26日上午11:00  ，@安慕希希腊酸奶 听说还有更多潮人暗语？在线蹲个答案！#2020潮人趋势#  原图 ,http://wx2.sinaimg.cn/large/5d5bdb91ly1gd63olpkbjj21r00zfe83.jpg,无,无,2020-03-25 13:18,无,28336,408,1676
IzdE7ovSJ,希望每个收到短信的你都能够平安健康❤️ 晚安～ @新世相 @中国日报  原图 ,http://wx4.sinaimg.cn/large/5d5bdb91ly1gcyednnm8ej20on1e3jvy.jpg,无,无,2020-03-18 21:25,无,31254,204,1549
Iwjszl8E0,有人花钱吃喝，有人花钱点歌，有人花钱按摩，今儿我雇个好活儿，你们猜猜是什么活儿？#王牌对王牌#  原图 ,http://wx3.sinaimg.cn/large/5d5bdb91ly1gccawukezij247j2t1e88.jpg,无,无,2020-02-28 18:42,无,43977,1322,3165
Ivnehvbvm,#王牌对王牌#  #我有一个秘密# 我的酒窝，没有酒  原图 ,http://wx4.sinaimg.cn/large/5d5bdb91ly1gc55rymg8mj24g02yo4qp.jpg,无,无,2020-02-22 14:27,无,85090,1019,5050
Ivfdi9bVD,疫情不出门，宅家看王牌！看图说话，你们猜到我是哪一位格格了吗？#王牌对王牌#  原图 ,http://wx1.sinaimg.cn/large/5d5bdb91ly1gc46hqxky2j23on2gfu14.jpg,无,无,2020-02-21 18:03,无,46634,355,5492
Ivdcqy59p,#战疫打卡行动#我已打卡1天，面对疫情我承诺：特殊时期不吃生食。每天打卡—>#战疫打卡行动#  ，表达战疫态度，让每个小坚持都有大意义！活动期间，新浪每天向疫区捐助1辆负压救护车。有你我的坚持，武汉不孤单！  原图 ,http://wx4.sinaimg.cn/large/5d5bdb91ly1gc3xlpen5qj20ku112jy5.jpg,无,无,2020-02-21 12:55,微博品牌活动,9256,562,962
Iv6AAAeFj,面对疫情，我们更要彼此守望。我是晚安大使贾玲，我和 @新世相  @中国日报 邀请你加入 #晚安短信湖北计划#  。2月24日起每晚10点，身在湖北的你都会收到一条晚安短信，直到疫情好转。还可以和全国的陌生人互相交换晚安。点击链接即可报名👉http://t.cn/A6hYxvUC   希望这份晚安能为你提供力量，去迎接一个平安的明天                  原图                             ,http://wx2.sinaimg.cn/large/5d5bdb91ly1gc3483ld6mj20u01hcb2a.jpg,无,无,2020-02-20 20:06,无,31364,1615,2999
Ir0Wu2Hti,我的毛衣不好看吗  [组图共2张] 原图 ,"http://ww3.sinaimg.cn/large/5d5bdb91ly1gb80ktuel1j209j07r3yr.jpg,http://ww1.sinaimg.cn/large/5d5bdb91ly1gb80ku839aj20nm0dbtaj.jpg",无,无,2020-01-24 22:22,无,134607,1096,10718
IpNPEe2hm,我没抢到华子演唱会的门票！！！服了！！！@张闻儿 你给我个交代！！！  ,无,无,无,2020-01-16 23:09,iPhone 11 Pro Max,23143,798,4749
Iphgh3qk0,听说大家忙着集福呢？2020年了！！安慕希2020先赐福再许愿难道不香吗？我的新年愿望是吃火锅，现在不正吃呢嘛，真香   #浓浓新年味 一起安慕希# http://t.cn/AiFOTOtU  贾玲的微博视频  ,无,"http://f.video.weibocdn.com/000WqUvolx07A7v7FD1601041201gv020E010.mp4?label=mp4_hd&template=852x480.25.0&trans_finger=62b30a3f061b162e421008955c73f536&Expires=1586172629&ssig=VuG30uw6YZ&KID=unistore,video",无,2020-01-13 12:14,微博视频,29319,1743,3110
