﻿微博id,微博正文,原始图片url,微博视频url,发布位置,发布时间,发布工具,点赞数,转发数,评论数
IBjzP2ptF,#照骗必备穿搭元素#买贴纸送项链 绿洲  [组图共2张] 原图 ,"http://ww3.sinaimg.cn/large/451082e9ly3gdec1v82awj20u0140gsb.jpg,http://ww2.sinaimg.cn/large/451082e9ly3gdec1vf16ej21400u0n77.jpg",无,无,2020-04-01 16:11,绿洲APP,24297,10349,11217
Iz9ER0R4R,网课几点下？我是来接你们下课的  原图 ,http://wx3.sinaimg.cn/large/451082e9ly1gcxwrbhuukj21tc1tcx6p.jpg,无,无,2020-03-18 11:16,无,47407,10675,13521
IyQW7mR0K,春  [组图共2张] 原图 ,"http://ww3.sinaimg.cn/large/451082e9ly1gcvm5y1me8j22tc2404qr.jpg,http://ww2.sinaimg.cn/large/451082e9ly1gcvm5zzjf4j22402tc1l2.jpg",无,无,2020-03-16 11:36,无,26471,10312,11517
Ixy61xHBx,宅家开箱记 ｜这牛奶屏真的是滑滑滑滑滑滑滑……还有一个神奇的功能，已经完全沦陷在#OPPO Find X2#的神奇魅力中 李溪芮的微博视频  ,无,"http://f.video.weibocdn.com/1iEwnWqSlx07BwgD291K010412027UR40E010.mp4?label=mp4_hd&template=852x480.25.0&trans_finger=62b30a3f061b162e421008955c73f536&Expires=1586150566&ssig=pn1NtMz7M3&KID=unistore,video",无,2020-03-07 21:48,OPPO Find X2 Pro,81001,27021,19282
IxlwuCf3c,#全民洗手舞#勤洗手，保健康，来跟我一起参加全民洗手舞挑战~@中国广告协会 @卫生计生文化推广平台@家庭报官微@人民视讯 @腾讯视频@腾讯微视@微公益 李溪芮的微博视频  ,无,"http://f.video.weibocdn.com/9SdslEmhlx07Bu8JVssM010412006grl0E010.mp4?label=mp4_hd&template=480x852.24.0&trans_finger=7c347e6ee1691b93dc7e5726f4ef34b3&Expires=1586150567&ssig=YDo5bsIKQa&KID=unistore,video",无,2020-03-06 13:47,无,17438,10449,10931
IuaIhvKq8,小怪兽不会画 画个彩蛋祝大家情人节快乐～  原图 ,http://wx2.sinaimg.cn/large/451082e9ly1gbw0vgg7m1j21400u0naj.jpg,无,无,2020-02-14 16:45,无,67298,20516,12012
IsOCTkzfI,#抗疫行动##手写加油接力# 所有坚守在一线的工作者们 你们辛苦了  原图 ,http://wx3.sinaimg.cn/large/451082e9ly1gblpgcylnpj20u01401kx.jpg,无,无,2020-02-05 18:41,无,20510,1211,618
IrRuo78r0,今天是个好日子给你们的回答来啦～ 李溪芮的微博视频  ,无,"http://f.video.weibocdn.com/003upedflx07AyBS10zC01041201szyT0E010.mp4?label=mp4_hd&template=852x480.25.0&trans_finger=1621fcd5d40969f1c74e6b06e52fcd54&Expires=1586150568&ssig=e%2BZ1d6gmTh&KID=unistore,video",无,2020-01-30 12:08,明星日常 · 视频社区,24973,10942,11933
IrMUQ7IMf,今天是我的生日，来祝福我吧！  ,无,无,无,2020-01-30 00:30,生日动态,40372,10731,15613
IrAFqp3eI,#抗击新型肺炎我们在行动# 戴好口罩，保护了自己也保护了大家！ 绿洲  原图 ,http://wx3.sinaimg.cn/large/451082e9ly3gbcecd005cj20go0m8ad8.jpg,无,无,2020-01-28 17:19,绿洲APP,11029,1098,316
IowAw39ai,#鼠年大吉# 来“鼠鼠”我说了几个鼠呀～ 李溪芮的微博视频  ,无,"http://f.video.weibocdn.com/000oGJ0Klx07zZBwPGWY010412003Qoz0E010.mp4?label=mp4_hd&template=1040x480.25.0&trans_finger=62b30a3f061b162e421008955c73f536&Expires=1586150588&ssig=j2fo7am9E%2F&KID=unistore,video",无,2020-01-08 13:25,无,14106,11062,11320
IomWD91NP,踏着雪 风尘仆仆的开工了  [组图共4张] 原图 ,"http://ww1.sinaimg.cn/large/451082e9ly1ganwkvncjhj224w3407wl.jpg,http://ww1.sinaimg.cn/large/451082e9ly1ganwkph5xfj21w92nfqv9.jpg,http://ww4.sinaimg.cn/large/451082e9ly1ganwkjw2bcj21wg2p11l3.jpg,http://ww2.sinaimg.cn/large/451082e9ly1ganwkzjahsj21re2hru0y.jpg",无,无,2020-01-07 12:52,无,68248,12687,14247
InWAOFUXJ,阳光真的很不错～  [组图共9张] 原图 ,"http://ww4.sinaimg.cn/large/451082e9ly1gako5ttbnij220x2p8e82.jpg,http://ww4.sinaimg.cn/large/451082e9ly1gako8idj86j220x2p8kjm.jpg,http://ww2.sinaimg.cn/large/451082e9ly1gako8jlkmjj219d1oikjo.jpg,http://ww4.sinaimg.cn/large/451082e9ly1gako8ks2hxj220x2p8npe.jpg,http://ww4.sinaimg.cn/large/451082e9ly1gako8mhppzj22p820xqv6.jpg,http://ww1.sinaimg.cn/large/451082e9ly1gako8niretj220x2p81kz.jpg,http://ww1.sinaimg.cn/large/451082e9ly1gako8oe511j20rs223hdt.jpg,http://ww4.sinaimg.cn/large/451082e9ly1gako428991j20rs223kjl.jpg,http://ww2.sinaimg.cn/large/451082e9ly1gako9ymiq5j20rs2234qq.jpg",无,无,2020-01-04 17:47,无,70124,12202,14215
InTwzvVOk,昂？  [组图共2张] 原图 ,"http://ww3.sinaimg.cn/large/451082e9ly1gakapbukemj220x2p8qv6.jpg,http://ww4.sinaimg.cn/large/451082e9ly1gakapdd9cpj20tz1sy1j7.jpg",无,无,2020-01-04 09:58,无,51081,10966,13369
Ins2sh8UN,#鼠年大吉# 元旦快乐～大家都要好好生活 干巴爹💪  原图 ,http://wx4.sinaimg.cn/large/451082e9ly1gagxcajmbkj20u01hc4qq.jpg,无,无,2020-01-01 12:00,无,21107,10234,11391
Inn7k1c7e,#一张照片告别2019#🎆🎆 绿洲  原图 ,http://wx1.sinaimg.cn/large/451082e9ly3gagbnpz4qaj20mi0u0wqt.jpg,无,无,2019-12-31 23:28,绿洲APP,34994,10304,11860
IlYSEFENa,真的是“虚假”营业  原图 ,http://wx4.sinaimg.cn/large/451082e9ly1ga5qxsranej20v90v9tbi.jpg,无,无,2019-12-22 19:56,无,20123,10607,10702
Il33MlT2e,又下雪啦～收到了一个圣诞宠儿  [组图共4张] 原图 ,"http://ww2.sinaimg.cn/large/451082e9ly1g9ynltmu9tj22802yoqvi.jpg,http://ww3.sinaimg.cn/large/451082e9ly1g9ynnge463j22802you19.jpg,http://ww2.sinaimg.cn/large/451082e9ly1g9ynnnrvvjj22802you18.jpg,http://ww2.sinaimg.cn/large/451082e9ly1g9ynnowegqg208g08gt9r.gif",无,无,2019-12-16 16:44,无,39329,12002,12931
IjSlq0Cc7,不管多晚都要营业  我是小室  原图 ,http://wx3.sinaimg.cn/large/451082e9ly1g9pqvof7c9j22802yox6r.jpg,无,无,2019-12-08 23:37,无,42971,11295,12341
IeWZoiXpR,#电视剧瞄准##瞄准预告#秦紫舒，代号教师！  原图 ,http://wx3.sinaimg.cn/large/451082e9ly1g8oakphn2qj20u01es42n.jpg,无,无,2019-11-06 14:15,无,29001,15871,10883
IeVMP1cS0,#电视剧瞄准##瞄准预告#准星之上， 守一份初心，等一人归来，劝善惩恶！@电视剧瞄准电视剧瞄准的微博视频  ,无,"http://f.video.weibocdn.com/002Bg5jJlx07ym04On3201041200E4Ll0E010.mp4?label=mp4_hd&template=852x480.25.0&trans_finger=1621fcd5d40969f1c74e6b06e52fcd54&Expires=1586150620&ssig=0QjqCZN9x%2B&KID=unistore,video",无,2019-11-06 11:11,iPhone XS,11138,11513,11438
Idg7w7lCC,今天下午17:00👈  快来凑热闹 看我的秋冬跳伞大秀 李溪芮的微博视频  ,无,"http://f.video.weibocdn.com/0013WXsDlx07y5qqoNv201041200bpFI0E010.mp4?label=mp4_hd&template=854x480.25.0&trans_finger=62b30a3f061b162e421008955c73f536&Expires=1586150620&ssig=YK4T5elXt5&KID=unistore,video",无,2019-10-26 11:16,iPhone 11 Pro,12217,10409,11190
IcGipnwnc,冬天 也能找到绿洲快一起来吧～ 绿洲  [组图共8张] 原图 ,"http://ww3.sinaimg.cn/large/451082e9ly3g871gbr0c4j20oe0u0qjb.jpg,http://ww2.sinaimg.cn/large/451082e9ly3g871gbzhbfj20oe0u0h2h.jpg,http://ww4.sinaimg.cn/large/451082e9ly3g871gbzj7gj20of0u0dzk.jpg,http://ww4.sinaimg.cn/large/451082e9ly3g871gbztbnj20oe0u0qmg.jpg,http://ww4.sinaimg.cn/large/451082e9ly3g871gc4qylj20of0u0h6k.jpg,http://ww3.sinaimg.cn/large/451082e9ly3g871gc6dpej20of0u0h5n.jpg,http://ww2.sinaimg.cn/large/451082e9ly3g871gc6hvcj20oe0u0dxt.jpg,http://ww4.sinaimg.cn/large/451082e9ly3g871gc97zpj20oe0u0atm.jpg",无,无,2019-10-22 16:04,绿洲APP,69909,10192,6618
Iaoen7EKa,如果我有一只竹蜻蜓 我会带你去任何地方～#重阳节#  [组图共9张] 原图 ,"http://ww4.sinaimg.cn/large/451082e9gy1g7plsuvu88j233c4a6u18.jpg,http://ww1.sinaimg.cn/large/451082e9gy1g7plseyhyoj233c4a6qvj.jpg,http://ww3.sinaimg.cn/large/451082e9gy1g7pls5aa1zj21kw16mhdt.jpg,http://ww4.sinaimg.cn/large/451082e9gy1g7pls72eptj22291hs7wj.jpg,http://ww2.sinaimg.cn/large/451082e9gy1g7pm96tj69j20v90yvwuz.jpg,http://ww2.sinaimg.cn/large/451082e9gy1g7pls3rwzij22us3ybb2b.jpg,http://ww2.sinaimg.cn/large/451082e9gy1g7plsjjnulj24a62usx6z.jpg,http://ww2.sinaimg.cn/large/451082e9gy1g7plslk1vrj22291hsnpe.jpg,http://ww4.sinaimg.cn/large/451082e9gy1g7plt01l2bj230c45z7wm.jpg",无,无,2019-10-07 14:24,无,67161,10454,6573
I9vdjlHsv,#大阅兵# 共庆祖国七十华诞！维和部队首次受阅 世界和平有中国蓝盔！ #蓝盔特战队#  原图 ,http://wx2.sinaimg.cn/large/451082e9ly1g7ivdpf4ljj21z43ie000.jpg,无,无,2019-10-01 18:20,无,25400,2023,1945
I9k5Mr0Wh,之前的一些图片分享❤︎  [组图共9张] 原图 ,"http://ww4.sinaimg.cn/large/451082e9ly1g7hhjfofcxj226q2wyqv8.jpg,http://ww2.sinaimg.cn/large/451082e9ly1g7hhjzzggmj22c02q84qt.jpg,http://ww4.sinaimg.cn/large/451082e9ly1g7hhjnvwnvj22c02m9npf.jpg,http://ww1.sinaimg.cn/large/451082e9ly1g7hhkbvi9tj22c02uqx6u.jpg,http://ww1.sinaimg.cn/large/451082e9ly1g7hhj6ogtbj22c0327npj.jpg,http://ww1.sinaimg.cn/large/451082e9ly1g7hhl2eoslj22c02rwnpj.jpg,http://ww1.sinaimg.cn/large/451082e9ly1g7hhkh8888j22c0340b2a.jpg,http://ww3.sinaimg.cn/large/451082e9ly1g7hhlg4fm2j22792tbx6u.jpg,http://ww4.sinaimg.cn/large/451082e9ly1g7hhkmyvt1j22c0340b2a.jpg",无,无,2019-09-30 14:02,无,81166,10957,6404
I8fUqadKv,来自一位热心观众的tips：今天开始，打开@腾讯视频 ，瑾年安好，故事继续#国民老公2#  原图 ,http://wx1.sinaimg.cn/large/451082e9ly1g79e3j62lnj22ny475u14.jpg,无,无,2019-09-23 13:32,无,68754,10618,15470
I4EiTk9mp,#国产电视剧迷惑行为大赏# 刷微博刷到了自己……  原图 ,http://wx2.sinaimg.cn/large/6f533643ly1g187uhdy1ng208c08ckhe.gif,无,无,2019-08-30 20:17,iPhone客户端,33033,10633,10234
I4DJxmvFu,果然短发才是我的本命 以后不能再轻易做尝试了  原图 ,http://wx4.sinaimg.cn/large/451082e9ly1g6hwaszp6rj21sc2dsx6p.jpg,无,无,2019-08-30 18:50,无,88482,10115,9856
HFicSt6E1,#李溪芮[超话]#  #芮记时光# #全明星VLOG大赛# 第一次发自己的超话，不知道对不对[doge]我的溪水们，五周年快乐  李溪芮的微博视频  ,无,"http://f.us.sinaimg.cn/003ucKWzlx07vJmdBVj2010412038Q860E020.mp4?label=mp4_hd&template=852x480.23.0&trans_finger=8ae5755907655771d2431ac172870d53&Expires=1586150661&ssig=Bc50Ij83ft&KID=unistore,video",无,2019-07-26 21:19,微博视频,39902,19893,20511
HBkOKwNL4,如图…  [组图共4张] 原图 ,"http://ww1.sinaimg.cn/large/451082e9ly1g4jgojtgo9j21sc2dskjl.jpg,http://ww3.sinaimg.cn/large/451082e9ly1g4jgon84iqj21sc2dsqv6.jpg,http://ww1.sinaimg.cn/large/451082e9ly1g4jgos1gvaj21sc2dsnpd.jpg,http://ww4.sinaimg.cn/large/451082e9ly1g4jgosyciij20v80v844x.jpg",无,无,2019-06-30 20:37,无,81417,11668,7795
HzeKJzIb9,#我和老爸的一天# 化个美美的妆陪老爸过父亲节 也祝所有的爸爸们父亲节快乐#李溪芮的VLOG#  李溪芮的微博视频  ,无,"http://f.us.sinaimg.cn/003OhpRplx07uHPPmpg401041202j7ZE0E010.mp4?label=mp4_hd&template=852x480.22.0&Expires=1586150662&ssig=rhYJKILWra&KID=unistore,video",无,2019-06-17 01:30,微博视频,32582,10818,10194
Hz3qe2oOs,盛夏的果(wén)实(yì)💚  [组图共4张] 原图 ,"http://ww1.sinaimg.cn/large/451082e9ly1g424d80yhtj22c03404qt.jpg,http://ww4.sinaimg.cn/large/451082e9ly1g424g5gr2lj22c0340hdw.jpg,http://ww3.sinaimg.cn/large/451082e9ly1g424gja96qj22c0340e84.jpg,http://ww3.sinaimg.cn/large/451082e9ly1g424dpy3xaj22c02c0x6r.jpg",无,无,2019-06-15 20:39,无,58633,10657,2763
Hv3M2t6oU,#520# 有你们的每天都是粉红色💋  原图 ,http://wx3.sinaimg.cn/large/451082e9ly1g37r4el3xej21jk32nqv9.jpg,无,无,2019-05-20 14:11,无,41214,4098,1999
HuKCTyfPi,吃饺子也是有仪式感的事情。                                    ——#李老师开讲了#  李溪芮的微博视频  ,无,"http://f.us.sinaimg.cn/000u7FWclx07tWMlUooM01041200T8ce0E010.mp4?label=mp4_hd&template=852x480.20.0&Expires=1586150663&ssig=gbYJtWENkP&KID=unistore,video",无,2019-05-18 13:27,微博视频,22075,4308,2688
HurCccvqW,北京第一夜景 鬼笑石打卡～  [组图共3张] 原图 ,"http://ww3.sinaimg.cn/large/451082e9ly1g332oeh9a8j21411hc7ak.jpg,http://ww3.sinaimg.cn/large/451082e9ly1g332oep2ndj213y1hcq6l.jpg,http://ww1.sinaimg.cn/large/451082e9ly1g332oexcp3j213y1hcq7t.jpg",无,无,2019-05-16 13:03,无,46761,2014,7276
Hto84Bq7q,#李溪芮的VLOG# 纪念一下刺激战场的日常  李溪芮的微博视频  ,无,"http://f.us.sinaimg.cn/004uk1RXlx07tItZXicg01041205x6ep0E020.mp4?label=mp4_hd&template=1036x480.20.0&Expires=1586150664&ssig=4nW5yK9Bsx&KID=unistore,video",无,2019-05-09 14:20,微博视频,31413,10080,3714
Ht3zNsUkK,#电视剧瞄准# 目标出现了，我是秦紫舒，子弹已上膛。 电视剧瞄准的微博视频  ,无,"http://f.us.sinaimg.cn/0002RrmDlx07tE77szBu01041200kw6h0E010.mp4?label=mp4_hd&template=852x480.20.0&Expires=1586150700&ssig=pN4l%2BH10Jl&KID=unistore,video",无,2019-05-07 10:01,iPhone客户端,17868,4506,1187
HsbKbj0DL,#May I love you#   原图 ,http://wx2.sinaimg.cn/large/451082e9ly1g2lx6g67ifj20rs2tvkjl.jpg,无,无,2019-05-01 16:58,无,49214,3964,2267
HqVtAbXya,长按图片有惊喜→_→想看完整版请关注小室今日更新@李溪芮工作室  原图 ,http://wx1.sinaimg.cn/large/451082e9ly1g2cbhess8qj21401hcth1.jpg,无,无,2019-04-23 09:43,无,20180,1742,1562
HqGNS5r2g,分享图片  [组图共2张] 原图 ,"http://ww1.sinaimg.cn/large/451082e9ly1g2aisrz9asj22c0340nph.jpg,http://ww2.sinaimg.cn/large/451082e9ly1g2aislr4nsj22c03401ky.jpg",无,无,2019-04-21 20:22,无,46370,5427,4548
HnTFA04US,#四月不减肥 五月徒伤悲#伤悲是什么  [组图共2张] 原图 ,"http://ww4.sinaimg.cn/large/451082e9ly1g1pahrrzb9j22c03404qu.jpg,http://ww2.sinaimg.cn/large/451082e9ly1g1pahooza5j22c0340e86.jpg",无,无,2019-04-03 11:36,无,48232,10055,10467
HmU8ucDDF,咕嘟嘟🧚🏻♀️🐾  原图 ,http://wx2.sinaimg.cn/large/451082e9ly1g1hqvefr3mj22112kw7wk.jpg,无,无,2019-03-27 22:57,无,55777,11692,10308
Hk76LB0NQ,拍了几张感觉很有feel的自拍，想让工作人员再p得美一点，结果……（尤其是中间那一张，我的要求是p个帅哥给我，exm…？？）  [组图共3张] 原图 ,"http://ww4.sinaimg.cn/large/451082e9ly1g0wivho53rj21400r1e81.jpg,http://ww2.sinaimg.cn/large/451082e9ly1g0wiv4cwlwj21400tae81.jpg,http://ww1.sinaimg.cn/large/451082e9ly1g0wiurmjr6j20u00z5e81.jpg",无,无,2019-03-09 14:27,无,76833,10608,10633
HhnCBnCKq,#金猪闹元宵#元宵节快乐鸭🏮～  原图 ,http://wx1.sinaimg.cn/large/451082e9ly1g0bqowpad7j22ds1sc4qr.jpg,无,无,2019-02-19 14:59,无,73503,11027,10812
HeM5DCwzy,新年自拍🤳  原图 ,http://wx3.sinaimg.cn/large/451082e9ly1fzrxkq2edkj21sc2dstsc.jpg,无,无,2019-02-02 11:45,无,75651,10711,10160
Hek6I2E8E,答应你们的一定会做到谢谢溪水们  [组图共9张] 原图 ,"http://ww4.sinaimg.cn/large/451082e9ly1fzoi1ab0hkj22yo4g0e83.jpg,http://ww1.sinaimg.cn/large/451082e9ly1fzoi1d3003j22yo4g04qr.jpg,http://ww4.sinaimg.cn/large/451082e9ly1fzoi16mcthj22yo4g0qv8.jpg,http://ww4.sinaimg.cn/large/451082e9ly1fzoi1uk46yj22yo4g0kjo.jpg,http://ww1.sinaimg.cn/large/451082e9ly1fzoi1k2qmrj24g02yoqv8.jpg,http://ww1.sinaimg.cn/large/451082e9ly1fzoi1nom0nj22yo4g0qv8.jpg,http://ww4.sinaimg.cn/large/451082e9ly1fzoi1gv5ywj22yo4g0u10.jpg,http://ww3.sinaimg.cn/large/451082e9ly1fzoi138j6gj22yo4g0e83.jpg,http://ww2.sinaimg.cn/large/451082e9ly1fzoi1qzs68j22yo4g0e84.jpg",无,无,2019-01-30 12:31,无,77355,30281,10104
HefnQlDdw,今天是我的生日01月30日，来祝福我吧~  ,无,无,无,2019-01-30 00:30,生日动态,54498,9854,10824
HdUWol9s8,觉得这张好看的人真的很有品味  原图 ,http://wx1.sinaimg.cn/large/451082e9gy1fzley6gqbcj20u014011o.jpg,无,无,2019-01-27 20:27,无,74120,11430,10094
HcxD4kRpA,#李溪芮的VLOG# 小板凳搬来快做好李老师上课了 李溪芮的微博视频  ,无,"http://f.us.sinaimg.cn/001yWYvdlx07qRLF0ypq01041203BWwq0E020.mp4?label=mp4_hd&template=852x480.20.0&Expires=1586150703&ssig=sxE60IbALy&KID=unistore,video",无,2019-01-18 19:16,微博视频,23697,11725,10252
HaK0RDk6w,#2018阅文超级IP风云盛典# 今天开了嗓 1.13别忘了看东方卫视🙃  [组图共6张] 原图 ,"http://ww1.sinaimg.cn/large/451082e9ly1fyx9julhinj22kw3vc7wj.jpg,http://ww3.sinaimg.cn/large/451082e9ly1fyx9k35kz4j22kw3vchdv.jpg,http://ww2.sinaimg.cn/large/451082e9ly1fyx9kay0fmj22kw3vc4qr.jpg,http://ww2.sinaimg.cn/large/451082e9ly1fyx9jku4u3j23or2piqv6.jpg,http://ww2.sinaimg.cn/large/451082e9ly1fyx9ihjrduj23vc2kwb2b.jpg,http://ww2.sinaimg.cn/large/451082e9ly1fyx9jcy56qj22qq3n4npe.jpg",无,无,2019-01-06 23:07,无,85960,10127,10547
H9Zf655HH,新年第一天收到了第一份礼物～感谢#国剧盛典#，感谢媒体推荐  [组图共2张] 原图 ,"http://ww1.sinaimg.cn/large/451082e9ly1fyrj3ndog5j21sc28fdzw.jpg,http://ww2.sinaimg.cn/large/451082e9ly1fyrj3je5zjj21sc28fka6.jpg",无,无,2019-01-02 00:03,无,54825,9823,10106
H9VQLqazW,作为电视工作者，能参与中国电视剧的发展进程，与有荣焉。剧力向幸福，今天19点30分，我在安徽卫视#国剧盛典#等你 ！  原图 ,http://wx4.sinaimg.cn/large/451082e9ly1fyr43mcrutj20u01e07wi.jpg,无,无,2019-01-01 15:25,无,26407,10057,8250
H8KkN1x0q,#圣诞响叮当# 平安夜，安排❤️💚💛🧡💜🖤💙  [组图共3张] 原图 ,"http://ww3.sinaimg.cn/large/451082e9gy1fyi3ksqpmej22c02x0x6q.jpg,http://ww4.sinaimg.cn/large/451082e9gy1fyi3jbfzj5j22c02c0x6q.jpg,http://ww1.sinaimg.cn/large/451082e9gy1fyi44ai2e8j20v8132qv5.jpg",无,无,2018-12-24 20:15,无,67053,10057,10641
H87sSkmVt,网购了两件上衣 收到之后发现是这样的…怎么回事？？？哈？  [组图共3张] 原图 ,"http://ww2.sinaimg.cn/large/451082e9gy1fydbvg1tw7j20go0m8afw.jpg,http://ww4.sinaimg.cn/large/451082e9gy1fydbviwo05j20u0140wuy.jpg,http://ww2.sinaimg.cn/large/451082e9gy1fydbz6hobwj20zx0zxb2a.jpg",无,无,2018-12-20 17:18,无,39490,9932,10382
H7eapsxUm,哟～刚一收工就看到挚爱的💄  [组图共2张] 原图 ,"http://ww4.sinaimg.cn/large/451082e9gy1fy63ooiiipj22dc2dc4qq.jpg,http://ww2.sinaimg.cn/large/451082e9gy1fy63owruxdj22io2iohdt.jpg",无,无,2018-12-14 20:32,无,123164,9538,10845
H70N10y0a,这是一个真实故事：紫金草因在南京紫金山采集而得名，曾被反省战争的侵华日军士兵带到日本推广播种，表达忏悔与和平之意。#国家公祭日#，一起加入点亮紫金草，点亮和平之花，共同祭奠81年前的遇难同胞，#国家公祭#史之见证，守护和平。  原图 ,http://wx4.sinaimg.cn/large/451082e9ly1fy4wrr6x1sj20ku1124qq.jpg,无,无,2018-12-13 10:28,无,20622,2965,923
H6ssQCuaI,这个SK-II限量版神仙水是我最近特别心水的单品，种草一阵子了，墙裂安利！特别喜欢瓶身的波普艺术风外套，和我一样青春洋气时髦朝气又蓬勃……（PS，也感谢好盆友从韩国免税店帮我拔草了两大瓶，提前祝好心人圣诞快乐、元旦快乐、春节快乐）  原图 ,http://wx1.sinaimg.cn/large/451082e9ly1fy0oxu44e0j223c23c7wh.jpg,无,无,2018-12-09 19:05,iPhone 7 Plus,53653,9815,10329
H61aKFngJ,今晚翻自己～ 微博视频  ,无,无,无,2018-12-06 21:36,微博视频,26687,9955,10083
H5R2ZCoXP,#李溪芮的VLOG# 我的首个视频日志~给你们看看昨晚红毯前我们都在干什么 李溪芮的秒拍视频  ,无,"http://f.us.sinaimg.cn/0010d61plx07pJDm1aje01040205imvW0E020.mp4?label=mp4_hd&template=852x480.25.0&Expires=1586150714&ssig=o4YTatQnfD&KID=unistore,video",无,2018-12-05 19:50,秒拍网页版,21083,10201,8841
H5fVBhFEz,#新浪20年##我和新浪的故事# 小浪20岁生日快乐已经是风华正茂可以出道的年纪了，一起走花路吧  原图 ,http://wx1.sinaimg.cn/large/451082e9gy1fxrk6tv8grj20u01hcnpd.jpg,无,无,2018-12-01 21:20,无,14264,3248,1721
H4O9L8Obr,#COSMO时尚美丽盛典##耀美丽 耀更好# 很少穿长裙的girl 谢谢 @时尚COSMO   [组图共3张] 原图 ,"http://ww3.sinaimg.cn/large/451082e9gy1fxo5l24qd6j21ym2pnhdv.jpg,http://ww3.sinaimg.cn/large/451082e9gy1fxo5kt51agj21wa2kzb2b.jpg,http://ww1.sinaimg.cn/large/451082e9gy1fxo5l5da6pj21hy237hdu.jpg",无,无,2018-11-28 22:38,无,66342,10102,10064
H3T4Rnlkg,#爱豆感恩节#二饼火锅店开张了 吃起来 晚上的火锅分外香 李溪芮的秒拍视频  ,无,"http://f.us.sinaimg.cn/004kOMFElx07poZbEvTO01040200cJmm0k010.mp4?label=mp4_hd&template=480x480.25.0&Expires=1586150715&ssig=R0pxbT4OyT&KID=unistore,video",无,2018-11-22 21:19,无,16282,10376,10135
H2ZqRuHnx,深夜吃独食哈哈哈 家里的mini烧烤机很实用 还可以煮火锅～解馋 微博视频  ,无,无,无,2018-11-16 23:40,微博视频,31782,4920,5788
H2WSFgyW3,#天生王炸 C位出道# 11月17日我将在北京新世界一期Kappa店内，与@Kappa 一起玩转串标！现场近距离互动，超多惊喜，快来与我感受“BANDA”潮流魅力，一起嗨皮！  原图 ,http://wx2.sinaimg.cn/large/451082e9ly1fxa0o696knj21k02c01kx.jpg,无,无,2018-11-16 17:10,无,39011,6222,3087
H2n2fv6f1,是我与我妈的日常没错了 李溪芮的秒拍视频  ,无,"http://f.us.sinaimg.cn/000kLPd7lx07p94HQODK010402003TIk0k010.mp4?label=mp4_hd&template=480x480.25.0&Expires=1586150723&ssig=txv0tRe2Ga&KID=unistore,video",无,2018-11-12 21:55,无,46588,11214,10222
H0P1jxi5h,#天生王炸 C位出道#只要会穿搭，四季皆潮流！11月3日我将在太原华润万象城kappa店，与@kappa 一起玩转串标！快来与我一起感受BANDA的魅力，现场还有很多惊喜  原图 ,http://wx2.sinaimg.cn/large/451082e9ly1fwtuj9317zj20rs16ann0.jpg,无,无,2018-11-02 17:29,无,31725,10509,10203
GFJMZ76Us,有这么多锦鲤加持感觉快要走上人生巅峰了  原图 ,http://wx1.sinaimg.cn/large/451082e9ly1fwlwsloqj8j22c03401l0.jpg,无,无,2018-10-26 20:48,无,80980,10016,8423
GEO41dkxo,冲鸭！！！！  原图 ,http://wx1.sinaimg.cn/large/451082e9gy1fwelh0ke6xj21r02c07wh.jpg,无,无,2018-10-20 17:50,无,86172,19279,10199
GEFKPpgje,朋友送的SK-II韩国免税限量礼盒 特别喜欢 笔芯～不仅封面上的滑板少女超酷而且用手机扫一扫封面 会有惊喜 扫完你会来回复我的  原图 ,http://wx1.sinaimg.cn/large/451082e9ly1fwdtbd77o0j20m80m8jtd.jpg,无,无,2018-10-19 20:41,无,38998,9802,4145
GCl0Jl6O9,好了 分享完毕ps.刚刚看到有红包就顺手点了 这条才是正文😂  [组图共9张] 原图 ,"http://ww1.sinaimg.cn/large/451082e9ly1fvw18b6kk3j211i18mdos.jpg,http://ww3.sinaimg.cn/large/451082e9ly1fvw18aqgmdj211i11in71.jpg,http://ww2.sinaimg.cn/large/451082e9ly1fvw18aa0zwj211i1avam0.jpg,http://ww1.sinaimg.cn/large/451082e9ly1fvw1drix30j20ar0as0sl.jpg,http://ww3.sinaimg.cn/large/451082e9ly1fvw198b4pmj211i11i12s.jpg,http://ww3.sinaimg.cn/large/451082e9ly1fvw1drphrlj20ar0ar0sl.jpg,http://ww1.sinaimg.cn/large/451082e9ly1fvw1zucfwwj211i17fu0x.jpg,http://ww2.sinaimg.cn/large/451082e9ly1fvw1dr9v75j20ar0ar0sl.jpg,http://ww2.sinaimg.cn/large/451082e9ly1fvw1atk10dj211i1av4as.jpg",无,无,2018-10-04 12:12,无,74743,12291,10507
GCkWKB773,我在#签到领红包#打卡啦！每日签到领红包，签到越多红包越大，还有各种限时奖励，快来一起领吧！错过一天都可惜哦~ 微博任务红包  ,无,无,无,2018-10-04 12:02,用户任务,13611,1310,1130
GBV9QDboy,这只调皮的小鹌鹑 完全无法一手把握它 祝大家国庆快乐🇨🇳  原图 ,http://wx3.sinaimg.cn/large/451082e9ly1fvswa5gmjaj211i11ihdt.jpg,无,无,2018-10-01 18:23,无,117451,10535,10202
GAQrGs4Go,中秋营业不打烊 晚上记得赏月哟🎑  [组图共2张] 原图 ,"http://ww2.sinaimg.cn/large/451082e9ly1fvkpr3enpjj21421hce82.jpg,http://ww1.sinaimg.cn/large/451082e9ly1fvkpp909lhj21421hce82.jpg",无,无,2018-09-24 16:33,无,105265,10989,10219
GyIjn5pum,fine…  原图 ,http://wx4.sinaimg.cn/large/451082e9ly1fv4iet17dyj20rs15ogy3.jpg,无,无,2018-09-10 16:10,无,55568,11742,10391
Gw00SyGHT,猜猜这是哪部电影？  [组图共2张] 原图 ,"http://ww2.sinaimg.cn/large/451082e9ly1fujveo7pyhj22c0340hd2.jpg,http://ww4.sinaimg.cn/large/451082e9ly1fujvemd3vvj22c0340qv5.jpg",无,无,2018-08-23 19:43,无,85428,15378,20577
GtyWZyySd,今天天气好晴朗 好山好腿好风光～  [组图共4张] 原图 ,"http://ww1.sinaimg.cn/large/451082e9ly1fu1ci3ddyrj23402c0x6p.jpg,http://ww3.sinaimg.cn/large/451082e9ly1fu1cifp7wjj23402bxe85.jpg,http://ww3.sinaimg.cn/large/451082e9ly1fu1chzmch4j23402bx7wj.jpg,http://ww1.sinaimg.cn/large/451082e9ly1fu1cihp1phj22c0340b29.jpg",无,无,2018-08-07 19:09,无,144136,9844,13290
GsDZedVzE,感谢相遇，感恩同行八月，你好。  ,无,无,无,2018-08-01 18:08,无,147428,10379,23725
GrTJM1lQP,谢谢@孙哲GRAZIA 老师的书 看过来了 看过来了  [组图共2张] 原图 ,"http://ww4.sinaimg.cn/large/451082e9ly1fto8bj4ag1j20mh0u3q6s.jpg,http://ww2.sinaimg.cn/large/451082e9ly1fto8bihxanj21r02c0qsl.jpg",无,无,2018-07-27 20:23,无,89970,11534,12737
GqFLqqMnU,你们的9图终于凑出来了  [组图共9张] 原图 ,"http://ww3.sinaimg.cn/large/451082e9ly1ftf80i1rmtj23402c0x6r.jpg,http://ww3.sinaimg.cn/large/451082e9ly1ftf7yso01dj225a2v1kjq.jpg,http://ww2.sinaimg.cn/large/451082e9ly1ftf80d5wfuj22bx2bxnpe.jpg,http://ww4.sinaimg.cn/large/451082e9ly1ftf7yzecijj224h24hnpg.jpg,http://ww3.sinaimg.cn/large/451082e9ly1ftf832dnapj20ar0ar0sl.jpg,http://ww3.sinaimg.cn/large/451082e9ly1ftf807vkeuj222g2raqv9.jpg,http://ww2.sinaimg.cn/large/451082e9ly1ftf7zlldiaj22c02c07wl.jpg,http://ww1.sinaimg.cn/large/451082e9ly1ftf7zacakuj22c0340hdx.jpg,http://ww3.sinaimg.cn/large/451082e9ly1ftf7ylspqqj22c02x01kz.jpg",无,无,2018-07-19 18:58,无,170287,11500,20896
Gn9LN4nHQ,放风时刻，迫不及待地奔向经纪人从韩国给我带的最爱。毕竟你老公我偶像包袱不能丢，请你们也别因为我的才华忽视我作为偶像派的努力  [组图共4张] 原图 ,"http://ww3.sinaimg.cn/large/451082e9gy1fsohhzbj8sj22c02c07wh.jpg,http://ww3.sinaimg.cn/large/451082e9gy1fsohhukbg7j22c02c0e81.jpg,http://ww3.sinaimg.cn/large/451082e9gy1fsohi346anj226t26t4qp.jpg,http://ww1.sinaimg.cn/large/451082e9gy1fsohi5gp5ej223o23oawb.jpg",无,无,2018-06-26 16:01,无,122109,15368,12613
GlYEU8IaR,日が落ちるまで  [组图共2张] 原图 ,"http://ww1.sinaimg.cn/large/451082e9gy1fsfo9rr61dj229g30nqv7.jpg,http://ww3.sinaimg.cn/large/451082e9gy1fsfo9llywdj20tz1hcdp8.jpg",无,无,2018-06-18 21:53,无,105858,15100,20316
GkxE2lIzM,高考终于结束了 耶✌️  原图 ,http://wx1.sinaimg.cn/large/451082e9gy1fs4ptz7jxwj21o02yox6u.jpg,无,无,2018-06-09 11:16,无,186582,13947,20468
GjnEq7qYR,#我要过六一#儿童节快乐～🤩  原图 ,http://wx1.sinaimg.cn/large/451082e9gy1frvxdm6vydj22c02c0hdt.jpg,无,无,2018-06-01 20:00,无,91798,10963,20108
Gi8qucXKK,人活着就要直白 我好饿 我想吃火锅🍲  [组图共2张] 原图 ,"http://ww2.sinaimg.cn/large/451082e9ly1frmgf5s46ej222o340qv5.jpg,http://ww2.sinaimg.cn/large/451082e9ly1frmgf89995j222o340qv5.jpg",无,无,2018-05-24 15:24,无,93435,19865,11048
Ghzna3XJw,今天我的伴儿  原图 ,http://wx3.sinaimg.cn/large/451082e9gy1fri5iwr25fj21w02iohdz.jpg,无,无,2018-05-20 22:09,无,149049,11969,10522
GgrtpCxiX,母亲节 凑个热闹花式表白一下老妈#哎哟我滴妈#  原图 ,http://wx2.sinaimg.cn/large/451082e9gy1fr9hk6zhx1j20p20i91ds.jpg,无,无,2018-05-13 12:13,无,91556,12235,10314
Gfe4knPNV,再看？再看就把你吃掉  [组图共4张] 原图 ,"http://ww4.sinaimg.cn/large/451082e9gy1fqyfkvmgahj21v72bz4qp.jpg,http://ww4.sinaimg.cn/large/451082e9gy1fqyfkxtdtfj227r2rokjl.jpg,http://ww1.sinaimg.cn/large/451082e9gy1fqyfkthvkfj22c02x0qv5.jpg,http://ww2.sinaimg.cn/large/451082e9gy1fqyfl00tjqj22732que81.jpg",无,无,2018-05-05 12:15,无,135020,22195,10721
GcGTWgCEO,👒  [组图共2张] 原图 ,"http://ww3.sinaimg.cn/large/451082e9gy1fqh273uda1j21w02d0x6p.jpg,http://ww4.sinaimg.cn/large/451082e9gy1fqh27bivtjj21w02d0qv5.jpg",无,无,2018-04-18 20:08,无,128585,17954,10953
GcaEqaNJP,早啊🙃  原图 ,http://wx4.sinaimg.cn/large/451082e9gy1fqd40aqh0ij21sg2ds1l1.jpg,无,无,2018-04-15 10:02,无,181385,14869,10524
Gbubpujg3,一手交博 一手交命  原图 ,http://wx3.sinaimg.cn/large/451082e9gy1fq7wivpbpqj2255297e81.jpg,无,无,2018-04-10 21:55,无,106526,23424,10186
GaO98fADG,早安～新款眼妆get起来🐹  原图 ,http://wx1.sinaimg.cn/large/451082e9ly1fq2qyghxb2j21o01o0kjm.jpg,无,无,2018-04-06 10:54,无,129078,12846,10821
GapVumTIO,压马路的家底都拿出来了  库存告急  本月额度告急  原图 ,http://wx3.sinaimg.cn/large/451082e9ly1fq0tj8g2lqj21cc1cctfr.jpg,无,无,2018-04-03 21:14,无,168269,14039,10815
Ga6CeaF6O,你老公打算现在看看留言  [组图共9张] 原图 ,"http://ww2.sinaimg.cn/large/451082e9ly1fpxepabprlj20ar0ar0sl.jpg,http://ww1.sinaimg.cn/large/451082e9ly1fpxep7nermj21pu2ahnpd.jpg,http://ww3.sinaimg.cn/large/451082e9ly1fpxepalge9j20as0ar0sl.jpg,http://ww4.sinaimg.cn/large/451082e9ly1fpxep9s1hgj21w01w0b29.jpg,http://ww3.sinaimg.cn/large/451082e9ly1fpxepbhusxj20ar0ar0sl.jpg,http://ww3.sinaimg.cn/large/451082e9ly1fpxeoy7qcxj21oa28ehdt.jpg,http://ww3.sinaimg.cn/large/451082e9ly1fpxepauc58j20ar0as0sl.jpg,http://ww4.sinaimg.cn/large/451082e9ly1fpxep3wmdlj22c02c0x6p.jpg,http://ww1.sinaimg.cn/large/451082e9ly1fpxepbpkxdj20ar0ar0sl.jpg",无,无,2018-04-01 20:05,无,127977,10495,11177
Ga3Ipf32V,---你老公我要去开赛车了🏎️  [组图共3张] 原图 ,"http://ww3.sinaimg.cn/large/451082e9ly1fpx1ux8vgmj20v91320zo.jpg,http://ww1.sinaimg.cn/large/451082e9ly1fpx1uw117ij22c02c0kjm.jpg,http://ww2.sinaimg.cn/large/451082e9ly1fpx1uy3t4nj20h90h9jtk.jpg",无,无,2018-04-01 12:42,无,120884,10436,10255
G9uGDpkD9,一会儿@电视剧我站在桥上看风景 收官  你们会看吧？全剧最高能的亮点都在最后哦~高冷却不退缩 霸道却柔软 我就是我 不一样的萧水光  原图 ,http://wx1.sinaimg.cn/large/451082e9ly1fpsrc79ll2g20hs0cwe84.gif,无,无,2018-03-28 19:31,无,79416,31073,11040
G8GYnF6Xg,🧚🏻♂️🧚🏻♀️🧚🏻♀️🧚🏻♀️🐹🐭🐻🐱🐮🐷  原图 ,http://wx3.sinaimg.cn/large/451082e9ly1fpmnw9vn71j22c02c01ky.jpg,无,无,2018-03-23 12:58,无,164495,17346,10966
G6inWA47b,加油，为更好的自己，为更好的中国！#中国很赞#手指舞，一起来挑战！我是李溪芮，和我一起为中国点赞。@人民日报  微博故事  ,无,无,无,2018-03-07 18:41,微博故事,97764,10687,10462
G543Ccmzp,更新  [组图共2张] 原图 ,"http://ww4.sinaimg.cn/large/451082e9gy1fov2xilq8yj21gs276kjm.jpg,http://ww3.sinaimg.cn/large/451082e9gy1fov2xl5lnzj21gs276e82.jpg",无,无,2018-02-27 16:23,无,188533,11924,10812
G4Sqdl962,#idoltube##我站在桥上看风景#来自萧水光老师的灵魂发问：朋友们，今天开学大家作业写完了没🤨🤨🤨（我不一样 我没作业）娱乐日爆社的秒拍视频  ,无,"http://f.us.sinaimg.cn/003HAnmXlx07irWKRhGg0104020076Rj0k010.mp4?label=mp4_hd&template=25&Expires=1586150749&ssig=ZG%2BZWxF%2FVt&KID=unistore,video",无,2018-02-26 10:45,无,66123,10744,10200
G3hwZBwKQ,新年祝福都在图里了  原图 ,http://wx4.sinaimg.cn/large/451082e9gy1fohizcbr2tj21mc1mc7l1.jpg,无,无,2018-02-15 23:00,无,162291,10300,10106
G2U64iI8y,#idoltube#今晚#电视剧国民老公#大结局咯miamiamia～下面乔乔即将为大家表演生吞结婚证环节怎么肥四 娱乐日爆社的秒拍视频  ,无,"http://f.us.sinaimg.cn/001HO4Kwlx07i7mJjJcA01040200lYpr0k010.mp4?label=mp4_hd&template=25&Expires=1586150750&ssig=Hq2ZyvoR0c&KID=unistore,video",无,2018-02-13 11:20,电视剧国民老公超话,104922,11428,10129
G2mNxBJjf,#东山晴后雪#一集里有半集都在吃的晓晴miamiamia～  [组图共4张] 原图 ,"http://ww1.sinaimg.cn/large/451082e9gy1foakilchy2g20a10a1x6p.gif,http://ww1.sinaimg.cn/large/451082e9gy1foakineuxpg20a10a11kx.gif,http://ww2.sinaimg.cn/large/451082e9gy1foakipc89eg20a10a1b29.gif,http://ww2.sinaimg.cn/large/451082e9gy1foakii7yd1g20a10a1npd.gif",无,无,2018-02-09 22:34,东山晴后雪超话,136045,11020,10100
G2iprlGJK,#idoltube##东山晴后雪# 哈哈哈哈哈谁还没有个精分的日常了？我生气起来连自己都害怕想约晓晴、王后、夕雪凑一桌麻将🙃娱乐日爆社的秒拍视频  ,无,"http://f.us.sinaimg.cn/0033nvZulx07i1fyhkCI010402009wR80k010.mp4?label=mp4_hd&template=25&Expires=1586150750&ssig=MnhKj9GgcF&KID=unistore,video",无,2018-02-09 11:24,东山晴后雪超话,94994,11975,7823
G18PUB5BM,.  原图 ,http://wx2.sinaimg.cn/large/451082e9ly1fo196gup1wj21hc1z4e83.jpg,无,无,2018-02-01 21:11,无,341767,10224,10400
G17rwxFnL,#一条要带很多话题的微博##电视剧国民老公##我站在桥上看风景##东山晴后雪#三个剧五个角色，追剧的各位辛苦了湖南卫视  腾讯视频  芒果TV 周一到周五  哪儿哪儿都能追  [组图共3张] 原图 ,"http://ww3.sinaimg.cn/large/451082e9ly1fo1302s87dj21111jknpd.jpg,http://ww1.sinaimg.cn/large/451082e9ly1fo1303q44sj21jk111e81.jpg,http://ww4.sinaimg.cn/large/451082e9ly1fo1301x8pnj213p1jke81.jpg",无,无,2018-02-01 17:38,东山晴后雪超话,158148,9853,5768
G0V2hyK9j,李溪芮拒绝自拍：不在 不听 不知道 🙂萧冷漠的拒绝日常：不需要 不可以 不用了🙃#idoltube##我站在桥上看风景# 娱乐日爆社的秒拍视频  ,无,"http://f.us.sinaimg.cn/0028y9S5lx07hMQMvweQ010402007ewz0k010.mp4?label=mp4_hd&template=25&Expires=1586150751&ssig=I%2Ffkq7N9uB&KID=unistore,video",无,2018-01-31 10:03,无,137086,9881,3516
G0QY8wng0,手机都坏了 还想要什么自拍 脑壳疼 🤦🏼♀️  原图 ,http://wx3.sinaimg.cn/large/451082e9ly1fnz2aoozx7j20qo0qowk2.jpg,无,无,2018-01-30 23:42,李溪芮超话,216110,9942,7722
G0HR00sLQ,祝你生日快乐  ,无,无,无,2018-01-30 00:30,生日动态,256277,11464,53007
G0DIScYqb,#我站在桥上看风景# 今晚20:00 ， 我在@荔枝APP  等你。来啊，我们尬聊呀 传送门 http://t.cn/R8ZzKfJ  原图 ,http://wx4.sinaimg.cn/large/451082e9ly1fnxft23vahj20qo1bfakf.jpg,无,无,2018-01-29 13:59,无,128073,9851,3005
G01k7nIFO,一只被罚站试光的模特  原图 ,http://wx1.sinaimg.cn/large/451082e9ly1fnsq9ckz95j20rs0yq44s.jpg,无,无,2018-01-25 12:13,无,278286,9884,5516
FFRUR6WWy,#idoltube#我能怎么办呢？我也很绝望啊 @电视剧我站在桥上看风景  娱乐日爆社的秒拍视频  ,无,"http://f.us.sinaimg.cn/002rLeo0lx07hCTwkbnO01040200nLNc0k01.mp4?label=mp4_hd&template=25&Expires=1586150752&ssig=2qy4biTsBn&KID=unistore,video",无,2018-01-24 18:45,无,93255,9923,3211
FFPTdkUL2,代表月亮消灭你#水冰月#  原图 ,http://wx4.sinaimg.cn/large/451082e9ly1fnrn0rknydj22c0340e81.jpg,无,无,2018-01-24 13:35,无,163015,10044,2600
FFFv49oa8,重要的事情说一遍就够了：自拍这件事，要邀请你眼中的风景一起才够美 @电视剧我站在桥上看风景  原图 ,http://wx3.sinaimg.cn/large/451082e9ly1fnqd5ukea6j22dc47oqv6.jpg,无,无,2018-01-23 11:08,无,187542,9943,3072
FF8aFkH9Q,#国民老公#修图了 而且还加了黄油相机的模版  原图 ,http://wx3.sinaimg.cn/large/451082e9ly1fnma0ix87yj21mc1mcasz.jpg,无,无,2018-01-19 22:18,无,131831,9862,3135
FF5RyhVQV,一日三餐要吃饱 下午茶和夜宵也要吃好😌🍟🥪🍕🍖🍗🍳🥐🍔#没有修图#   原图 ,http://wx4.sinaimg.cn/large/451082e9ly1fnlznb0pnuj21400qoahv.jpg,无,无,2018-01-19 16:25,无,162647,10039,3291
FEOsH0XWs,开心开心#环球时尚新锐大赏#@芭莎风格衣橱  [组图共4张] 原图 ,"http://ww3.sinaimg.cn/large/451082e9ly1fnjuyg0i8ij20xc1e0e81.jpg,http://ww4.sinaimg.cn/large/451082e9ly1fnjuygokhmj20xc1e0b29.jpg,http://ww1.sinaimg.cn/large/451082e9ly1fnjuyf9waej20xc1e0e81.jpg,http://ww1.sinaimg.cn/large/451082e9ly1fnjuyhjh3wj20xc1e0npd.jpg",无,无,2018-01-17 20:07,无,132852,10431,4107
FEk070HSf,#国民老公##国民老公115开播# 我们明天见啦  原图 ,http://wx1.sinaimg.cn/large/451082e9ly1fng3lrze58j21gz2m67wj.jpg,无,无,2018-01-14 14:34,无,114054,9938,3878
FDxecFph7,#国民老公##国民老公115开播# 陆瑾年的年，是不论过多少年，都要粘着你的年@熊梓淇  《国民老公》陆瑾年特辑 公主抱摸头杀熊梓淇打造完美男友  ,无,"https://multimedia.api.weibo.com/2/multimedia/redirect_tencent_video.json?vid=r00251pdvmj&Expires=1586150773&ssig=ONvY97Zldq&KID=unistore,video",无,2018-01-09 10:24,无,89551,5475,3473
