﻿ID,nickname
5887581312,史蒂芬霍金_StephenHawking
3812537503,蔡康永的B-162星球
3981271467,TaylorSwift
5177955765,NicoleKidman_CN
6034707888,莱昂纳多_LeonardoDiCaprio
2375680222,KateWinslet凯特温斯莱特
2440179153,宋祖儿lareina
2554404125,倪妮V
1930246267,麻糬森
1549364094,江疏影
6012533811,落尔洛
2438920810,GOLDENAGE-吕冠成
6206159353,天猫小黑盒
1840047932,宗赢Tsungying
1278603180,吴谨言
1773294041,王菊
5733562728,X玖少年团-彭楚粤
3828809034,-王楚然-
1288345514,李诞
1197755162,韩雪
1221923871,王鸥Angel
3705973967,梁朋杰-
5387897948,说吧文涛
5992829552,河森堡
6428457251,陈锴杰KJ
1795894533,刘令飞Liam
2311725843,胡超政
6697031476,陆宇鹏LUK
2034201623,胡浩博
1698233740,FT中文网
1951195445,mike金
1796772501,颜秉卿
2357790817,00来兹05
5321084314,欧美漫画谈
2303329082,游遍英国
1009068505,EC鲨美重症患者
1602089347,fromgodwithlove
2496837734,译林人文社科
6055366264,没眼人的亚妮
1496852380,崔永元
2094390301,欧洲文艺评论
1302778544,死胖子王建国
1252036043,尚雯婕
1771595225,胡致邦Jack
1739285763,pp漫游记
3316814754,VeryMuseum
1526449335,阚清子
1734808171,陳正道
1223465794,张皓宸
1213239282,宋佳
1837898543,腹黑黒
3285185471,刘柏辛Lexie
1669879400,Dear-迪丽热巴
1679153295,马睿马同学
1739046981,李荣浩
1825457341,毛不易
1533789260,陈学冬
1407610494,哈根达斯佛
2971003043,书格图书馆
5587677731,为什么美术馆
1824675097,周瑞彪Biu
1576218000,李笑来
1496915057,罗振宇
1347118243,陳妍希michelle
1788283193,Crystal张天爱
1613258127,宋冬野
1623965900,金世佳
1735652420,武嘉程Rainno
1742211880,殿殿Dannis
5017118900,PlusONE
1410290690,BEASHEL闭瑜
1765498912,紀澤希
1267005507,李子峰lee
5888671022,王嘉尔
1826238924,郭源元Yuanyuan
1883449472,梁以辰yichan
1953526727,姚伟涛-
5369922523,不良多瓦
3239869753,烤尾巴吃的狐狸
2120387125,高寒种太阳
5423084495,CANmuseum
2245075615,与欧洲有关的一切
1644225642,美国国家地理
3900215081,不二大叔说
3206764310,动漫速递
2180551362,电影Mark
1676267795,秋风秋雨入茶来
1725973017,GuoLi李果
1771344764,夏志远远
3809672324,王鹤润rain
1792951112,X玖少年团肖战DAYTOY
1639421885,X玖少年团伍嘉成
1171345731,鲍天琦
1898516834,朱戬Ryuuji
1913624330,林忆莲
1692801804,楊千嬅
1705586121,GEM鄧紫棋
1725442283,利晴天
1792501635,曾恺玹
1197930844,林熙蕾
1916655407,周冬雨
2902408801,宋茜
2059915723,电影人张昭
1350995007,我是娜扎
2324136315,晏紫东
1225907163,孙骁骁
1712570933,William威廉陈伟霆
5187664653,邓超
1642630543,白百何
1738498871,马思纯
1259110474,赵丽颖
1582160525,蒋劲夫
1704091601,胡夏
1195242865,杨幂
1730077315,黄晓明
3125046087,刘烨
2774020427,演员蒋梓乐的信念感
1665256992,蒋欣
2995677942,X玖少年团谷嘉诚BAE
1649553061,torovandarko
5155887876,电影裂人
3945917804,毒舌电影
2989155391,闲趣别院
5252536801,吃吃的爱
1214435497,贾乃亮
2144287705,-米勒Miller-
1537790411,M鹿M
3591355593,Mr_凡先生
2034565060,许晴随行笔记
1826792401,王思聪
5465334759,陈慕
2105893040,xxdd星星的店官网
2521025924,奥康商城
5638953884,zxvjknaiojdf
2006277991,金星
1716545261,Zephyrance
1403196873,王高飞
1978310555,TeNdEr黃騰浩
1906139337,甘子玉
3237217464,字体主义
1240464984,你就是它
1566301073,贾玲
1711918131,陈汉典
2130434435,张韶涵
1705338574,周秀娜Chrissienana
1723605177,艺术当代
1904907955,芭莎艺术
1822450904,佩斯北京PACE
1889767717,余德耀
1836679963,Michelle米董
2043620582,食色纽约
5170630067,橘子君到此一游
2769149134,星时代杨钰莹
1649616130,南笙
1747516791,dewpearl
1662717013,贾樟柯
1197362373,张嘉佳
1760689463,乐华娱乐杜华
1728899515,电子骑士
1686395564,娜斯
1252397723,cucn201白客
2793402140,灯具设计
1195908387,日_推
1711479641,北大新媒体
2611407297,TEDNews
1253491601,应采儿
1212612565,孙菲菲
1320135280,袁姗姗
1941073367,任行云Richard
5294283848,中文天文视频
1788911247,谷大白话
2054984873,黄国伦老师
2054996223,寇乃馨
3243120642,复古迷
2093577580,英国VA博物馆
1987718235,Dr_Nirvana
2941981381,造物理想国
2606885357,迷因体
2326437920,謝依霖HOLD住姐
1748310377,华语青年影像论坛
1789886225,乐创文娱
1196624615,张梓琳
1738171957,陳嘉上Gordon
2117319013,曾一竣
1312412824,林志玲
1957214042,UnderscorePlus
1722656062,Karen莫文蔚
1358023322,魚太浪
1802726235,作家张大春
1223762662,林心如
1736593957,西瓜郎的秋天
1740806873,TakkiStone
1763990660,曾舜晞Joseph
1280710133,47Jasper
1239062604,帕格尼尼的左手
1771922962,犬腾TRENTON
2719687891,Untitled_0
5887581312,史蒂芬霍金_StephenHawking
3812537503,蔡康永的B-162星球
3981271467,TaylorSwift
5177955765,NicoleKidman_CN
6034707888,莱昂纳多_LeonardoDiCaprio
2375680222,KateWinslet凯特温斯莱特
2440179153,宋祖儿lareina
2554404125,倪妮V
1930246267,麻糬森
1549364094,江疏影
6012533811,落尔洛
2438920810,GOLDENAGE-吕冠成
6206159353,天猫小黑盒
1840047932,宗赢Tsungying
1278603180,吴谨言
1773294041,王菊
5733562728,X玖少年团-彭楚粤
3828809034,-王楚然-
1288345514,李诞
1197755162,韩雪
1221923871,王鸥Angel
3705973967,梁朋杰-
5387897948,说吧文涛
5992829552,河森堡
6428457251,陈锴杰KJ
1795894533,刘令飞Liam
2311725843,胡超政
6697031476,陆宇鹏LUK
2034201623,胡浩博
1698233740,FT中文网
1951195445,mike金
1796772501,颜秉卿
2357790817,00来兹05
5321084314,欧美漫画谈
2303329082,游遍英国
1009068505,EC鲨美重症患者
1602089347,fromgodwithlove
2496837734,译林人文社科
6055366264,没眼人的亚妮
1496852380,崔永元
2094390301,欧洲文艺评论
1302778544,死胖子王建国
1252036043,尚雯婕
1771595225,胡致邦Jack
1739285763,pp漫游记
3316814754,VeryMuseum
1526449335,阚清子
1734808171,陳正道
1223465794,张皓宸
1213239282,宋佳
1837898543,腹黑黒
3285185471,刘柏辛Lexie
1669879400,Dear-迪丽热巴
1679153295,马睿马同学
1739046981,李荣浩
1825457341,毛不易
1533789260,陈学冬
1407610494,哈根达斯佛
2971003043,书格图书馆
5587677731,为什么美术馆
1824675097,周瑞彪Biu
1576218000,李笑来
1496915057,罗振宇
1347118243,陳妍希michelle
1788283193,Crystal张天爱
1613258127,宋冬野
1623965900,金世佳
1735652420,武嘉程Rainno
1742211880,殿殿Dannis
5017118900,PlusONE
1410290690,BEASHEL闭瑜
1765498912,紀澤希
1267005507,李子峰lee
5888671022,王嘉尔
1826238924,郭源元Yuanyuan
1883449472,梁以辰yichan
1953526727,姚伟涛-
5369922523,不良多瓦
3239869753,烤尾巴吃的狐狸
2120387125,高寒种太阳
5423084495,CANmuseum
2245075615,与欧洲有关的一切
1644225642,美国国家地理
3900215081,不二大叔说
3206764310,动漫速递
2180551362,电影Mark
1676267795,秋风秋雨入茶来
1725973017,GuoLi李果
1771344764,夏志远远
3809672324,王鹤润rain
1792951112,X玖少年团肖战DAYTOY
1639421885,X玖少年团伍嘉成
1171345731,鲍天琦
1898516834,朱戬Ryuuji
1913624330,林忆莲
1692801804,楊千嬅
1705586121,GEM鄧紫棋
1725442283,利晴天
1792501635,曾恺玹
1197930844,林熙蕾
1916655407,周冬雨
2902408801,宋茜
2059915723,电影人张昭
1350995007,我是娜扎
2324136315,晏紫东
1225907163,孙骁骁
1712570933,William威廉陈伟霆
5187664653,邓超
1642630543,白百何
1738498871,马思纯
1259110474,赵丽颖
1582160525,蒋劲夫
1704091601,胡夏
1195242865,杨幂
1730077315,黄晓明
3125046087,刘烨
2774020427,演员蒋梓乐的信念感
1665256992,蒋欣
2995677942,X玖少年团谷嘉诚BAE
1649553061,torovandarko
5155887876,电影裂人
3945917804,毒舌电影
2989155391,闲趣别院
5252536801,吃吃的爱
1214435497,贾乃亮
2144287705,-米勒Miller-
1537790411,M鹿M
3591355593,Mr_凡先生
2034565060,许晴随行笔记
1826792401,王思聪
5465334759,陈慕
2105893040,xxdd星星的店官网
2521025924,奥康商城
5638953884,zxvjknaiojdf
2006277991,金星
1716545261,Zephyrance
1403196873,王高飞
1978310555,TeNdEr黃騰浩
1906139337,甘子玉
3237217464,字体主义
1240464984,你就是它
1566301073,贾玲
1711918131,陈汉典
2130434435,张韶涵
1705338574,周秀娜Chrissienana
1723605177,艺术当代
1904907955,芭莎艺术
1822450904,佩斯北京PACE
1889767717,余德耀
1836679963,Michelle米董
2043620582,食色纽约
5170630067,橘子君到此一游
2769149134,星时代杨钰莹
1649616130,南笙
1747516791,dewpearl
1662717013,贾樟柯
1197362373,张嘉佳
1760689463,乐华娱乐杜华
1728899515,电子骑士
1686395564,娜斯
1252397723,cucn201白客
2793402140,灯具设计
1195908387,日_推
1711479641,北大新媒体
2611407297,TEDNews
1253491601,应采儿
1212612565,孙菲菲
1320135280,袁姗姗
1941073367,任行云Richard
5294283848,中文天文视频
1788911247,谷大白话
2054984873,黄国伦老师
2054996223,寇乃馨
3243120642,复古迷
2093577580,英国VA博物馆
1987718235,Dr_Nirvana
2941981381,造物理想国
2606885357,迷因体
2326437920,謝依霖HOLD住姐
1748310377,华语青年影像论坛
1789886225,乐创文娱
1196624615,张梓琳
1738171957,陳嘉上Gordon
2117319013,曾一竣
1312412824,林志玲
1957214042,UnderscorePlus
1722656062,Karen莫文蔚
1358023322,魚太浪
1802726235,作家张大春
1223762662,林心如
1736593957,西瓜郎的秋天
1740806873,TakkiStone
1763990660,曾舜晞Joseph
1280710133,47Jasper
1239062604,帕格尼尼的左手
1771922962,犬腾TRENTON
2719687891,Untitled_0
