﻿微博id,微博正文,原始图片url,微博视频url,发布位置,发布时间,发布工具,点赞数,转发数,评论数
IzVtXt1EE,#我们真的需要厨房吗# 有人说，厨房是必需品，他们在厨房找到爱与生活，调出人间百味；也有人说，厨房是奢侈品，他们忙于工作，更爱外卖一键闪送的便捷。你怎么看？ @FOTILE方太 #聚划算欢聚日# FOTILE方太的微博视频  ,无,"http://f.video.weibocdn.com/0011vAwQgx07BU8IyiYL01041200V07B0E010.mp4?label=mp4_hd&template=852x480.25.0&trans_finger=62b30a3f061b162e421008955c73f536&Expires=1586174234&ssig=ZzVXDCFXiw&KID=unistore,video",无,2020-03-23 13:01,无,5964,2615,4
IxXk1331J,爱一个人的距离要衡量，不然对方可能害怕，自己可能受伤。当粉丝的过程，爱偶像的过程，其实就是在成长，有一天，热涙与尖叫，都会化做回忆里的微光。✨🌹 #粉丝的苦与乐##爱一个人的距离##花花万物#  @炎亚纶_AaronYan  优酷花花万物的优酷视频  ,无,"https://api.youku.com/videos/player/file?data=WcEl5oEuVdTRNRE00TmpRM01nPT18MHwxfDEwMDUwfDAO0O0O&Expires=1586174235&ssig=nvCWYPRWEt&KID=unistore,video",无,2020-03-10 14:01,无,6293,835,1
IoQPrsFkE,当有⼈还在⾛路的时候，有⼈就梦想着⻜翔，因此我们登上了⽉球。这就是我们⼈类最幸运的地⽅，我们是⼀个梦想会成真的物种。也正是因此⼈类对未来做出了许许多多天⻢⾏空的预⾔。最近我在@天猫小黑盒 举办的中国#新品消费盛典# 的现场，邀请了@姬十三 先生和科幻作家刘慈欣先生@workership 一起聊...全文 ,无,无,无,2020-01-10 16:57,无,9650,951,3
微博id,微博正文,原始图片url,微博视频url,发布位置,发布时间,发布工具,点赞数,转发数,评论数
IzVtXt1EE,#我们真的需要厨房吗# 有人说，厨房是必需品，他们在厨房找到爱与生活，调出人间百味；也有人说，厨房是奢侈品，他们忙于工作，更爱外卖一键闪送的便捷。你怎么看？ @FOTILE方太 #聚划算欢聚日# FOTILE方太的微博视频  ,无,"http://f.video.weibocdn.com/0011vAwQgx07BU8IyiYL01041200V07B0E010.mp4?label=mp4_hd&template=852x480.25.0&trans_finger=62b30a3f061b162e421008955c73f536&Expires=1586174846&ssig=Kzsi1LZsAF&KID=unistore,video",无,2020-03-23 13:01,无,5964,2615,4
IxXk1331J,爱一个人的距离要衡量，不然对方可能害怕，自己可能受伤。当粉丝的过程，爱偶像的过程，其实就是在成长，有一天，热涙与尖叫，都会化做回忆里的微光。✨🌹 #粉丝的苦与乐##爱一个人的距离##花花万物#  @炎亚纶_AaronYan  优酷花花万物的优酷视频  ,无,"https://api.youku.com/videos/player/file?data=WcEl5oEuVdTRNRE00TmpRM01nPT18MHwxfDEwMDUwfDAO0O0O&Expires=1586174846&ssig=aQZPT7HK0P&KID=unistore,video",无,2020-03-10 14:01,无,6293,835,1
IoQPrsFkE,当有⼈还在⾛路的时候，有⼈就梦想着⻜翔，因此我们登上了⽉球。这就是我们⼈类最幸运的地⽅，我们是⼀个梦想会成真的物种。也正是因此⼈类对未来做出了许许多多天⻢⾏空的预⾔。最近我在@天猫小黑盒 举办的中国#新品消费盛典# 的现场，邀请了@姬十三 先生和科幻作家刘慈欣先生@workership 一起聊聊他们想象中的未来生活，两位预言家提到的技术和新产品，都会改变我们对于生命的限制的认识。当限制的边界被推向更远的地方，我们也就拥有更多的自由。这也是为什么人们总是在期待新的东西把我们的生活#先人一步#地带向更美好的地方。你们有什么关于未来的美好畅想吗？欢迎分享天猫小黑盒的微博视频                                 ,无,无,无,2020-01-10 16:57,无,9650,951,3
