{"user": {"id": "1282005885", "nickname": "蔡康永", "gender": "男", "location": "台湾 台北市", "birthday": "", "description": "**工作聯絡", "verified_reason": "台湾知名节目主持人", "talent": "", "education": "", "work": "電影電視製作專業碩士MFA ", "weibo_num": 1083, "following": 1973, "followers": 37309690}, "weibo": [{"id": "IzVtXt1EE", "content": "#我们真的需要厨房吗# 有人说，厨房是必需品，他们在厨房找到爱与生活，调出人间百味；也有人说，厨房是奢侈品，他们忙于工作，更爱外卖一键闪送的便捷。你怎么看？ @FOTILE方太 #聚划算欢聚日# FOTILE方太的微博视频  ", "original_pictures": "无", "video_url": "http://f.video.weibocdn.com/0011vAwQgx07BU8IyiYL01041200V07B0E010.mp4?label=mp4_hd&template=852x480.25.0&trans_finger=62b30a3f061b162e421008955c73f536&Expires=1586174846&ssig=Kzsi1LZsAF&KID=unistore,video", "publish_place": "无", "publish_time": "2020-03-23 13:01", "publish_tool": "无", "up_num": 5964, "retweet_num": 2615, "comment_num": 4}, {"id": "IxXk1331J", "content": "爱一个人的距离要衡量，不然对方可能害怕，自己可能受伤。当粉丝的过程，爱偶像的过程，其实就是在成长，有一天，热涙与尖叫，都会化做回忆里的微光。✨🌹 #粉丝的苦与乐##爱一个人的距离##花花万物#  @炎亚纶_AaronYan  优酷花花万物的优酷视频  ", "original_pictures": "无", "video_url": "https://api.youku.com/videos/player/file?data=WcEl5oEuVdTRNRE00TmpRM01nPT18MHwxfDEwMDUwfDAO0O0O&Expires=1586174846&ssig=aQZPT7HK0P&KID=unistore,video", "publish_place": "无", "publish_time": "2020-03-10 14:01", "publish_tool": "无", "up_num": 6293, "retweet_num": 835, "comment_num": 1}, {"id": "IoQPrsFkE", "content": "当有⼈还在⾛路的时候，有⼈就梦想着⻜翔，因此我们登上了⽉球。这就是我们⼈类最幸运的地⽅，我们是⼀个梦想会成真的物种。也正是因此⼈类对未来做出了许许多多天⻢⾏空的预⾔。最近我在@天猫小黑盒 举办的中国#新品消费盛典# 的现场，邀请了@姬十三 先生和科幻作家刘慈欣先生@workership 一起聊聊他们想象中的未来生活，两位预言家提到的技术和新产品，都会改变我们对于生命的限制的认识。当限制的边界被推向更远的地方，我们也就拥有更多的自由。这也是为什么人们总是在期待新的东西把我们的生活#先人一步#地带向更美好的地方。你们有什么关于未来的美好畅想吗？欢迎分享天猫小黑盒的微博视频                                 ", "original_pictures": "无", "video_url": "无", "publish_place": "无", "publish_time": "2020-01-10 16:57", "publish_tool": "无", "up_num": 9650, "retweet_num": 951, "comment_num": 3}]}