﻿微博id,微博正文,原始图片url,微博视频url,发布位置,发布时间,发布工具,点赞数,转发数,评论数
IBuS4v0rV,只能截成这样了  原图 ,http://wx2.sinaimg.cn/large/4cfa62f8ly1gdfpwver7jj20u01hcwj3.jpg,无,无,2020-04-02 20:57,OPPO Reno3 5G,357859,132944,76479
IBboexVXt,巡逻  原图 ,http://wx1.sinaimg.cn/large/4cfa62f8ly1gddbsscphoj22c03401l0.jpg,无,无,2020-03-31 19:21,OPPO Reno3 5G,658658,235070,124187
IxmowzJJa,一会儿来直播间看自信的眉毛 @OPPO  原图 ,http://wx4.sinaimg.cn/large/4cfa62f8ly1gck9lt6omkj20qo0zkn0i.jpg,无,无,2020-03-06 16:01,OPPO Reno 10倍变焦版,715507,344820,151814
IxeA1bZOv,这个表情是怎么弄的 你是怎么做到每个角色都不相同，每个角色都像真正存在一样的？٩(๑ᵒ̴̶̷͈᷄ᗨᵒ̴̶̷͈᷅)و棒棒哒  ,无,无,无,2020-03-05 20:07,OPPO Reno3 5G,195002,335402,48617
IwRK6AQrZ,#喝春茶竹叶青#共品春茶，从一杯竹叶青峨眉高山绿茶开始，健康开启春天。@竹叶青峨眉高山绿茶  原图 ,http://wx2.sinaimg.cn/large/4cfa62f8ly1gcgi9ubs0zj217r1kve60.jpg,无,无,2020-03-03 09:59,OPPO Reno3 5G,363485,340657,112320
IvEMzB76B,留还是不留呢  原图 ,http://wx4.sinaimg.cn/large/4cfa62f8ly1gc7bcobxzsj22c03407wj.jpg,无,无,2020-02-24 11:09,OPPO Reno3 5G,565210,388946,178882
IvytQAAXu,#我在北京等你# 久等了 马上见  原图 ,http://wx1.sinaimg.cn/large/4cfa62f8ly1gc6jjk8k35j24nn6uo1l2.jpg,无,无,2020-02-23 19:06,OPPO Reno3 5G,376207,301518,82192
IqxTH1hmU,回家过年了 回家的路是喜悦  [组图共2张] 原图 ,"http://ww4.sinaimg.cn/large/4cfa62f8gy1gb4ge9tu5bj22c0340kjn.jpg,http://ww4.sinaimg.cn/large/4cfa62f8gy1gb4geavonkj21sg2dsx5m.jpg",无,无,2020-01-21 20:25,OPPO Reno3 Pro 5G,463434,263902,78127
Iqmhx0ODW,明天就不再穿这身军装了 虽然自己不是一名真正的军人 但心里还是有一种退伍的伤感 这身迷彩确实让人着迷  这段军旅确实让我惊喜  [组图共2张] 原图 ,"http://ww2.sinaimg.cn/large/4cfa62f8ly1gb312tp4hhj226i2wohdw.jpg,http://ww2.sinaimg.cn/large/4cfa62f8ly1gb312ofo5qj22av32h4qq.jpg",无,无,2020-01-20 14:51,OPPO Reno3 Pro 5G,402020,209827,55914
IpSUDggPh,#拒绝盗版从我做起# 跟我一起加入电影频道“拒绝盗版 从我做起”全民反盗版活动，拒绝盗版，从我做起！@中国电影报道 @电影频道融媒体中心  原图 ,http://wx4.sinaimg.cn/large/4cfa62f8ly1gazffd82byj22bc334b2a.jpg,无,无,2020-01-17 12:05,OPPO Reno3 Pro 5G,160399,116089,27357
