{"user": {"id": "1291477752", "nickname": "李易峰", "gender": "男", "location": "北京", "birthday": "", "description": "拽而有礼 拽而不狂", "verified_reason": "演员", "talent": "", "education": "", "work": "", "weibo_num": 2500, "following": 183, "followers": 58123931}, "weibo": [{"id": "IBuS4v0rV", "content": "只能截成这样了  原图 ", "original_pictures": "http://wx2.sinaimg.cn/large/4cfa62f8ly1gdfpwver7jj20u01hcwj3.jpg", "video_url": "无", "publish_place": "无", "publish_time": "2020-04-02 20:57", "publish_tool": "OPPO Reno3 5G", "up_num": 357859, "retweet_num": 132944, "comment_num": 76479}, {"id": "IBboexVXt", "content": "巡逻  原图 ", "original_pictures": "http://wx1.sinaimg.cn/large/4cfa62f8ly1gddbsscphoj22c03401l0.jpg", "video_url": "无", "publish_place": "无", "publish_time": "2020-03-31 19:21", "publish_tool": "OPPO Reno3 5G", "up_num": 658658, "retweet_num": 235070, "comment_num": 124187}, {"id": "IxmowzJJa", "content": "一会儿来直播间看自信的眉毛 @OPPO  原图 ", "original_pictures": "http://wx4.sinaimg.cn/large/4cfa62f8ly1gck9lt6omkj20qo0zkn0i.jpg", "video_url": "无", "publish_place": "无", "publish_time": "2020-03-06 16:01", "publish_tool": "OPPO Reno 10倍变焦版", "up_num": 715507, "retweet_num": 344820, "comment_num": 151814}, {"id": "IxeA1bZOv", "content": "这个表情是怎么弄的 你是怎么做到每个角色都不相同，每个角色都像真正存在一样的？٩(๑ᵒ̴̶̷͈᷄ᗨᵒ̴̶̷͈᷅)و棒棒哒  ", "original_pictures": "无", "video_url": "无", "publish_place": "无", "publish_time": "2020-03-05 20:07", "publish_tool": "OPPO Reno3 5G", "up_num": 195002, "retweet_num": 335402, "comment_num": 48617}, {"id": "IwRK6AQrZ", "content": "#喝春茶竹叶青#共品春茶，从一杯竹叶青峨眉高山绿茶开始，健康开启春天。@竹叶青峨眉高山绿茶  原图 ", "original_pictures": "http://wx2.sinaimg.cn/large/4cfa62f8ly1gcgi9ubs0zj217r1kve60.jpg", "video_url": "无", "publish_place": "无", "publish_time": "2020-03-03 09:59", "publish_tool": "OPPO Reno3 5G", "up_num": 363485, "retweet_num": 340657, "comment_num": 112320}, {"id": "IvEMzB76B", "content": "留还是不留呢  原图 ", "original_pictures": "http://wx4.sinaimg.cn/large/4cfa62f8ly1gc7bcobxzsj22c03407wj.jpg", "video_url": "无", "publish_place": "无", "publish_time": "2020-02-24 11:09", "publish_tool": "OPPO Reno3 5G", "up_num": 565210, "retweet_num": 388946, "comment_num": 178882}, {"id": "IvytQAAXu", "content": "#我在北京等你# 久等了 马上见  原图 ", "original_pictures": "http://wx1.sinaimg.cn/large/4cfa62f8ly1gc6jjk8k35j24nn6uo1l2.jpg", "video_url": "无", "publish_place": "无", "publish_time": "2020-02-23 19:06", "publish_tool": "OPPO Reno3 5G", "up_num": 376207, "retweet_num": 301518, "comment_num": 82192}, {"id": "IqxTH1hmU", "content": "回家过年了 回家的路是喜悦  [组图共2张] 原图 ", "original_pictures": "http://ww4.sinaimg.cn/large/4cfa62f8gy1gb4ge9tu5bj22c0340kjn.jpg,http://ww4.sinaimg.cn/large/4cfa62f8gy1gb4geavonkj21sg2dsx5m.jpg", "video_url": "无", "publish_place": "无", "publish_time": "2020-01-21 20:25", "publish_tool": "OPPO Reno3 Pro 5G", "up_num": 463434, "retweet_num": 263902, "comment_num": 78127}, {"id": "Iqmhx0ODW", "content": "明天就不再穿这身军装了 虽然自己不是一名真正的军人 但心里还是有一种退伍的伤感 这身迷彩确实让人着迷  这段军旅确实让我惊喜  [组图共2张] 原图 ", "original_pictures": "http://ww2.sinaimg.cn/large/4cfa62f8ly1gb312tp4hhj226i2wohdw.jpg,http://ww2.sinaimg.cn/large/4cfa62f8ly1gb312ofo5qj22av32h4qq.jpg", "video_url": "无", "publish_place": "无", "publish_time": "2020-01-20 14:51", "publish_tool": "OPPO Reno3 Pro 5G", "up_num": 402020, "retweet_num": 209827, "comment_num": 55914}, {"id": "IpSUDggPh", "content": "#拒绝盗版从我做起# 跟我一起加入电影频道“拒绝盗版 从我做起”全民反盗版活动，拒绝盗版，从我做起！@中国电影报道 @电影频道融媒体中心  原图 ", "original_pictures": "http://wx4.sinaimg.cn/large/4cfa62f8ly1gazffd82byj22bc334b2a.jpg", "video_url": "无", "publish_place": "无", "publish_time": "2020-01-17 12:05", "publish_tool": "OPPO Reno3 Pro 5G", "up_num": 160399, "retweet_num": 116089, "comment_num": 27357}]}