{"user": {"id": "1639208147", "nickname": "宋伊人", "gender": "女", "location": "北京 朝阳区", "birthday": "1993-05-07", "description": "合作邮箱：3126913106@qq.com", "verified_reason": "北京金色池塘传媒签约演员 代表作《将夜》《奋斗吧！少年》等", "talent": "美食 电影 旅游 ", "education": "北京电影学院 12级", "work": "", "weibo_num": 1513, "following": 409, "followers": 5337919}, "weibo": [{"id": "IC2tFaDrJ", "content": "#微博剧场##全世界最好的你# 我俩从小一起长大的，许放，是跟在我身后的小跟班@全世界最好的你官微   原图 ", "original_pictures": "http://wx4.sinaimg.cn/large/61b454d3ly1gdju9zqm6mj21ao227u0x.jpg", "video_url": "无", "publish_place": "无", "publish_time": "2020-04-06 10:30", "publish_tool": "iPhone 11 Pro", "up_num": 30307, "retweet_num": 1146, "comment_num": 2541}, {"id": "IBr6hqyXG", "content": "#微博剧场##全世界最好的你# 我们一起打闹时光，也一起成长@张耀Gala   原图 ", "original_pictures": "http://wx2.sinaimg.cn/large/61b454d3ly1gdf98owg0bj21e02gwx6p.jpg", "video_url": "无", "publish_place": "无", "publish_time": "2020-04-02 11:21", "publish_tool": "iPhone 11 Pro", "up_num": 31339, "retweet_num": 2755, "comment_num": 2672}, {"id": "IAJCNvwuc", "content": "作业迟到补交@全世界最好的你官微 绿洲  [组图共3张] 原图 ", "original_pictures": "http://ww3.sinaimg.cn/large/61b454d3ly3gd9xbz7oqtj215o15o49t.jpg,http://ww3.sinaimg.cn/large/61b454d3ly3gd9xbza8hkj215o15otk4.jpg,http://ww2.sinaimg.cn/large/61b454d3ly3gd9xbyxyfrj215o15owqy.jpg", "video_url": "无", "publish_place": "无", "publish_time": "2020-03-28 20:40", "publish_tool": "绿洲APP", "up_num": 30004, "retweet_num": 1182, "comment_num": 2530}, {"id": "IAmPQoWrz", "content": "有人催我发自拍，我的自拍没有，送上一张许放的自拍@全世界最好的你官微 @张耀Gala  [组图共2张] 原图 ", "original_pictures": "http://ww4.sinaimg.cn/large/61b454d3ly1gd5yb9dz4cj23402c0hdt.jpg,http://ww1.sinaimg.cn/large/61b454d3ly1gd74t154ldj20u01szu0x.jpg", "video_url": "无", "publish_place": "无", "publish_time": "2020-03-26 10:39", "publish_tool": "iPhone 11 Pro", "up_num": 29037, "retweet_num": 1212, "comment_num": 2649}, {"id": "IAdbQs32X", "content": "#全世界最好的你##奶油味暗恋# 庆幸无论我们什么样，你都陪在我身旁。@张耀Gala ✨  [组图共2张] 原图 ", "original_pictures": "http://ww2.sinaimg.cn/large/61b454d3ly1gd5wavkm9yj21e02gv7wi.jpg,http://ww2.sinaimg.cn/large/61b454d3ly1gd5waxffq2j21gs2lte84.jpg", "video_url": "无", "publish_place": "无", "publish_time": "2020-03-25 10:06", "publish_tool": "iPhone 11 Pro", "up_num": 29024, "retweet_num": 2024, "comment_num": 2684}, {"id": "IzaVI9s3R", "content": "睡了半个月吃了半个月又吃了半个月睡了半个月所以我半月了  [组图共9张] 原图 ", "original_pictures": "http://ww2.sinaimg.cn/large/61b454d3ly1gcy2crc82cj22c0340npg.jpg,http://ww1.sinaimg.cn/large/61b454d3ly1gcy2cvygjwj22c0340hdw.jpg,http://ww1.sinaimg.cn/large/61b454d3ly1gcy2ct4008j22c0340e84.jpg,http://ww3.sinaimg.cn/large/61b454d3ly1gcy2colztjj22c0340e84.jpg,http://ww1.sinaimg.cn/large/61b454d3ly1gcy2d32bd8j22c0340hdw.jpg,http://ww3.sinaimg.cn/large/61b454d3ly1gcy2cy3mulj22c0340b2c.jpg,http://ww4.sinaimg.cn/large/61b454d3ly1gcy2d065dej22c0340e84.jpg,http://ww3.sinaimg.cn/large/61b454d3ly1gcy2d4s5juj22c0340b2c.jpg,http://ww4.sinaimg.cn/large/61b454d3ly1gcy2cpb8xzj21o0280b10.jpg", "video_url": "无", "publish_place": "无", "publish_time": "2020-03-18 14:30", "publish_tool": "iPhone 11 Pro", "up_num": 29690, "retweet_num": 1794, "comment_num": 2989}, {"id": "Iygo9aypO", "content": "欢迎来到海洋世界🐋🐬🐟🐠🐡🐳🐙帮我看看最后一只是什么品种？？  [组图共9张] 原图 ", "original_pictures": "http://ww1.sinaimg.cn/large/61b454d3gy1gcorm50b80j23402c04qs.jpg,http://ww4.sinaimg.cn/large/61b454d3gy1gcorm8c0vyj23402c0hdv.jpg,http://ww4.sinaimg.cn/large/61b454d3gy1gcormispycj23402c0x6r.jpg,http://ww2.sinaimg.cn/large/61b454d3gy1gcormfgicfj23402c0e84.jpg,http://ww1.sinaimg.cn/large/61b454d3gy1gcorm1gimjj23402c0qv7.jpg,http://ww3.sinaimg.cn/large/61b454d3gy1gcormc7reuj23402c0u0z.jpg,http://ww1.sinaimg.cn/large/61b454d3gy1gcorlungipj23402c0e83.jpg,http://ww2.sinaimg.cn/large/61b454d3gy1gcormmpx1uj23402c04qs.jpg,http://ww1.sinaimg.cn/large/61b454d3gy1gcoyu1sc42j23402c0e84.jpg", "video_url": "无", "publish_place": "无", "publish_time": "2020-03-12 14:33", "publish_tool": "iPhone 11 Pro", "up_num": 30720, "retweet_num": 1869, "comment_num": 3630}, {"id": "IxXGj3ue6", "content": "夏天就要有夏天的亚子🦀🦞🦑 绿洲  [组图共2张] 原图 ", "original_pictures": "http://ww4.sinaimg.cn/large/61b454d3gy3gcou8ormeyj20zk0qo1kx.jpg,http://ww1.sinaimg.cn/large/61b454d3gy3gcou8oq1aij20zk0qo4qc.jpg", "video_url": "无", "publish_place": "无", "publish_time": "2020-03-10 14:56", "publish_tool": "绿洲APP", "up_num": 32087, "retweet_num": 1763, "comment_num": 2851}, {"id": "Ixyd7ynq0", "content": "我：过来拍张照，把你牛奶给我喝一口二人：好我：好了，拍完了也喝完了二人：好#我的生活一角#  [组图共2张] 原图 ", "original_pictures": "http://ww4.sinaimg.cn/large/61b454d3gy1gclp7w9hctj22801o04qr.jpg,http://ww3.sinaimg.cn/large/61b454d3gy1gclp7zfhhpj21o02804qr.jpg", "video_url": "无", "publish_place": "无", "publish_time": "2020-03-07 22:05", "publish_tool": "iPhone 11 Pro", "up_num": 31616, "retweet_num": 1903, "comment_num": 4829}, {"id": "Ix4bHhQ6t", "content": "宋二人长大了但吃相依旧没什么长进  [组图共6张] 原图 ", "original_pictures": "http://ww4.sinaimg.cn/large/61b454d3gy1gchx2xz341j23402c01kz.jpg,http://ww3.sinaimg.cn/large/61b454d3gy1gci18elfpnj21mc25snpe.jpg,http://ww4.sinaimg.cn/large/61b454d3gy1gchx2o3vwcj22c0340qv7.jpg,http://ww2.sinaimg.cn/large/61b454d3gy1gci18cmo8oj21mc25sx6p.jpg,http://ww2.sinaimg.cn/large/61b454d3gy1gci18j6ye6j23402c0hdv.jpg,http://ww1.sinaimg.cn/large/61b454d3gy1gci18y2y9sj23402c0u0z.jpg", "video_url": "无", "publish_place": "无", "publish_time": "2020-03-04 17:40", "publish_tool": "iPhone 11 Pro", "up_num": 32933, "retweet_num": 1286, "comment_num": 3816}, {"id": "IwttVxm13", "content": "前八张是理想最后一张是日常  [组图共9张] 原图 ", "original_pictures": "http://ww3.sinaimg.cn/large/61b454d3ly1gcdhrotfhtj23402c0b2c.jpg,http://ww4.sinaimg.cn/large/61b454d3ly1gcdhxeglr3j22c0340e84.jpg,http://ww3.sinaimg.cn/large/61b454d3ly1gcdhrltrpwj22c0340e84.jpg,http://ww4.sinaimg.cn/large/61b454d3ly1gcdhrs27uqj22c03407wk.jpg,http://ww2.sinaimg.cn/large/61b454d3ly1gcdhx7cthoj22c0340hdw.jpg,http://ww4.sinaimg.cn/large/61b454d3ly1gcdhxii276j22c0340b2c.jpg,http://ww2.sinaimg.cn/large/61b454d3ly1gcdhrjkrgoj20u01hc4q2.jpg,http://ww2.sinaimg.cn/large/61b454d3ly1gcdhxbaqy6j22c03407wk.jpg,http://ww1.sinaimg.cn/large/61b454d3ly1gcdhssfg4cj20x50ounas.jpg", "video_url": "无", "publish_place": "无", "publish_time": "2020-02-29 20:13", "publish_tool": "iPhone 11 Pro", "up_num": 31193, "retweet_num": 1578, "comment_num": 2871}, {"id": "IvJ4JojPe", "content": "#idoltube#光阴如梭，春去秋来，任时光飞快，桑桑与少爷，都不畏过去和将来#将夜2#✨🌧☂️ 宋伊人的微博视频  ", "original_pictures": "无", "video_url": "http://f.video.weibocdn.com/0pNQSkYilx07Bd94edny01041200jdWB0E010.mp4?label=mp4_hd&template=640x368.25.0&trans_finger=62b30a3f061b162e421008955c73f536&Expires=1586163345&ssig=EOb0299ggZ&KID=unistore,video", "publish_place": "无", "publish_time": "2020-02-24 22:04", "publish_tool": "iPhone 11 Pro", "up_num": 12839, "retweet_num": 1376, "comment_num": 2904}, {"id": "IuXrVuhA8", "content": "#idoltube#店家说得对，桑桑可真能吃#将夜2# 宋伊人的微博视频  ", "original_pictures": "无", "video_url": "http://f.video.weibocdn.com/Jk7E0h9mlx07B55u4ALK01041200qHxd0E010.mp4?label=mp4_hd&template=640x368.25.0&trans_finger=62b30a3f061b162e421008955c73f536&Expires=1586163346&ssig=CBacGKR78x&KID=unistore,video", "publish_place": "无", "publish_time": "2020-02-19 20:50", "publish_tool": "iPhone 11 Pro", "up_num": 12143, "retweet_num": 1412, "comment_num": 3059}, {"id": "IuEucgOie", "content": "#idoltube##桑桑黑化#重温一下被昊天激活的桑桑你们怕了吗 宋伊人的微博视频  ", "original_pictures": "无", "video_url": "http://f.video.weibocdn.com/51EfNZB6lx07B1SyY6ak01041200anpR0E010.mp4?label=mp4_hd&template=640x368.25.0&trans_finger=62b30a3f061b162e421008955c73f536&Expires=1586163366&ssig=eTPVAqhZRF&KID=unistore,video", "publish_place": "无", "publish_time": "2020-02-17 20:33", "publish_tool": "iPhone 11 Pro", "up_num": 12630, "retweet_num": 1424, "comment_num": 2862}, {"id": "Iu2BWDeqq", "content": "七零八落的一些存图  [组图共9张] 原图 ", "original_pictures": "http://ww3.sinaimg.cn/large/61b454d3ly1g9s343p4bsj23402c0x6r.jpg,http://ww1.sinaimg.cn/large/61b454d3ly1ga0d4rj6a1j22422424qr.jpg,http://ww4.sinaimg.cn/large/61b454d3ly1ga0d53tlexj23402c0x6r.jpg,http://ww2.sinaimg.cn/large/61b454d3ly1ga0d4ztj5ej22c02c0npf.jpg,http://ww1.sinaimg.cn/large/61b454d3ly1ga0d59bhotj23402c0x6q.jpg,http://ww4.sinaimg.cn/large/61b454d3ly1gbv0tk2a3bj22801o0qv5.jpg,http://ww4.sinaimg.cn/large/61b454d3ly1gbv10eil4wj22c0340b2b.jpg,http://ww4.sinaimg.cn/large/61b454d3ly1gbv139dtf6j23402c0e83.jpg,http://ww3.sinaimg.cn/large/61b454d3ly1ga0d3kqmbwj22c0340e84.jpg", "video_url": "无", "publish_place": "无", "publish_time": "2020-02-13 20:08", "publish_tool": "iPhone 11 Pro", "up_num": 18421, "retweet_num": 1256, "comment_num": 2919}, {"id": "ItT2UjwZV", "content": "#idoltube#好想念渭城啊！想听村长老马再说一次“留下来！”#将夜2# 宋伊人的微博视频  ", "original_pictures": "无", "video_url": "http://f.video.weibocdn.com/001lAZxYlx07ATQVyB5m01041200shym0E010.mp4?label=mp4_hd&template=852x480.25.0&trans_finger=62b30a3f061b162e421008955c73f536&Expires=1586163367&ssig=CkNS7ZGnfG&KID=unistore,video", "publish_place": "无", "publish_time": "2020-02-12 19:47", "publish_tool": "iPhone 11 Pro", "up_num": 10646, "retweet_num": 1197, "comment_num": 2540}, {"id": "ItAndwbXn", "content": "#idoltube#听说今晚就可以看到大结局啦！那桑桑又可以吃到酸辣面片汤啦！少爷也如愿以偿喝到洗脚水啦！#将夜2# 宋伊人的微博视频  ", "original_pictures": "无", "video_url": "http://f.video.weibocdn.com/002TQRMXlx07AQH3LyAo01041200ptvl0E010.mp4?label=mp4_hd&template=852x480.25.0&trans_finger=62b30a3f061b162e421008955c73f536&Expires=1586163368&ssig=25I3r6oEk3&KID=unistore,video", "publish_place": "无", "publish_time": "2020-02-10 20:15", "publish_tool": "iPhone 11 Pro", "up_num": 8931, "retweet_num": 1144, "comment_num": 5739}, {"id": "IsWVI8bKu", "content": "#idoltube#桑桑终于再次上线了然而她却是惊神阵的破坏者#将夜2# 宋伊人的微博视频  ", "original_pictures": "无", "video_url": "http://f.video.weibocdn.com/00202bxBlx07AK1iZ1t601041200AdmD0E010.mp4?label=mp4_hd&template=864x480.25.0&trans_finger=62b30a3f061b162e421008955c73f536&Expires=1586163368&ssig=BOYuEefh1G&KID=unistore,video", "publish_place": "无", "publish_time": "2020-02-06 15:50", "publish_tool": "iPhone 11 Pro", "up_num": 12786, "retweet_num": 2530, "comment_num": 3914}, {"id": "Isx8Kg1GH", "content": "#idoltube#话不多说👻戴上口罩😷听我唱歌🎤#将夜2# 宋伊人的微博视频  ", "original_pictures": "无", "video_url": "http://f.video.weibocdn.com/0022pqnclx07AFEMfGnK01041200hCTC0E010.mp4?label=mp4_hd&template=640x368.25.0&trans_finger=62b30a3f061b162e421008955c73f536&Expires=1586163369&ssig=cWVNf7Zh6L&KID=unistore,video", "publish_place": "无", "publish_time": "2020-02-03 22:10", "publish_tool": "iPhone 11 Pro", "up_num": 9883, "retweet_num": 1184, "comment_num": 2580}, {"id": "IrJYuyIbL", "content": "#抗击新型肺炎我们在行动#在家勤洗手，出门戴口罩，保护好自己，大家共同努力#全民口罩行动#😷😷😷 绿洲  [组图共2张] 原图 ", "original_pictures": "http://ww2.sinaimg.cn/large/61b454d3ly3gbdjfm47srj20zk0nph08.jpg,http://ww2.sinaimg.cn/large/61b454d3ly3gbdjfmuzfqj20zk0nows3.jpg", "video_url": "无", "publish_place": "无", "publish_time": "2020-01-29 17:01", "publish_tool": "绿洲APP", "up_num": 11611, "retweet_num": 1187, "comment_num": 2594}, {"id": "Ir13Ihgfp", "content": "新年平安 万事顺意  原图 ", "original_pictures": "http://wx2.sinaimg.cn/large/61b454d3ly1gb813ddadkj21hr28nb29.jpg", "video_url": "无", "publish_place": "无", "publish_time": "2020-01-24 22:40", "publish_tool": "iPhone 11 Pro", "up_num": 12872, "retweet_num": 1186, "comment_num": 2819}, {"id": "Iqolu4k4b", "content": "#春节回家过年的奇葩方式##将夜2#大黑马车，随叫随到，绿色无污染，坚固耐用，春节回家最佳选择@王鹤棣_Dylan   [组图共2张] 原图 ", "original_pictures": "http://ww2.sinaimg.cn/large/61b454d3ly1gb3a80w0rbj243c64we8h.jpg,http://ww1.sinaimg.cn/large/61b454d3ly1gb3a89vwuxj239v4wp4qv.jpg", "video_url": "无", "publish_place": "无", "publish_time": "2020-01-20 20:06", "publish_tool": "iPhone XS Max", "up_num": 11122, "retweet_num": 1360, "comment_num": 2577}, {"id": "IpDngCG7y", "content": "#idoltube#桑桑太难了，她的小短腿快跑不动了#求桑桑快变昊天# 宋伊人的微博视频  ", "original_pictures": "无", "video_url": "http://f.video.weibocdn.com/002DpzZwlx07Abf4VygE01041201ynAI0E010.mp4?label=mp4_hd&template=852x480.25.0&trans_finger=1621fcd5d40969f1c74e6b06e52fcd54&Expires=1586163389&ssig=APTHZLJnmR&KID=unistore,video", "publish_place": "无", "publish_time": "2020-01-15 20:32", "publish_tool": "国产剧集 · 视频社区", "up_num": 13568, "retweet_num": 1221, "comment_num": 2780}, {"id": "IpATSdWxk", "content": "2020，你有没有想过把家人接到身边，和他们一起#第一次这样过年#？致敬坚守，反向团圆，让我们加入@快手 公益活动#逆光行动#，点亮里程，助力春节坚守岗位不能回家的工作者，送他们的家人到身边团圆，上快手搜索#逆光行动#，和我一起为团圆助力吧！🥳🥳🥳  原图 ", "original_pictures": "http://wx2.sinaimg.cn/large/61b454d3gy1gax7xgfhoyj20ku11247b.jpg", "video_url": "无", "publish_place": "无", "publish_time": "2020-01-15 14:14", "publish_tool": "iPhone 11 Pro", "up_num": 9300, "retweet_num": 1165, "comment_num": 2437}, {"id": "Ipr5mCgS3", "content": "#宋伊人人设崩了##将夜2# ？？不不，不是我 ，是桑桑  原图 ", "original_pictures": "http://wx3.sinaimg.cn/large/61b454d3gy1gaw0jbk5rrj21m52807wi.jpg", "video_url": "无", "publish_place": "无", "publish_time": "2020-01-14 13:15", "publish_tool": "iPhone 11 Pro", "up_num": 14655, "retweet_num": 1206, "comment_num": 2815}, {"id": "Ipkr7aBhR", "content": "看剧#将夜2##将夜2开播#  原图 ", "original_pictures": "http://wx2.sinaimg.cn/large/61b454d3ly1gav77lofgqj22801o0u0y.jpg", "video_url": "无", "publish_place": "无", "publish_time": "2020-01-13 20:19", "publish_tool": "iPhone 11 Pro", "up_num": 14795, "retweet_num": 1321, "comment_num": 2860}, {"id": "IpjrBeZcn", "content": "桑桑，我想你了今晚八点钟来见我吧#将夜2##将夜2开播#  [组图共2张] 原图 ", "original_pictures": "http://ww1.sinaimg.cn/large/61b454d3ly1gauzm18qt5j21ho29f1ky.jpg,http://ww3.sinaimg.cn/large/61b454d3ly1gav0ynnr27j25cx2apb2d.jpg", "video_url": "无", "publish_place": "无", "publish_time": "2020-01-13 17:47", "publish_tool": "iPhone 11 Pro", "up_num": 18204, "retweet_num": 54043, "comment_num": 4408}, {"id": "IoHAZzlwV", "content": "2019#微博之夜#盛典即将开启，以微博之力，让世界更美。1月11日，不见不散@微博之夜  原图 ", "original_pictures": "http://wx2.sinaimg.cn/large/61b454d3ly1garnqjdwypj20ku112gsh.jpg", "video_url": "无", "publish_place": "无", "publish_time": "2020-01-09 17:26", "publish_tool": "iPhone 11 Pro", "up_num": 10014, "retweet_num": 1661, "comment_num": 2469}, {"id": "IozmSv46Y", "content": "有个小子要发自拍了❤️💙🎊  [组图共4张] 原图 ", "original_pictures": "http://ww2.sinaimg.cn/large/61b454d3ly1gapffne22mj23402c0kjn.jpg,http://ww1.sinaimg.cn/large/61b454d3ly1gapffrabjsj22c0340e83.jpg,http://ww2.sinaimg.cn/large/61b454d3ly1gapffi9hvij22c0340e83.jpg,http://ww2.sinaimg.cn/large/61b454d3ly1gapffvdpm3j22c0340e83.jpg", "video_url": "无", "publish_place": "无", "publish_time": "2020-01-08 20:29", "publish_tool": "iPhone 11 Pro", "up_num": 14138, "retweet_num": 1366, "comment_num": 2863}, {"id": "Ioggr9llW", "content": "我喜欢的作者不仅有才字写的好，而且还诚实有眼光🤩@冯唐  绿洲  原图 ", "original_pictures": "http://wx2.sinaimg.cn/large/61b454d3ly3gan34c9pvhj20qo0zk7ll.jpg", "video_url": "无", "publish_place": "无", "publish_time": "2020-01-06 19:51", "publish_tool": "绿洲APP", "up_num": 10985, "retweet_num": 1170, "comment_num": 2445}]}