﻿微博id,微博正文,原始图片url,微博视频url,发布位置,发布时间,发布工具,点赞数,转发数,评论数
IC2tFaDrJ,#微博剧场##全世界最好的你# 我俩从小一起长大的，许放，是跟在我身后的小跟班@全世界最好的你官微   原图 ,http://wx4.sinaimg.cn/large/61b454d3ly1gdju9zqm6mj21ao227u0x.jpg,无,无,2020-04-06 10:30,iPhone 11 Pro,30307,1146,2541
IBr6hqyXG,#微博剧场##全世界最好的你# 我们一起打闹时光，也一起成长@张耀Gala   原图 ,http://wx2.sinaimg.cn/large/61b454d3ly1gdf98owg0bj21e02gwx6p.jpg,无,无,2020-04-02 11:21,iPhone 11 Pro,31339,2755,2672
IAJCNvwuc,作业迟到补交@全世界最好的你官微 绿洲  [组图共3张] 原图 ,"http://ww3.sinaimg.cn/large/61b454d3ly3gd9xbz7oqtj215o15o49t.jpg,http://ww3.sinaimg.cn/large/61b454d3ly3gd9xbza8hkj215o15otk4.jpg,http://ww2.sinaimg.cn/large/61b454d3ly3gd9xbyxyfrj215o15owqy.jpg",无,无,2020-03-28 20:40,绿洲APP,30004,1182,2530
IAmPQoWrz,有人催我发自拍，我的自拍没有，送上一张许放的自拍@全世界最好的你官微 @张耀Gala  [组图共2张] 原图 ,"http://ww4.sinaimg.cn/large/61b454d3ly1gd5yb9dz4cj23402c0hdt.jpg,http://ww1.sinaimg.cn/large/61b454d3ly1gd74t154ldj20u01szu0x.jpg",无,无,2020-03-26 10:39,iPhone 11 Pro,29037,1212,2649
IAdbQs32X,#全世界最好的你##奶油味暗恋# 庆幸无论我们什么样，你都陪在我身旁。@张耀Gala ✨  [组图共2张] 原图 ,"http://ww2.sinaimg.cn/large/61b454d3ly1gd5wavkm9yj21e02gv7wi.jpg,http://ww2.sinaimg.cn/large/61b454d3ly1gd5waxffq2j21gs2lte84.jpg",无,无,2020-03-25 10:06,iPhone 11 Pro,29024,2024,2684
IzaVI9s3R,睡了半个月吃了半个月又吃了半个月睡了半个月所以我半月了  [组图共9张] 原图 ,"http://ww2.sinaimg.cn/large/61b454d3ly1gcy2crc82cj22c0340npg.jpg,http://ww1.sinaimg.cn/large/61b454d3ly1gcy2cvygjwj22c0340hdw.jpg,http://ww1.sinaimg.cn/large/61b454d3ly1gcy2ct4008j22c0340e84.jpg,http://ww3.sinaimg.cn/large/61b454d3ly1gcy2colztjj22c0340e84.jpg,http://ww1.sinaimg.cn/large/61b454d3ly1gcy2d32bd8j22c0340hdw.jpg,http://ww3.sinaimg.cn/large/61b454d3ly1gcy2cy3mulj22c0340b2c.jpg,http://ww4.sinaimg.cn/large/61b454d3ly1gcy2d065dej22c0340e84.jpg,http://ww3.sinaimg.cn/large/61b454d3ly1gcy2d4s5juj22c0340b2c.jpg,http://ww4.sinaimg.cn/large/61b454d3ly1gcy2cpb8xzj21o0280b10.jpg",无,无,2020-03-18 14:30,iPhone 11 Pro,29690,1794,2989
Iygo9aypO,欢迎来到海洋世界🐋🐬🐟🐠🐡🐳🐙帮我看看最后一只是什么品种？？  [组图共9张] 原图 ,"http://ww1.sinaimg.cn/large/61b454d3gy1gcorm50b80j23402c04qs.jpg,http://ww4.sinaimg.cn/large/61b454d3gy1gcorm8c0vyj23402c0hdv.jpg,http://ww4.sinaimg.cn/large/61b454d3gy1gcormispycj23402c0x6r.jpg,http://ww2.sinaimg.cn/large/61b454d3gy1gcormfgicfj23402c0e84.jpg,http://ww1.sinaimg.cn/large/61b454d3gy1gcorm1gimjj23402c0qv7.jpg,http://ww3.sinaimg.cn/large/61b454d3gy1gcormc7reuj23402c0u0z.jpg,http://ww1.sinaimg.cn/large/61b454d3gy1gcorlungipj23402c0e83.jpg,http://ww2.sinaimg.cn/large/61b454d3gy1gcormmpx1uj23402c04qs.jpg,http://ww1.sinaimg.cn/large/61b454d3gy1gcoyu1sc42j23402c0e84.jpg",无,无,2020-03-12 14:33,iPhone 11 Pro,30720,1869,3630
IxXGj3ue6,夏天就要有夏天的亚子🦀🦞🦑 绿洲  [组图共2张] 原图 ,"http://ww4.sinaimg.cn/large/61b454d3gy3gcou8ormeyj20zk0qo1kx.jpg,http://ww1.sinaimg.cn/large/61b454d3gy3gcou8oq1aij20zk0qo4qc.jpg",无,无,2020-03-10 14:56,绿洲APP,32087,1763,2851
Ixyd7ynq0,我：过来拍张照，把你牛奶给我喝一口二人：好我：好了，拍完了也喝完了二人：好#我的生活一角#  [组图共2张] 原图 ,"http://ww4.sinaimg.cn/large/61b454d3gy1gclp7w9hctj22801o04qr.jpg,http://ww3.sinaimg.cn/large/61b454d3gy1gclp7zfhhpj21o02804qr.jpg",无,无,2020-03-07 22:05,iPhone 11 Pro,31616,1903,4829
Ix4bHhQ6t,宋二人长大了但吃相依旧没什么长进  [组图共6张] 原图 ,"http://ww4.sinaimg.cn/large/61b454d3gy1gchx2xz341j23402c01kz.jpg,http://ww3.sinaimg.cn/large/61b454d3gy1gci18elfpnj21mc25snpe.jpg,http://ww4.sinaimg.cn/large/61b454d3gy1gchx2o3vwcj22c0340qv7.jpg,http://ww2.sinaimg.cn/large/61b454d3gy1gci18cmo8oj21mc25sx6p.jpg,http://ww2.sinaimg.cn/large/61b454d3gy1gci18j6ye6j23402c0hdv.jpg,http://ww1.sinaimg.cn/large/61b454d3gy1gci18y2y9sj23402c0u0z.jpg",无,无,2020-03-04 17:40,iPhone 11 Pro,32933,1286,3816
IwttVxm13,前八张是理想最后一张是日常  [组图共9张] 原图 ,"http://ww3.sinaimg.cn/large/61b454d3ly1gcdhrotfhtj23402c0b2c.jpg,http://ww4.sinaimg.cn/large/61b454d3ly1gcdhxeglr3j22c0340e84.jpg,http://ww3.sinaimg.cn/large/61b454d3ly1gcdhrltrpwj22c0340e84.jpg,http://ww4.sinaimg.cn/large/61b454d3ly1gcdhrs27uqj22c03407wk.jpg,http://ww2.sinaimg.cn/large/61b454d3ly1gcdhx7cthoj22c0340hdw.jpg,http://ww4.sinaimg.cn/large/61b454d3ly1gcdhxii276j22c0340b2c.jpg,http://ww2.sinaimg.cn/large/61b454d3ly1gcdhrjkrgoj20u01hc4q2.jpg,http://ww2.sinaimg.cn/large/61b454d3ly1gcdhxbaqy6j22c03407wk.jpg,http://ww1.sinaimg.cn/large/61b454d3ly1gcdhssfg4cj20x50ounas.jpg",无,无,2020-02-29 20:13,iPhone 11 Pro,31193,1578,2871
IvJ4JojPe,#idoltube#光阴如梭，春去秋来，任时光飞快，桑桑与少爷，都不畏过去和将来#将夜2#✨🌧☂️ 宋伊人的微博视频  ,无,"http://f.video.weibocdn.com/0pNQSkYilx07Bd94edny01041200jdWB0E010.mp4?label=mp4_hd&template=640x368.25.0&trans_finger=62b30a3f061b162e421008955c73f536&Expires=1586163345&ssig=EOb0299ggZ&KID=unistore,video",无,2020-02-24 22:04,iPhone 11 Pro,12839,1376,2904
IuXrVuhA8,#idoltube#店家说得对，桑桑可真能吃#将夜2# 宋伊人的微博视频  ,无,"http://f.video.weibocdn.com/Jk7E0h9mlx07B55u4ALK01041200qHxd0E010.mp4?label=mp4_hd&template=640x368.25.0&trans_finger=62b30a3f061b162e421008955c73f536&Expires=1586163346&ssig=CBacGKR78x&KID=unistore,video",无,2020-02-19 20:50,iPhone 11 Pro,12143,1412,3059
IuEucgOie,#idoltube##桑桑黑化#重温一下被昊天激活的桑桑你们怕了吗 宋伊人的微博视频  ,无,"http://f.video.weibocdn.com/51EfNZB6lx07B1SyY6ak01041200anpR0E010.mp4?label=mp4_hd&template=640x368.25.0&trans_finger=62b30a3f061b162e421008955c73f536&Expires=1586163366&ssig=eTPVAqhZRF&KID=unistore,video",无,2020-02-17 20:33,iPhone 11 Pro,12630,1424,2862
Iu2BWDeqq,七零八落的一些存图  [组图共9张] 原图 ,"http://ww3.sinaimg.cn/large/61b454d3ly1g9s343p4bsj23402c0x6r.jpg,http://ww1.sinaimg.cn/large/61b454d3ly1ga0d4rj6a1j22422424qr.jpg,http://ww4.sinaimg.cn/large/61b454d3ly1ga0d53tlexj23402c0x6r.jpg,http://ww2.sinaimg.cn/large/61b454d3ly1ga0d4ztj5ej22c02c0npf.jpg,http://ww1.sinaimg.cn/large/61b454d3ly1ga0d59bhotj23402c0x6q.jpg,http://ww4.sinaimg.cn/large/61b454d3ly1gbv0tk2a3bj22801o0qv5.jpg,http://ww4.sinaimg.cn/large/61b454d3ly1gbv10eil4wj22c0340b2b.jpg,http://ww4.sinaimg.cn/large/61b454d3ly1gbv139dtf6j23402c0e83.jpg,http://ww3.sinaimg.cn/large/61b454d3ly1ga0d3kqmbwj22c0340e84.jpg",无,无,2020-02-13 20:08,iPhone 11 Pro,18421,1256,2919
ItT2UjwZV,#idoltube#好想念渭城啊！想听村长老马再说一次“留下来！”#将夜2# 宋伊人的微博视频  ,无,"http://f.video.weibocdn.com/001lAZxYlx07ATQVyB5m01041200shym0E010.mp4?label=mp4_hd&template=852x480.25.0&trans_finger=62b30a3f061b162e421008955c73f536&Expires=1586163367&ssig=CkNS7ZGnfG&KID=unistore,video",无,2020-02-12 19:47,iPhone 11 Pro,10646,1197,2540
ItAndwbXn,#idoltube#听说今晚就可以看到大结局啦！那桑桑又可以吃到酸辣面片汤啦！少爷也如愿以偿喝到洗脚水啦！#将夜2# 宋伊人的微博视频  ,无,"http://f.video.weibocdn.com/002TQRMXlx07AQH3LyAo01041200ptvl0E010.mp4?label=mp4_hd&template=852x480.25.0&trans_finger=62b30a3f061b162e421008955c73f536&Expires=1586163368&ssig=25I3r6oEk3&KID=unistore,video",无,2020-02-10 20:15,iPhone 11 Pro,8931,1144,5739
IsWVI8bKu,#idoltube#桑桑终于再次上线了然而她却是惊神阵的破坏者#将夜2# 宋伊人的微博视频  ,无,"http://f.video.weibocdn.com/00202bxBlx07AK1iZ1t601041200AdmD0E010.mp4?label=mp4_hd&template=864x480.25.0&trans_finger=62b30a3f061b162e421008955c73f536&Expires=1586163368&ssig=BOYuEefh1G&KID=unistore,video",无,2020-02-06 15:50,iPhone 11 Pro,12786,2530,3914
Isx8Kg1GH,#idoltube#话不多说👻戴上口罩😷听我唱歌🎤#将夜2# 宋伊人的微博视频  ,无,"http://f.video.weibocdn.com/0022pqnclx07AFEMfGnK01041200hCTC0E010.mp4?label=mp4_hd&template=640x368.25.0&trans_finger=62b30a3f061b162e421008955c73f536&Expires=1586163369&ssig=cWVNf7Zh6L&KID=unistore,video",无,2020-02-03 22:10,iPhone 11 Pro,9883,1184,2580
IrJYuyIbL,#抗击新型肺炎我们在行动#在家勤洗手，出门戴口罩，保护好自己，大家共同努力#全民口罩行动#😷😷😷 绿洲  [组图共2张] 原图 ,"http://ww2.sinaimg.cn/large/61b454d3ly3gbdjfm47srj20zk0nph08.jpg,http://ww2.sinaimg.cn/large/61b454d3ly3gbdjfmuzfqj20zk0nows3.jpg",无,无,2020-01-29 17:01,绿洲APP,11611,1187,2594
Ir13Ihgfp,新年平安 万事顺意  原图 ,http://wx2.sinaimg.cn/large/61b454d3ly1gb813ddadkj21hr28nb29.jpg,无,无,2020-01-24 22:40,iPhone 11 Pro,12872,1186,2819
Iqolu4k4b,#春节回家过年的奇葩方式##将夜2#大黑马车，随叫随到，绿色无污染，坚固耐用，春节回家最佳选择@王鹤棣_Dylan   [组图共2张] 原图 ,"http://ww2.sinaimg.cn/large/61b454d3ly1gb3a80w0rbj243c64we8h.jpg,http://ww1.sinaimg.cn/large/61b454d3ly1gb3a89vwuxj239v4wp4qv.jpg",无,无,2020-01-20 20:06,iPhone XS Max,11122,1360,2577
IpDngCG7y,#idoltube#桑桑太难了，她的小短腿快跑不动了#求桑桑快变昊天# 宋伊人的微博视频  ,无,"http://f.video.weibocdn.com/002DpzZwlx07Abf4VygE01041201ynAI0E010.mp4?label=mp4_hd&template=852x480.25.0&trans_finger=1621fcd5d40969f1c74e6b06e52fcd54&Expires=1586163389&ssig=APTHZLJnmR&KID=unistore,video",无,2020-01-15 20:32,国产剧集 · 视频社区,13568,1221,2780
IpATSdWxk,2020，你有没有想过把家人接到身边，和他们一起#第一次这样过年#？致敬坚守，反向团圆，让我们加入@快手 公益活动#逆光行动#，点亮里程，助力春节坚守岗位不能回家的工作者，送他们的家人到身边团圆，上快手搜索#逆光行动#，和我一起为团圆助力吧！🥳🥳🥳  原图 ,http://wx2.sinaimg.cn/large/61b454d3gy1gax7xgfhoyj20ku11247b.jpg,无,无,2020-01-15 14:14,iPhone 11 Pro,9300,1165,2437
Ipr5mCgS3,#宋伊人人设崩了##将夜2# ？？不不，不是我 ，是桑桑  原图 ,http://wx3.sinaimg.cn/large/61b454d3gy1gaw0jbk5rrj21m52807wi.jpg,无,无,2020-01-14 13:15,iPhone 11 Pro,14655,1206,2815
Ipkr7aBhR,看剧#将夜2##将夜2开播#  原图 ,http://wx2.sinaimg.cn/large/61b454d3ly1gav77lofgqj22801o0u0y.jpg,无,无,2020-01-13 20:19,iPhone 11 Pro,14795,1321,2860
IpjrBeZcn,桑桑，我想你了今晚八点钟来见我吧#将夜2##将夜2开播#  [组图共2张] 原图 ,"http://ww1.sinaimg.cn/large/61b454d3ly1gauzm18qt5j21ho29f1ky.jpg,http://ww3.sinaimg.cn/large/61b454d3ly1gav0ynnr27j25cx2apb2d.jpg",无,无,2020-01-13 17:47,iPhone 11 Pro,18204,54043,4408
IoHAZzlwV,2019#微博之夜#盛典即将开启，以微博之力，让世界更美。1月11日，不见不散@微博之夜  原图 ,http://wx2.sinaimg.cn/large/61b454d3ly1garnqjdwypj20ku112gsh.jpg,无,无,2020-01-09 17:26,iPhone 11 Pro,10014,1661,2469
IozmSv46Y,有个小子要发自拍了❤️💙🎊  [组图共4张] 原图 ,"http://ww2.sinaimg.cn/large/61b454d3ly1gapffne22mj23402c0kjn.jpg,http://ww1.sinaimg.cn/large/61b454d3ly1gapffrabjsj22c0340e83.jpg,http://ww2.sinaimg.cn/large/61b454d3ly1gapffi9hvij22c0340e83.jpg,http://ww2.sinaimg.cn/large/61b454d3ly1gapffvdpm3j22c0340e83.jpg",无,无,2020-01-08 20:29,iPhone 11 Pro,14138,1366,2863
Ioggr9llW,我喜欢的作者不仅有才字写的好，而且还诚实有眼光🤩@冯唐  绿洲  原图 ,http://wx2.sinaimg.cn/large/61b454d3ly3gan34c9pvhj20qo0zk7ll.jpg,无,无,2020-01-06 19:51,绿洲APP,10985,1170,2445
