{"user": {"id": "5888671022", "nickname": "王嘉尔", "gender": "男", "location": "海外", "birthday": "1994-03-28", "description": "终于来了! 您好! 我是 王嘉尔 您可以叫我 嘉嘉 Jackson 或者 +2. JYP ! GOT7 的中国成员 Never give up on things you can't live a day without.", "verified_reason": "歌手、主持人", "talent": "", "education": "", "work": "", "weibo_num": 656, "following": 116, "followers": 23582383}, "weibo": [{"id": "IzsOy9jz6", "content": "[置顶]💯100 WAYS💯💥OUT NOW 💥.LINK IN BIO.PERFECT LOVE CONQUERS ALL FEARS ❤️.TAG #100WAYS# #TEAMWANG# #亚洲新歌榜#  王嘉尔的微博视频  ", "original_pictures": "无", "video_url": "http://f.video.weibocdn.com/Hac6g6zulx07BQlX18JW010412012vi10E010.mp4?label=mp4_hd&template=852x480.25.0&trans_finger=62b30a3f061b162e421008955c73f536&Expires=1586173277&ssig=IjrXC5CjIb&KID=unistore,video", "publish_place": "无", "publish_time": "2020-03-20 12:02", "publish_tool": "vivo X27 4800万三摄", "up_num": 220917, "retweet_num": 320895, "comment_num": 69415}, {"id": "IBBb9p2O0", "content": "因为疫情我目前 暂时 无法参与拜冰第六季的录制现在也难以形容我的心情很遗憾 也很难受感谢何哥哥和节目组还有冰箱家族为这件事考虑了很多真的很想冰箱家族的每一个人我会争取早点回家的 不用担心我我一直都在准备会准备更多的东西给大家相信我比起任何事 更重要的是大家一定要注意身体希望一切快点变好很想你们 #拜托了冰箱##何尔萌##冰箱家族#                                 ", "original_pictures": "无", "video_url": "无", "publish_place": "无", "publish_time": "2020-04-03 13:00", "publish_tool": "vivo X27 4800万三摄", "up_num": 173857, "retweet_num": 19964, "comment_num": 32415}, {"id": "IAS4ubTI6", "content": "🥺🎂🙏❤️😘#26 #王嘉尔  原图 ", "original_pictures": "http://wx4.sinaimg.cn/large/006qwgkSly1gdaymdt6dhj30u01hctcp.jpg", "video_url": "无", "publish_place": "无", "publish_time": "2020-03-29 18:10", "publish_tool": "vivo X27 4800万三摄", "up_num": 247936, "retweet_num": 136844, "comment_num": 43268}, {"id": "IAJOUiX7y", "content": "#微博宅Live#  26岁的我 TEAM WANG 最终的直播间 🎂💯❤️❤️❤️❤️❤️🤫🤫🤫@王嘉尔 的一直播（下载App->http://t.cn/EhGWXEC） 韩国·首尔  显示地图 ", "original_pictures": "无", "video_url": "无", "publish_place": "韩国·首尔", "publish_time": "2020-03-28 21:10", "publish_tool": "一直播Yi", "up_num": 79195, "retweet_num": 2763, "comment_num": 30239}, {"id": "IABHDegBT", "content": "今天是我的生日，来祝福我吧！  ", "original_pictures": "无", "video_url": "无", "publish_place": "无", "publish_time": "2020-03-28 00:30", "publish_tool": "生日动态", "up_num": 244480, "retweet_num": 16517, "comment_num": 46407}, {"id": "IABy4vDTZ", "content": "26岁了🎂谢谢爸妈给我这生命谢谢TEAM WANG crew 陪我在studio度过的生日谢谢所有支持我的你们陪我走这段路感恩 感谢你们😘一定要照顾好自己好，生日结束了，继续🎤❤️🎧#TEAMWANG ##感恩还有很爱你们##26岁了# 王嘉尔的微博视频  ", "original_pictures": "无", "video_url": "http://f.video.weibocdn.com/bvAdc9bhlx07C2jVZwnu010412004YRi0E010.mp4?label=mp4_hd&template=844x480.25.0&trans_finger=62b30a3f061b162e421008955c73f536&Expires=1586173280&ssig=jDZelwgrIi&KID=unistore,video", "publish_place": "无", "publish_time": "2020-03-28 00:06", "publish_tool": "vivo X27 4800万三摄", "up_num": 308595, "retweet_num": 173430, "comment_num": 62636}, {"id": "IAoRaqwSh", "content": "想起从Papillon 到100ways我和你们一起经历了不少成长也不少每一秒都忘不了也是因为一开始什么都没有只能慢慢通过我们一次再一次的尝试 努力拼回来的 让我们学会了 更珍惜每一步都很难但只要我们一起 一步一步 稳稳地我相信我们的努力是不会说谎的我相信我们可以一起刷新历史相信我照顾好自己很感恩很珍惜 很爱 很想你们#我的你们##TEAMWANG##感恩#                                 ", "original_pictures": "无", "video_url": "无", "publish_place": "无", "publish_time": "2020-03-26 15:48", "publish_tool": "vivo X27 4800万三摄", "up_num": 179246, "retweet_num": 90701, "comment_num": 34832}, {"id": "IzWgHtsoD", "content": "💯100 WAYS💯做你们的将军就够了⚔️感恩你们听歌感恩分享给越多的人🥺这是我每次趴在地上重新站起来最大的动力#下一站出发##100WAYS# #TEAMWANG# 绿洲  原图 ", "original_pictures": "http://wx3.sinaimg.cn/large/006qwgkSgy3gd3vfnaictj30nm0daq3a.jpg", "video_url": "无", "publish_place": "无", "publish_time": "2020-03-23 15:01", "publish_tool": "绿洲APP", "up_num": 145834, "retweet_num": 102061, "comment_num": 33310}, {"id": "IzBhHySZb", "content": "💯100 WAYS💯💥来了💥.PERFECT LOVE CONQUERS ALL FEARS ❤️.谢谢你们一直相信我在我身边和我一起成长一直以来都想成为一个更好的artist希望我的音乐作品可以在这段日子里带给你们欢乐勤洗手一定要照顾好自己,一定要健康我们一起度过这个难关很爱你们，很感恩有你们很久没有见到...全文 ", "original_pictures": "无", "video_url": "无", "publish_place": "无", "publish_time": "2020-03-21 09:36", "publish_tool": "vivo X27 4800万三摄", "up_num": 125297, "retweet_num": 81178, "comment_num": 30398}, {"id": "IzjnaC6TW", "content": "‪100 WAYS‬‪.- TMR -March 2012:00 am EST12:00 pm Beijing‪.‬‪#100WAYS##TEAMWANG#  原图 ", "original_pictures": "http://wx4.sinaimg.cn/large/006qwgkSly1gcz3o3zv08j30u00u0gqn.jpg", "video_url": "无", "publish_place": "无", "publish_time": "2020-03-19 12:00", "publish_tool": "vivo X27 4800万三摄", "up_num": 103600, "retweet_num": 48786, "comment_num": 30111}, {"id": "Iza4HrLBM", "content": "100 WAYS‬‪.‬‪MARCH 20‬‪.‬‪【 D2 】U READY?‪.‪#100WAYS##TEAMWANG# 王嘉尔的微博视频  ", "original_pictures": "无", "video_url": "http://f.video.weibocdn.com/YC3esTsDlx07BNbnuNlS010412001LOD0E010.mp4?label=mp4_hd&template=480x480.25.0&trans_finger=62b30a3f061b162e421008955c73f536&Expires=1586173282&ssig=EKIlFSEMCB&KID=unistore,video", "publish_place": "无", "publish_time": "2020-03-18 12:19", "publish_tool": "vivo X27 4800万三摄", "up_num": 96075, "retweet_num": 55524, "comment_num": 30037}, {"id": "Iz0x5FMVJ", "content": "100 WAYS.MARCH 20.#100WAYS##TEAMWANG#  王嘉尔的微博视频  ", "original_pictures": "无", "video_url": "http://f.video.weibocdn.com/2SWjLj0Jlx07BLzhGy8o010412002vJW0E010.mp4?label=mp4_hd&template=640x360.25.0&trans_finger=62b30a3f061b162e421008955c73f536&Expires=1586173283&ssig=uoIY43lNhu&KID=unistore,video", "publish_place": "无", "publish_time": "2020-03-17 12:02", "publish_tool": "vivo X27 4800万三摄", "up_num": 123261, "retweet_num": 64522, "comment_num": 35842}, {"id": "IyR5G9tds", "content": "100 WAYS.MARCH 20.#100WAYS##TEAMWANG#  原图 ", "original_pictures": "http://wx3.sinaimg.cn/large/006qwgkSly1gcvmp4n6icj30u00u0q6g.jpg", "video_url": "无", "publish_place": "无", "publish_time": "2020-03-16 12:00", "publish_tool": "vivo X27 4800万三摄", "up_num": 103898, "retweet_num": 49932, "comment_num": 30058}, {"id": "IyHLzdgOr", "content": "100 WAYS.MARCH 20.#100WAYS##TEAMWANG#  原图 ", "original_pictures": "http://wx2.sinaimg.cn/large/006qwgkSly1gcuhp1mz6gj31o01o07wh.jpg", "video_url": "无", "publish_place": "无", "publish_time": "2020-03-15 12:15", "publish_tool": "vivo X27 4800万三摄", "up_num": 102734, "retweet_num": 53429, "comment_num": 30098}, {"id": "IyyeQ9585", "content": "100 WAYS.MARCH 20.#100WAYS##TEAMWANG#  原图 ", "original_pictures": "http://wx1.sinaimg.cn/large/006qwgkSly1gctbl1kysij30sg0sgwjy.jpg", "video_url": "无", "publish_place": "无", "publish_time": "2020-03-14 12:00", "publish_tool": "vivo X27 4800万三摄", "up_num": 119164, "retweet_num": 62651, "comment_num": 34227}, {"id": "Iy8deiaNN", "content": "分享图片  [组图共6张] 原图 ", "original_pictures": "http://ww1.sinaimg.cn/large/006qwgkSly1gcq4qcwel6j30u011i40m.jpg,http://ww1.sinaimg.cn/large/006qwgkSly1gcq4qd88ewj30u011i40o.jpg,http://ww1.sinaimg.cn/large/006qwgkSly1gcq4qdjzjjj30u011iq4s.jpg,http://ww3.sinaimg.cn/large/006qwgkSly1gcq4qdwiw2j30u011imyz.jpg,http://ww2.sinaimg.cn/large/006qwgkSly1gcq4qe5qcnj30u011iq4g.jpg,http://ww2.sinaimg.cn/large/006qwgkSly1gcq4qepbu3j30u011iaaz.jpg", "video_url": "无", "publish_place": "无", "publish_time": "2020-03-11 17:45", "publish_tool": "vivo X27 4800万三摄", "up_num": 183141, "retweet_num": 102641, "comment_num": 40570}, {"id": "IxLiu6y13", "content": "你们还好吗 ？想你们了这期间 真的要注意身体带好口罩 多多洗手 吃足够的维他命有充足的睡眠 如果 可以的话 最好呆在家同时我一直在准备，准备了很久了Soon #TEAMWANG#  原图 ", "original_pictures": "http://wx4.sinaimg.cn/large/006qwgkSly1gcnbk5df20j30kx0sg755.jpg", "video_url": "无", "publish_place": "无", "publish_time": "2020-03-09 07:24", "publish_tool": "vivo X27 4800万三摄", "up_num": 163887, "retweet_num": 137864, "comment_num": 50090}, {"id": "IvEWJgIBw", "content": "希望你们安全记得注意卫生勤洗手  戴口罩我们一起度过这一关 肯定会的每天每天都在希望  ", "original_pictures": "无", "video_url": "无", "publish_place": "无", "publish_time": "2020-02-24 11:34", "publish_tool": "vivo X27 4800万三摄", "up_num": 215096, "retweet_num": 311475, "comment_num": 70098}, {"id": "Iv2DpiFwC", "content": "很开心加入@欧莱雅男士 的家族为大家带来这支「皮肤功能饮料」💧全新欧莱雅男士爽肤水3秒补水，击退干燥，3步补水，无所不型！We are worth it！http://t.cn/A6h0F7yH#王嘉尔代言欧莱雅男士##王嘉尔理想生活#  欧莱雅男士的微博视频  ", "original_pictures": "无", "video_url": "http://f.video.weibocdn.com/002zR1HIgx07B5gXQIdG010412008O3i0E010.mp4?label=mp4_hd&template=852x480.25.0&trans_finger=62b30a3f061b162e421008955c73f536&Expires=1586173283&ssig=CpN6KmWxl0&KID=unistore,video", "publish_place": "无", "publish_time": "2020-02-20 10:02", "publish_tool": "vivo X27 4800万三摄", "up_num": 160524, "retweet_num": 445185, "comment_num": 68341}, {"id": "Iubro2ANQ", "content": "情人节快乐 猜猜 里面是什么 表情 🤔  [组图共3张] 原图 ", "original_pictures": "http://ww1.sinaimg.cn/large/006qwgkSly1gbw43fpsqzj30u019041p.jpg,http://ww1.sinaimg.cn/large/006qwgkSly1gbw43fdn1cj30u0190djc.jpg,http://ww1.sinaimg.cn/large/006qwgkSly1gbw43f6sb9j30u019078n.jpg", "video_url": "无", "publish_place": "无", "publish_time": "2020-02-14 18:36", "publish_tool": "vivo X27 4800万三摄", "up_num": 184762, "retweet_num": 202946, "comment_num": 61574}, {"id": "ItgidhrVX", "content": "元宵节快乐  [组图共5张] 原图 ", "original_pictures": "http://ww3.sinaimg.cn/large/006qwgkSly1gbp3tq17uyj30u011idhk.jpg,http://ww2.sinaimg.cn/large/006qwgkSly1gbp3tqbbunj30u011imyp.jpg,http://ww4.sinaimg.cn/large/006qwgkSly1gbp3tqod2qj30u011egna.jpg,http://ww4.sinaimg.cn/large/006qwgkSly1gbp3tqz0ocj30u011i76b.jpg,http://ww2.sinaimg.cn/large/006qwgkSly1gbp3trbz84j30u011imyr.jpg", "video_url": "无", "publish_place": "无", "publish_time": "2020-02-08 17:07", "publish_tool": "vivo X27 4800万三摄", "up_num": 223416, "retweet_num": 189914, "comment_num": 60178}, {"id": "Ir7Y2szt9", "content": "很感恩终于可以在家过年新的一年首先希望所有的人们都可以健康相信我们可以战胜一切困难向奋斗在前线的英雄们致敬时时刻刻要提醒自己健康没了 什么都没了大家也要注意健康 注意卫生 注意休息鼠年快乐2020LET’S MAKE HISTORY#TEAMWANG##王嘉尔##2020#  ", "original_pictures": "无", "video_url": "无", "publish_place": "无", "publish_time": "2020-01-25 16:15", "publish_tool": "vivo X27 4800万三摄", "up_num": 200148, "retweet_num": 229585, "comment_num": 50560}, {"id": "IqQbBBjc9", "content": "2💣2💣 @Kinjaz @王嘉尔 🤫#kinjacksonwang##王嘉尔##TEAMWANG#  原图 ", "original_pictures": "http://wx4.sinaimg.cn/large/006qwgkSly1gb6p3xp2faj31400u0tcp.jpg", "video_url": "无", "publish_place": "无", "publish_time": "2020-01-23 18:59", "publish_tool": "vivo X27 4800万三摄", "up_num": 118049, "retweet_num": 103794, "comment_num": 40060}, {"id": "Iqnmvgp4K", "content": "对马上要参加艺考的你们 想说声加油💪和我一起加入艺术生战队吧除夕看#春晚#发点评 瓜分百万奖学金#王嘉尔##春晚段子大考#  原图 ", "original_pictures": "http://wx4.sinaimg.cn/large/006qwgkSly1gb35v95wtqj30ku194qv5.jpg", "video_url": "无", "publish_place": "无", "publish_time": "2020-01-20 17:36", "publish_tool": "vivo X27 4800万三摄", "up_num": 117021, "retweet_num": 32699, "comment_num": 30188}, {"id": "IpMHejHCp", "content": "草莓。。老王。。小王。。嘎嘎。。🐢。。🐶。。到底是什么给我个结论。。#王嘉尔##TEAMWANG# 王嘉尔的微博视频  ", "original_pictures": "无", "video_url": "http://f.video.weibocdn.com/000W9Ucnlx07AcORFJmo010412000QLn0E010.mp4?label=mp4_hd&template=480x480.25.0&trans_finger=62b30a3f061b162e421008955c73f536&Expires=1586173285&ssig=y0jKHt1e1%2B&KID=unistore,video", "publish_place": "无", "publish_time": "2020-01-16 20:16", "publish_tool": "vivo X27 4800万三摄", "up_num": 152849, "retweet_num": 109672, "comment_num": 35010}, {"id": "Ipgmu14OI", "content": "微博十年感恩❤️#TEAMWANG##王嘉尔##微博之夜#  [组图共9张] 原图 ", "original_pictures": "http://ww4.sinaimg.cn/large/006qwgkSly1gaup500n1ij33gg56okjy.jpg,http://ww4.sinaimg.cn/large/006qwgkSly1gaup593y41j33gg56ox71.jpg,http://ww3.sinaimg.cn/large/006qwgkSly1gaup67zc67j33gg56ob2o.jpg,http://ww3.sinaimg.cn/large/006qwgkSly1gaup6r0pepj33gg56o4r3.jpg,http://ww1.sinaimg.cn/large/006qwgkSly1gaup8bgeb6j33gg56onpo.jpg,http://ww1.sinaimg.cn/large/006qwgkSly1gaup8ngupkj33gg56o1lc.jpg,http://ww4.sinaimg.cn/large/006qwgkSly1gaup8xfvwaj33gg56ohe5.jpg,http://ww4.sinaimg.cn/large/006qwgkSly1gaup995p5jj33gg56okjz.jpg,http://ww4.sinaimg.cn/large/006qwgkSly1gaup9l33u9j33gg56ou1c.jpg", "video_url": "无", "publish_place": "无", "publish_time": "2020-01-13 09:57", "publish_tool": "vivo X27 4800万三摄", "up_num": 119986, "retweet_num": 42280, "comment_num": 39746}, {"id": "Ip2f0t36T", "content": "明星动态  ", "original_pictures": "无", "video_url": "无", "publish_place": "无", "publish_time": "2020-01-11 22:00", "publish_tool": "明星动态", "up_num": 121279, "retweet_num": 18735, "comment_num": 21071}, {"id": "IoK15zjsU", "content": "爱你们来个 “🌹” #王嘉尔##去年照片##爱你们#  [组图共2张] 原图 ", "original_pictures": "http://ww4.sinaimg.cn/large/006qwgkSly1gaqqgwy5oyj30u019077f.jpg,http://ww2.sinaimg.cn/large/006qwgkSly1gaqqgx5uwdj30u019077b.jpg", "video_url": "无", "publish_place": "无", "publish_time": "2020-01-09 23:36", "publish_tool": "vivo X27 4800万三摄", "up_num": 139093, "retweet_num": 112922, "comment_num": 30788}, {"id": "IogjJAwwP", "content": "#原创上潮#之中式捉迷藏：春节就是要玩味经典 🏮翻牌看看我藏在哪里 👀#STREETBALL##SUPERCOURTRX#@adidasOriginals  http://t.cn/AiFRqwJQ  [组图共6张] 原图 ", "original_pictures": "http://ww3.sinaimg.cn/large/006qwgkSly1gan3as052dg30ku0rrnpd.gif,http://ww4.sinaimg.cn/large/006qwgkSly1gan3a05veyg30k00qnkjl.gif,http://ww1.sinaimg.cn/large/006qwgkSly1gan3afqhd6g30ku0rrb29.gif,http://ww3.sinaimg.cn/large/006qwgkSly1gan3b57hnyg30ku0rrb29.gif,http://ww2.sinaimg.cn/large/006qwgkSly1gan3b1nxiig30k00qnkjl.gif,http://ww1.sinaimg.cn/large/006qwgkSly1gan3aeh5tng30ku0rrb29.gif", "video_url": "无", "publish_place": "无", "publish_time": "2020-01-06 20:00", "publish_tool": "vivo X27 4800万三摄", "up_num": 80698, "retweet_num": 149179, "comment_num": 30095}, {"id": "Io6MW5Rh9", "content": "2020我承认我是你们的大草莓🍓我是最甜 最大 保质期最永久的🍓没第二个就要比较什么都要比#2020你们最好的草莓##没第二个# 王嘉尔的微博视频  ", "original_pictures": "无", "video_url": "http://f.video.weibocdn.com/00129gA0lx07zVeTV2e4010412004Yjf0E010.mp4?label=mp4_hd&template=544x960.24.0&trans_finger=7c347e6ee1691b93dc7e5726f4ef34b3&Expires=1586173287&ssig=r79Hh876%2F4&KID=unistore,video", "publish_place": "无", "publish_time": "2020-01-05 19:44", "publish_tool": "vivo X27 4800万三摄", "up_num": 152958, "retweet_num": 100172, "comment_num": 40615}, {"id": "InNRTdwff", "content": "2019#微博之夜#盛典即将开启以微博之力，让世界更美1月11日，不见不散@微博之夜                               #王嘉尔##微博之夜##TEAMWANG#  原图 ", "original_pictures": "http://wx1.sinaimg.cn/large/006qwgkSly1gajlr8he9jj30ku112tlu.jpg", "video_url": "无", "publish_place": "无", "publish_time": "2020-01-03 19:34", "publish_tool": "vivo X27 4800万三摄", "up_num": 92937, "retweet_num": 74423, "comment_num": 24126}, {"id": "Int6K0OSr", "content": "2019年过去了愉快的，不愉快的，都是我们的回忆也是我们的经验 让我可以学会更多的事我们从中也会变得更强很感恩所有支持我的你们真实的感觉就是每当我真的喘不过气的时候真的自己都觉得扛不住的时候你们终会在我旁边跟我一起打拼一起奋斗去抵挡任何事情一路上你们给了我自信，动力 还有 肯...全文 ", "original_pictures": "无", "video_url": "无", "publish_place": "无", "publish_time": "2020-01-01 14:43", "publish_tool": "vivo X27 4800万三摄", "up_num": 192877, "retweet_num": 147533, "comment_num": 47360}, {"id": "InrgVDmnm", "content": "新的开始，新的挑战，新的突破2020年的第一瓶勇闯天涯superX带来生而无畏的勇气你要和我一起分享吗？@雪花啤酒勇闯天涯http://t.cn/RllglNr#新年第一瓶酒##勇闯天涯superX# 王嘉尔的微博视频  ", "original_pictures": "无", "video_url": "http://f.video.weibocdn.com/000z3QSTgx07zOdp1nOo010412002iIw0E010.mp4?label=mp4_hd&template=640x368.25.0&trans_finger=62b30a3f061b162e421008955c73f536&Expires=1586173289&ssig=9ESyx%2B%2BJIz&KID=unistore,video", "publish_place": "无", "publish_time": "2020-01-01 10:03", "publish_tool": "vivo X27 4800万三摄", "up_num": 98821, "retweet_num": 253056, "comment_num": 26154}]}