﻿ID,nickname
1266269835,新浪音乐
5796731205,一直播
1944180653,Henryckuen
5743923782,微博会员小秘书
2715025067,微博会员
6453988165,绿洲
7298073958,王嘉尔官方粉丝后援会
2850809427,微博钱包
2142012291,卡地亚
3587960280,粉丝头条官方微博
1727596342,香港美心节日食品
2027467614,Ray-Ban雷朋
2219772744,BABYCEODZKNOW
1742907811,小王子奇幻旅程
5866803034,kevinhart4real
1802742227,胡彦斌
1243115577,谭维维
1195354434,林俊杰
5788972861,官鸿Kuan
1805786284,文俊辉
1914100420,章子怡
2008275115,秦奋Roi
6063147756,为王嘉尔打天下应援博
1533789260,陈学冬
1989519725,Johnny黄景瑜
1234692083,馬天宇
1101675253,王大陸TaluWang
5792816919,联想小新笔记本
2902408801,宋茜
1712570933,William威廉陈伟霆
1809745371,vivo
1655498260,香港旅游发展局
1759328987,adidasOriginals
1770691990,百事中国
6280362341,锋味
1815418641,杨洋
1195242865,杨幂
6372195587,aokbab
5794278655,Nonkul
1722656062,Karen莫文蔚
6387561518,hin厉害的妙物官-喵小妙
1735957450,歐陽靖MCJin
1750403737,何穗
1660464335,王博文小白
wangmeng1228,王义博
3820754851,何猷君MarioHo
1256857734,沙溢
1610536214,李静
2870450862,刘昊然turbo
1807895120,程晓玥YvonneChing
sunhonglei,孙红雷
1270344441,景甜
3242346400,MikeAngelo中国
1316224750,TIA袁娅维
2177142893,GAI周延
2945931603,李治廷
2706896955,努力努力再努力x
1730726637,林更新
1776845763,张一山
1312412824,林志玲
1291843462,魏晨
1885611142,青春有你2-孔雪儿snow
1750428112,任家萱Selina
6290799489,TeamWang嘉尔工作室
6278313699,Aimee千语
1566301073,贾玲
2183487935,吴莫愁Momo-
1192329374,谢娜
1669879400,Dear-迪丽热巴
5187664653,邓超
1259193624,李晨
1537790411,M鹿M
1730330447,王祖藍
1797007051,鄭元暢小綜
2713968254,热血黄子韬
1282005885,蔡康永
2192606857,尼坤khun
1743877455,周觅MI
1784537661,羅志祥
2083951963,击剑孙伟
1215862823,杨迪
5915134231,sophiawang0328
5942046516,xxboytoy
1567875513,杨烁
2112496475,白敬亭
1717675430,萧敬腾
1289997621,井柏然
2975979770,刘宪华Henry-Lau
1278089051,王凯kkw
1315469422,阿雅
1221923871,王鸥Angel
5687925374,腾讯视频拜托了冰箱
1761684925,鬼鬼吴映洁
1239246050,薛之谦
1320355271,BIGBIG张大大
5368695673,黄研vinny
2173423035,田树
3195036193,安贤珉
1743187511,拜托了刘恺乐
2185627327,胡莎莎Apple
1746664450,大张伟
1705586121,GEM鄧紫棋
1795196332,曾宝仪BowieTsang
1831550987,侯明昊Neo
1953526727,姚伟涛-
1732927460,沈梦辰
3921544466,Jackson_百度王嘉尔吧
5341306507,郑容和89
5540988911,Surprise_徐康俊
1246130430,魏大勋
1802626467,M孟佳J
1821525001,王霏霏Fei
2005252921,JYPnation
1195230310,何炅
3958094957,GOT7Official
2080927463,FollowJYP
