{"user": {"id": "1640571365", "nickname": "罗永浩", "gender": "男", "location": "北京 东城区", "birthday": "0001-00-00", "description": "Smartisan，智能机时代的工匠", "verified_reason": "锤子科技 CEO", "talent": "", "education": "", "work": "", "weibo_num": 34319, "following": 2912, "followers": 16667826}, "weibo": [{"id": "IznjImKLG", "content": "[置顶]已收到上千封合作邮件，我们目前人手还不充裕，筛选的压力很大。所以恳请有意合作的企业下载所附链接的表格，输入密码 zjrm，按格式填写发给我们，方便高效处理。信中不需要“罗老师，我是您多年的xx”这类客套话，商务邮件都是我们处理，不是他^_^ 我们效率第一。 http://t.cn/A6z8Hd6e  原图 ", "original_pictures": "http://wx3.sinaimg.cn/large/61c921e5ly1gczl4s8i9vj20ri1dtthy.jpg", "video_url": "无", "publish_place": "无", "publish_time": "2020-03-19 22:02", "publish_tool": "坚果手机 R1", "up_num": 16683, "retweet_num": 4012, "comment_num": 2319}, {"id": "IBzGD3aXO", "content": "电商首播推荐了小米手机和米家产品后，毫无意外地，傻x们又兴奋起来了，纷纷表示“你现在为了赚钱连小米的产品都推荐？你当初是怎么说小米的？！” 多少有点意外的是，很多锤友和老朋友也以相对温和的方式表示了同样的意思。好像我为了赚钱，做了什么扭曲人格的事。因为这两年记忆力有些变差了，于是我就让同事帮我彻底搜集整理了一下我“当初是怎么说小米的”给我看看。结果发现跟我的记忆基本一样：我多年的公开言论里，虽然也多次批评讽刺过小米做得不好的事（其中有两次批评错了，后来做了公开道歉），但整体上，对小米一直都是高度肯定的态度。以下的附图是13～20年间的部分相关言论（微博只能贴18张）。嗯，x你xx的，这个世界没有太多真相，大部分都是传闻和所谓的认知。我和这个世界的“不兼容”，本质上，是在多数正常人由于种种原因放弃表达真实想法后，一个仍想表达真实想法的正常人和妖怪之间的冲突；而我跟这个世界貌似已在发生的“和解”，不是“成熟”，不是“转变”，只是我为了责任和义务，大幅度减少了表达真实想法而已。             [组图共18张]      原图                             ", "original_pictures": "http://ww4.sinaimg.cn/large/61c921e5ly1gdgb64ceacj20xg0mwtef.jpg,http://ww4.sinaimg.cn/large/61c921e5ly1gdgb64cgbij20xc0fmgpn.jpg,http://ww3.sinaimg.cn/large/61c921e5ly1gdgb64cggoj20xg0bmtbp.jpg,http://ww4.sinaimg.cn/large/61c921e5ly1gdgb64ct24j20xa0pggyd.jpg,http://ww2.sinaimg.cn/large/61c921e5ly1gdgb64d4waj20xa09441b.jpg,http://ww1.sinaimg.cn/large/61c921e5ly1gdgb64gasyj20xm0d440w.jpg,http://ww4.sinaimg.cn/large/61c921e5ly1gdgb64eoi6j20xc0ao0vo.jpg,http://ww4.sinaimg.cn/large/61c921e5ly1gdgb64fhguj20xq0h6jvi.jpg,http://ww4.sinaimg.cn/large/61c921e5ly1gdgb64fjzej20xu0d6770.jpg,http://ww2.sinaimg.cn/large/61c921e5ly1gdgb64fqi9j20xo0eojux.jpg,http://ww4.sinaimg.cn/large/61c921e5ly1gdgb64i8jnj20xk0u0gvy.jpg,http://ww4.sinaimg.cn/large/61c921e5ly1gdgb64icgxj20xo09cdhg.jpg,http://ww4.sinaimg.cn/large/61c921e5ly1gdgb64kyxrj20xo0om0xq.jpg,http://ww4.sinaimg.cn/large/61c921e5ly1gdgb64jr3hj20xo0egdj9.jpg,http://ww4.sinaimg.cn/large/61c921e5ly1gdgb64j5szj20xm0lg451.jpg,http://ww4.sinaimg.cn/large/61c921e5ly1gdgb64j8yrj20xm0fu42g.jpg,http://ww4.sinaimg.cn/large/61c921e5ly1gdgb64rw56j20xo0d2mzy.jpg,http://ww3.sinaimg.cn/large/61c921e5ly1gdgb64lb8jj20xo0q047u.jpg", "video_url": "无", "publish_place": "无", "publish_time": "2020-04-03 09:12", "publish_tool": "微博 weibo.com", "up_num": 15918, "retweet_num": 1235, "comment_num": 1496}, {"id": "IBx4Btz6d", "content": "不会。年轻时候的我，会很崇拜现在的我......可能有些事情会替我着急，甚至嗔怪^_^，但沉迷、崇拜、死挺、铁托儿、敬爱...是毫无疑问的。  原图 ", "original_pictures": "http://wx1.sinaimg.cn/large/61c921e5ly1gdfzlqlza6j215n0u0k2p.jpg", "video_url": "无", "publish_place": "无", "publish_time": "2020-04-03 02:33", "publish_tool": "微博 weibo.com", "up_num": 4941, "retweet_num": 248, "comment_num": 428}, {"id": "IBpAi4bwN", "content": "下楼走了一圈儿，下巴有点凉  ", "original_pictures": "无", "video_url": "无", "publish_place": "无", "publish_time": "2020-04-02 07:29", "publish_tool": "微博 weibo.com", "up_num": 22773, "retweet_num": 429, "comment_num": 2068}, {"id": "IBpus6Ays", "content": "刘润：直播是很多人的梦想，但只是老罗通往梦想的盘缠  ", "original_pictures": "无", "video_url": "无", "publish_place": "无", "publish_time": "2020-04-02 07:15", "publish_tool": "微博 weibo.com", "up_num": 2840, "retweet_num": 378, "comment_num": 306}, {"id": "IBl2O2B8P", "content": "记得不要迟到，准时开始。  ", "original_pictures": "无", "video_url": "无", "publish_place": "无", "publish_time": "2020-04-01 19:56", "publish_tool": "坚果手机 R1", "up_num": 12170, "retweet_num": 527, "comment_num": 1413}, {"id": "IBjOl6Go1", "content": "臭流氓，已安排举报，大家也帮忙举报一下，多谢。  原图 ", "original_pictures": "http://wx2.sinaimg.cn/large/61c921e5ly1gded2l5smzj20u01ukwyz.jpg", "video_url": "无", "publish_place": "无", "publish_time": "2020-04-01 16:47", "publish_tool": "坚果手机 R1", "up_num": 5472, "retweet_num": 164, "comment_num": 501}, {"id": "IBhcY5AJV", "content": "今晚 8 点，直播室见。#罗永浩直播带货# 罗永浩的微博视频  ", "original_pictures": "无", "video_url": "http://f.video.weibocdn.com/1iq2mWgklx07C9lRxxYY010412002vgZ0E010.mp4?label=mp4_hd&template=480x852.24.0&trans_finger=7c347e6ee1691b93dc7e5726f4ef34b3&Expires=1586165336&ssig=zhxi1c7D62&KID=unistore,video", "publish_place": "无", "publish_time": "2020-04-01 10:10", "publish_tool": "微博 weibo.com", "up_num": 2786, "retweet_num": 2363, "comment_num": 501}, {"id": "IBh8Uhe52", "content": "#罗永浩直播带货# 今晚见。  原图 ", "original_pictures": "http://wx4.sinaimg.cn/large/61c921e5ly1gde0yn4va5j20u01hc0za.jpg", "video_url": "无", "publish_place": "无", "publish_time": "2020-04-01 10:00", "publish_tool": "微博 weibo.com", "up_num": 1256, "retweet_num": 185, "comment_num": 213}, {"id": "IBh49oIpW", "content": "刚才好像有震感？我在六楼感觉到明显晃动，三四下。  ", "original_pictures": "无", "video_url": "无", "publish_place": "无", "publish_time": "2020-04-01 09:48", "publish_tool": "微博 weibo.com", "up_num": 3161, "retweet_num": 68, "comment_num": 393}, {"id": "IBdcEm9DU", "content": "嗯，这也解释了为什么很多500强企业来找我们，根本不要求销售量，只要求我帮忙介绍他们的优质新品就可以支付品宣费用。所以归根结底，无论是目标人群、核心品类、还是商业模式，我们都跟那些所谓的网红电商直播差异化明显。  原图 ", "original_pictures": "http://wx2.sinaimg.cn/large/61c921e5ly1gddjui49asj20u01jftu6.jpg", "video_url": "无", "publish_place": "无", "publish_time": "2020-03-31 23:58", "publish_tool": "坚果手机 R1", "up_num": 4368, "retweet_num": 412, "comment_num": 521}, {"id": "IBboFrHO9", "content": "分享图片  原图 ", "original_pictures": "http://wx4.sinaimg.cn/large/61c921e5ly1gddbxpg1m5j20u01hctcx.jpg", "video_url": "无", "publish_place": "无", "publish_time": "2020-03-31 19:22", "publish_tool": "坚果手机 R1", "up_num": 1059, "retweet_num": 86, "comment_num": 158}, {"id": "IB7MteLLv", "content": "“是什么让你在四十几度的温度里这么努力地工作？是爱吗？是责任吗？”#罗永浩直播带货# 罗永浩的微博视频  ", "original_pictures": "无", "video_url": "http://f.video.weibocdn.com/vcRU23bmlx07C7L3KK48010412004n770E010.mp4?label=mp4_hd&template=480x852.25.0&trans_finger=1621fcd5d40969f1c74e6b06e52fcd54&Expires=1586165346&ssig=vSRsddMoCh&KID=unistore,video", "publish_place": "无", "publish_time": "2020-03-31 10:10", "publish_tool": "微博 weibo.com", "up_num": 10293, "retweet_num": 1126, "comment_num": 808}, {"id": "IB7IppuBe", "content": "距离 #罗永浩直播带货# 首秀，还有 1 天。  原图 ", "original_pictures": "http://wx2.sinaimg.cn/large/61c921e5ly1gdcvgqgns2j20u01hcgup.jpg", "video_url": "无", "publish_place": "无", "publish_time": "2020-03-31 10:00", "publish_tool": "微博 weibo.com", "up_num": 2124, "retweet_num": 154, "comment_num": 271}, {"id": "IB2t072Hz", "content": "#挑战玲爷# @Mr玲爷 你能比我更会“吹牛”么？如果你挑战成功，4 月 1 日晚 8 点的直播我就把胡子刮了。#罗永浩直播带货#  罗永浩的微博视频  ", "original_pictures": "无", "video_url": "http://f.video.weibocdn.com/LFklyLa8lx07C6SiBLos010412008gLz0E010.mp4?label=mp4_hd&template=480x852.25.0&trans_finger=1621fcd5d40969f1c74e6b06e52fcd54&Expires=1586165347&ssig=leWyRgUKav&KID=unistore,video", "publish_place": "无", "publish_time": "2020-03-30 20:38", "publish_tool": "财经 · 视频社区", "up_num": 13062, "retweet_num": 1305, "comment_num": 1337}, {"id": "IAZ3zxpqP", "content": "1.不是，是直接发的红包。2.丢雷楼牟，已拉黑。  原图 ", "original_pictures": "http://wx3.sinaimg.cn/large/61c921e5ly1gdbtfr754ej20u006mt8x.jpg", "video_url": "无", "publish_place": "无", "publish_time": "2020-03-30 11:57", "publish_tool": "坚果手机 R1", "up_num": 3754, "retweet_num": 121, "comment_num": 470}, {"id": "IAYmDqoT6", "content": "4 月 1 日晚 8 点，海量红包等你来抢。#罗永浩直播带货#  罗永浩的微博视频  ", "original_pictures": "无", "video_url": "http://f.video.weibocdn.com/q7ha1lWZlx07C6bgtJAk010412006C760E010.mp4?label=mp4_hd&template=480x852.24.0&trans_finger=7c347e6ee1691b93dc7e5726f4ef34b3&Expires=1586165348&ssig=e13c4KDZ9l&KID=unistore,video", "publish_place": "无", "publish_time": "2020-03-30 10:11", "publish_tool": "微博视频", "up_num": 4560, "retweet_num": 1106, "comment_num": 584}, {"id": "IAYjr8q25", "content": "距离 #罗永浩直播带货# 首秀，还有 2 天。  原图 ", "original_pictures": "http://wx4.sinaimg.cn/large/61c921e5ly1gdbq6aj9nej20u01hcwnh.jpg", "video_url": "无", "publish_place": "无", "publish_time": "2020-03-30 10:03", "publish_tool": "微博 weibo.com", "up_num": 1234, "retweet_num": 120, "comment_num": 239}, {"id": "IAOVtc3WD", "content": "为粉丝砍价的过程中究竟发生了什么……#罗永浩直播带货# 罗永浩的微博视频  ", "original_pictures": "无", "video_url": "http://f.video.weibocdn.com/l5zEbbVWlx07C4zevf1S010412008jLy0E010.mp4?label=mp4_hd&template=480x852.25.0&trans_finger=1621fcd5d40969f1c74e6b06e52fcd54&Expires=1586165368&ssig=M6s48IZ4xV&KID=unistore,video", "publish_place": "无", "publish_time": "2020-03-29 10:10", "publish_tool": "科技 · 视频社区", "up_num": 25008, "retweet_num": 6876, "comment_num": 2429}, {"id": "IAORq2tJn", "content": "距离 #罗永浩直播带货# 首秀，还有 3 天。  原图 ", "original_pictures": "http://wx4.sinaimg.cn/large/61c921e5ly1gdak4h3fq5j20u01hc47i.jpg", "video_url": "无", "publish_place": "无", "publish_time": "2020-03-29 10:00", "publish_tool": "微博 weibo.com", "up_num": 1240, "retweet_num": 149, "comment_num": 224}, {"id": "IAOwTBYU9", "content": "Concrete Blonde《Someday?-Concrete Blonde》 Someday?-Concrete Blonde  ", "original_pictures": "无", "video_url": "无", "publish_place": "无", "publish_time": "2020-03-29 09:09", "publish_tool": "微博 weibo.com", "up_num": 591, "retweet_num": 42, "comment_num": 77}, {"id": "IAO9XbHz8", "content": "失望？怎么会，我在想各种办法赚钱还债啊，做主播赚的又不是脏钱。我对自己很佩服，不想还好，一想就肃然起敬想求签名那种...当然，有些对我失望的我也理解。我这一路走过来，都是按自己兴趣或责任需求选择行业，从来不会在这些选择上考虑“粉丝”感受...要不然怎么能一红红十七年呢？有些人认为网红主播没有手机公司老板牛x，手机公司老板没有愤青知识分子牛x，这些都是他们主观的感受，跟我没关系，也无关是非。不要难过，我还年轻，充满无限...好吧，也没那么无限啦，反正还有很多很多可能性。但重要的不是我将来能不能又做出让你佩服的事，而是你要有自己的...你懂的。                  原图                             ", "original_pictures": "http://wx1.sinaimg.cn/large/61c921e5ly1gdag2uaoglj21bi062dgs.jpg", "video_url": "无", "publish_place": "无", "publish_time": "2020-03-29 08:12", "publish_tool": "微博 weibo.com", "up_num": 43332, "retweet_num": 4570, "comment_num": 1856}, {"id": "IAFuYDWOI", "content": "那天夜里究竟发生了什么……#罗永浩直播带货# 罗永浩的微博视频  ", "original_pictures": "无", "video_url": "http://f.video.weibocdn.com/CanR1Ozalx07C2XTLHII010412008sFJ0E010.mp4?label=mp4_hd&template=480x852.25.0&trans_finger=1621fcd5d40969f1c74e6b06e52fcd54&Expires=1586165371&ssig=UF94x1tjZT&KID=unistore,video", "publish_place": "无", "publish_time": "2020-03-28 10:10", "publish_tool": "日常 · 视频社区", "up_num": 12892, "retweet_num": 3754, "comment_num": 1897}, {"id": "IAFqVcA9W", "content": "距离 #罗永浩直播带货# 首秀，还有 4 天。  原图 ", "original_pictures": "http://wx3.sinaimg.cn/large/61c921e5ly1gd9ehvdbgqj20u01hckjm.jpg", "video_url": "无", "publish_place": "无", "publish_time": "2020-03-28 10:00", "publish_tool": "微博 weibo.com", "up_num": 913, "retweet_num": 99, "comment_num": 177}, {"id": "IAyc4DH1R", "content": "『直播带货，罗永浩的抖音野望』直播带货，罗永浩的抖音野望  ", "original_pictures": "无", "video_url": "无", "publish_place": "无", "publish_time": "2020-03-27 15:34", "publish_tool": "坚果手机 R1", "up_num": 1146, "retweet_num": 129, "comment_num": 124}, {"id": "IAwaHr831", "content": "我将于 4 月 1 日晚 8 点在抖音示范直播带货。如果你也有什么新奇特的好东西，欢迎前往抖音 App 带话题 #罗永浩请卖它# 推荐给我，说不定你推荐的商品就会在这次直播中出现。  罗永浩的微博视频  ", "original_pictures": "无", "video_url": "http://f.video.weibocdn.com/DfvzqUuklx07C1px0YsM010412002Kuw0E010.mp4?label=mp4_hd&template=480x852.25.0&trans_finger=1621fcd5d40969f1c74e6b06e52fcd54&Expires=1586165376&ssig=dRBQeS5BW6&KID=unistore,video", "publish_place": "无", "publish_time": "2020-03-27 10:25", "publish_tool": "微博视频", "up_num": 3444, "retweet_num": 595, "comment_num": 642}, {"id": "IAw8E5MSq", "content": "距离 #罗永浩直播带货# 首秀，还有 5 天。  原图 ", "original_pictures": "http://wx3.sinaimg.cn/large/61c921e5ly1gd8t0qhs2xj20u01hc4qp.jpg", "video_url": "无", "publish_place": "无", "publish_time": "2020-03-27 10:20", "publish_tool": "微博 weibo.com", "up_num": 1368, "retweet_num": 282, "comment_num": 266}, {"id": "IAw66B07o", "content": "4 月 1 日晚 8 点，#罗永浩直播带货# “就看咱们有多努力了”。  罗永浩的微博视频  ", "original_pictures": "无", "video_url": "http://f.video.weibocdn.com/ATohw8KMlx07C1oKRPS8010412003Fpc0E010.mp4?label=mp4_hd&template=480x852.24.0&trans_finger=7c347e6ee1691b93dc7e5726f4ef34b3&Expires=1586165376&ssig=wKPHagZSKp&KID=unistore,video", "publish_place": "无", "publish_time": "2020-03-27 10:14", "publish_tool": "微博视频", "up_num": 5190, "retweet_num": 1464, "comment_num": 769}, {"id": "IAw0qmy5t", "content": "作为硕果仅存的中国第一代网红，我将于 4 月 1 日晚 8 点示范直播带货。我们准备了很多好东西…基本上不赚你什么钱，就是交个朋友。看到日历，你会觉得这是愚人节，看到东西，你会觉得这不是愚人节，看到价格，你又会觉得这是愚人节，最后你会觉得...这TM到底是不是愚人节？ #罗永浩直播带货#  原图 ", "original_pictures": "http://wx3.sinaimg.cn/large/61c921e5ly1gd88yutgijj20u01hc450.jpg", "video_url": "无", "publish_place": "无", "publish_time": "2020-03-27 10:00", "publish_tool": "微博 weibo.com", "up_num": 26636, "retweet_num": 6603, "comment_num": 3108}, {"id": "IAliJkZwx", "content": "假消息。不认识，没合作。  原图 ", "original_pictures": "http://wx1.sinaimg.cn/large/61c921e5ly1gd6xxvtggfj20m80ky3zi.jpg", "video_url": "无", "publish_place": "无", "publish_time": "2020-03-26 06:44", "publish_tool": "坚果手机 R1", "up_num": 37182, "retweet_num": 18238, "comment_num": 1010}, {"id": "IzQ4tdjYi", "content": "“这是老罗输不起的最后一战了”；“做直播电商，意味着老罗压箱底的功夫都使出来了，年近半百的他是死是活，就在此一役了”；“如果没有意外，T2（坚果1/M1/坚果Pro1/坚果Pro2/R1/TNT/坚果Pro2S/小野）应该是老罗最后一次的机会了”……唉，冠状病毒一阵子就过去了，但精神病是一辈子的事儿。  ", "original_pictures": "无", "video_url": "无", "publish_place": "无", "publish_time": "2020-03-22 23:14", "publish_tool": "坚果手机 R1", "up_num": 9262, "retweet_num": 464, "comment_num": 1298}, {"id": "IzMUqbTCe", "content": "三斤屎，三瓶妇炎洁......没想到公布今年的创业计划，竟然导致了一些古怪的饮食文化活动，希望不要成为风气...... 嗯，玉龙，你要记住，影响力越大，责任越大，以后做事要更加地小心啊。  [组图共2张] 原图 ", "original_pictures": "http://ww1.sinaimg.cn/large/61c921e5ly1gd2pz8jio2j20u0150dzb.jpg,http://ww2.sinaimg.cn/large/61c921e5ly1gd2pz8kkpqj20vz0u0b29.jpg", "video_url": "无", "publish_place": "无", "publish_time": "2020-03-22 15:11", "publish_tool": "微博 weibo.com", "up_num": 4478, "retweet_num": 322, "comment_num": 702}, {"id": "IzFJYn7ik", "content": "我只会带好货，贱货完全带不动，请谅解。  原图 ", "original_pictures": "http://wx1.sinaimg.cn/large/61c921e5ly1gd1ug647p4j20sn05cgmy.jpg", "video_url": "无", "publish_place": "无", "publish_time": "2020-03-21 20:56", "publish_tool": "微博 weibo.com", "up_num": 17853, "retweet_num": 959, "comment_num": 1310}, {"id": "IzlFPjVK4", "content": "http://t.cn/A6zQnqRB  原图 ", "original_pictures": "http://wx4.sinaimg.cn/large/61c921e5ly1gczdvgunysj20u008btb1.jpg", "video_url": "无", "publish_place": "无", "publish_time": "2020-03-19 17:51", "publish_tool": "坚果手机 R1", "up_num": 1520, "retweet_num": 117, "comment_num": 278}, {"id": "Izl3s390l", "content": "看了招商证券那份著名的调研报告之后，我决定做电商直播了。虽然我不适合卖口红，但相信能在很多商品的品类里做到带货一哥。欢迎各种优质商品的厂商跟我们的商务团队联系 luoyonghao2020@outlook.com 顺便也提醒大家提前存好钱等着吓一跳。  原图 ", "original_pictures": "http://wx2.sinaimg.cn/large/61c921e5ly1gczb57zn2bj20ri1dtthy.jpg", "video_url": "无", "publish_place": "无", "publish_time": "2020-03-19 16:17", "publish_tool": "坚果手机 R1", "up_num": 30703, "retweet_num": 39911, "comment_num": 8614}, {"id": "IziAnEOkf", "content": "有些反应奇特的人问，默克尔为什么不能提“二战以来最大的挑战”？嗯，没说不能提，只是……只是…这确实tmd有点怪怪的，这么说吧，这大致相当于你爷爷当年突然抽疯，领着一群家族内的流氓子弟，到处杀人放火，把村里老王家的祖坟刨了，把老李家的女人强奸了，把老张家的钱抢光了，后来三家联合起来把你爷爷和参与干坏事儿的坏逼都抓起来干死了这事儿才消停。多年以后，你们家出了事儿，你公开说，这是当年我爷爷杀人放火以来，我们家族遭遇的最大挑战……这种话不是不能说，你也不是那个意思，但是表达方式憨批成这个样子，“你让乡亲们怎么想？”             [组图共9张]      原图                             ", "original_pictures": "http://ww1.sinaimg.cn/large/61c921e5gy1gcyzuj3hocj20oo0fuwj9.jpg,http://ww3.sinaimg.cn/large/61c921e5gy1gcz00538pxj20u00iydm0.jpg,http://ww3.sinaimg.cn/large/61c921e5gy1gcz0073vo4j20u00j5ag9.jpg,http://ww4.sinaimg.cn/large/61c921e5gy1gcz00b1d5mj20u00j1tew.jpg,http://ww3.sinaimg.cn/large/61c921e5gy1gcz00e15yqj20u00iwwkn.jpg,http://ww3.sinaimg.cn/large/61c921e5gy1gcz00hajuhj20u00j0n3c.jpg,http://ww4.sinaimg.cn/large/61c921e5gy1gcz00ka3fej20u00j1tew.jpg,http://ww2.sinaimg.cn/large/61c921e5gy1gcz00nbei3j20u00j30yx.jpg,http://ww4.sinaimg.cn/large/61c921e5gy1gcz00pza5vj20u00j1q94.jpg", "video_url": "无", "publish_place": "无", "publish_time": "2020-03-19 09:59", "publish_tool": "坚果手机 R1", "up_num": 1614, "retweet_num": 258, "comment_num": 406}, {"id": "Iz1ijs5tt", "content": "1.不建议疫情国的中国人这时候回国：路上挤在机舱里危险，落地后集中隔离危险，人太多得不到及时妥善安置也危险，总之，在所在地自行隔离，理论上更安全。2.由于种种原因，还是要回国的，当然也没有任何错。中国人要回中国，天经地义。何况有些人也是不得不回国，比如我有个朋友想等疫情平息再回国，但三个月旅行签证期满，不想回来也得被赶回来。3.华侨是国外定居的中国人，和我们有一样的权利和义务，想回国就回国，不需要任何笨蛋同意或不同意。4.遵守法令法规的前提下，哪儿安全往哪儿跑，没有任何错，任何人都不应该因此收到指责。5.疫情时期，拒绝外国人（包括已入外国国籍的华裔外国人）入境，没有任何问题。不要扯什么“大家都是中国人”之类的屁话，不是。也不要因此对入籍外国的原中国人冷嘲热讽，阴阳怪气，心态健康一点不会死人。对了，之前中国疫情严重时，骂外国不许中国人入境的，这时候可以反省一下。6.个别归国人员不服从非常时期的防疫法规条例的，具体案例具体讨论就好，不要因此攻击归国人员整体。7.让这么多疫情国回来的人拥挤滞留机场，甚至要在机场过夜，显然是机场的预案和部署有问题。长时间滞留难免有情绪，个别人说些不中听的蠢话（比如“我们欧洲回来的就这待遇？”之类的）也不奇怪。非常时期，媒体不应该拿这些个例挑动公众情绪，激化“人民内部矛盾”。             [组图共2张]      原图                             ", "original_pictures": "http://ww2.sinaimg.cn/large/61c921e5ly1gcwvx1eu6dj218q09uwh8.jpg,http://ww1.sinaimg.cn/large/61c921e5ly1gcwvx1eld5j219k06o3zm.jpg", "video_url": "无", "publish_place": "无", "publish_time": "2020-03-17 13:58", "publish_tool": "微博 weibo.com", "up_num": 50548, "retweet_num": 9720, "comment_num": 1611}, {"id": "Iz10Irncb", "content": "让这么多疫情国回来的人挤在一起，甚至要在机场过夜，说明北京机场事先的预案和部署多半是有问题的。这么多滞留的乘客，难免有个别人说一些不中听的蠢话，比如“我欧洲回来的就这待遇？”之类的，媒体不应该拿这些挑动公众情绪，非常时期，建议做点人事儿，免得将来生个孩子……你们懂的。  ", "original_pictures": "无", "video_url": "无", "publish_place": "无", "publish_time": "2020-03-17 13:15", "publish_tool": "坚果手机 R1", "up_num": 6270, "retweet_num": 467, "comment_num": 730}, {"id": "IyLCr0kSq", "content": "在机场过安检，人脸识别摘了一次口罩，识别完旁边的工作人员紧张兮兮地要我赶紧戴上。过安全门时虽然警报器没响，工作人员还是要我再摘一次口罩。我问为什么警报器不响也要摘口罩？答复说担心口罩内有危险物品。我说这是扁平的医用口罩不是隆起的N95口罩，能藏什么东西？而且裤兜比口罩更容易藏东西，为什么不搜身反倒搜口罩？工作人员说不出理由，只重复说要我配合工作。为了不给机场工作和后面的乘客制造麻烦，我当然还是配合了，但感觉这个很不合理，执行的工作人员也说不出它的合理性在哪里，只说是执行规定。这些天出差的整体感觉是，只要近距离范围有人摘口罩，旁边的人就容易显得紧张，包括各种岗位的工作人员。建议除非绝对必要，不要在人多的地方总让人摘口罩，供相关部门参考。                                 ", "original_pictures": "无", "video_url": "无", "publish_place": "无", "publish_time": "2020-03-15 22:04", "publish_tool": "坚果手机 R1", "up_num": 3516, "retweet_num": 112, "comment_num": 657}, {"id": "IyEhI5kZq", "content": "评论里屏蔽了“睡”字（因为后半夜各种变体的“老罗，快睡吧”），好，现在测试一下。  ", "original_pictures": "无", "video_url": "无", "publish_place": "无", "publish_time": "2020-03-15 03:24", "publish_tool": "坚果手机 R1", "up_num": 3216, "retweet_num": 26, "comment_num": 1156}, {"id": "IyBvT30mJ", "content": "…… 罗永浩的微博视频  ", "original_pictures": "无", "video_url": "http://f.video.weibocdn.com/003enNnHgx07BHkQuecw010412008HfK0E010.mp4?label=mp4_hd&template=480x852.24.0&trans_finger=7c347e6ee1691b93dc7e5726f4ef34b3&Expires=1586165424&ssig=CuASH4d0mO&KID=unistore,video", "publish_place": "无", "publish_time": "2020-03-14 20:20", "publish_tool": "坚果手机 R1", "up_num": 1977, "retweet_num": 493, "comment_num": 264}, {"id": "IylA2nRqk", "content": "当年奥迪的下巴掉下来之后，虽然因为丑出翔引起一片惊呼，但到今天，已经不知道有多少国际汽车大厂的车下巴也跟着掉下来了。美和诚实一样，终究是一个奢侈的存在。  [组图共9张] 原图 ", "original_pictures": "http://ww3.sinaimg.cn/large/61c921e5ly1gcrrqly4yoj20hs0dcjta.jpg,http://ww2.sinaimg.cn/large/61c921e5ly1gcrrqmebc5j20fa0a6gml.jpg,http://ww4.sinaimg.cn/large/61c921e5ly1gcrrqmu7lgj20go0b4dhb.jpg,http://ww2.sinaimg.cn/large/61c921e5ly1gcrrqnfequj20ri0icadm.jpg,http://ww2.sinaimg.cn/large/61c921e5ly1gcrrqnutmxj20hs0bw0tc.jpg,http://ww1.sinaimg.cn/large/61c921e5ly1gcrrqobfj3j20d609v0tj.jpg,http://ww1.sinaimg.cn/large/61c921e5ly1gcrrqos9rzj20hs0b3t9k.jpg,http://ww4.sinaimg.cn/large/61c921e5ly1gcrrqp75m3j20fa0b174p.jpg,http://ww3.sinaimg.cn/large/61c921e5ly1gcrrqpt8v5j20zk0nptbu.jpg", "video_url": "无", "publish_place": "无", "publish_time": "2020-03-13 03:46", "publish_tool": "坚果手机 R1", "up_num": 843, "retweet_num": 76, "comment_num": 261}, {"id": "Iylf3B2sS", "content": "我过去也夸过小米、华为、一加、oppo、vivo的某款或某些手机，但都是从讨论产品的角度出发，没有任何利益关联，更没有收过钱。如果将来真有了利益关联，我也会公开注明，坦坦荡荡，轰轰烈烈地做一个大花魁，不会假装独客三。你们可能因为自己是偷偷卖的，难免从裤裆缝里看人，但这样效果真的不好……要不是这样暴露，本来别人还以为你们是良家妇女呢。                  原图                             ", "original_pictures": "http://wx1.sinaimg.cn/large/61c921e5ly1gcrq1y12qpj20u01o34pi.jpg", "video_url": "无", "publish_place": "无", "publish_time": "2020-03-13 02:55", "publish_tool": "坚果手机 R1", "up_num": 4219, "retweet_num": 165, "comment_num": 321}, {"id": "IykJ1Dm2R", "content": "为什么一开始都是没重视，但后来日本扩散得不严重，欧美那些国家就扩散得那么严重？顺便说一下，日本是花粉季，即使没有疫情也会有高比例人群戴口罩。虽然不能确定，但我始终都怀疑，各国的卫生机构反复强调不用戴口罩，是善意的谎言，也许是因为口罩反正都不够，只能通过这种方式，尝试保证让更需要口罩的人能得到。如果要求大家出门都戴口罩，但口罩很快抢光了会怎么样？这导致了更大的恐慌，又会怎么样？大家除了因此埋怨政府，还能怎样？如果确信需要戴口罩，那买不到口罩的人，不会因此减少出门吗？如果会，这不是宣传要戴口罩的正面效果吗？最后，为什么世界各国的死亡率差异那么巨大？                  原图                             ", "original_pictures": "http://wx2.sinaimg.cn/large/61c921e5ly1gcro1je2i3j20u01qc4qq.jpg", "video_url": "无", "publish_place": "无", "publish_time": "2020-03-13 01:36", "publish_tool": "坚果手机 R1", "up_num": 2534, "retweet_num": 258, "comment_num": 452}, {"id": "IykugrJEM", "content": "北京杭州上海，出差这一路下来，到处都是查近日行程和体温的，虽然有些不方便，但也让人感到安全…最大的问题是，几乎所有体温计都不灵，因为经常被测出32度到34度间。负责的会调整一下（不知道调的是啥）再测测别的部位，过了三十五、六才记录，浑一点的直接记32度，我不知道医务专家看了会怎么想。  ", "original_pictures": "无", "video_url": "无", "publish_place": "无", "publish_time": "2020-03-13 01:00", "publish_tool": "坚果手机 R1", "up_num": 2087, "retweet_num": 295, "comment_num": 355}, {"id": "Iykht68np", "content": "  原图 ", "original_pictures": "http://wx1.sinaimg.cn/large/61c921e5ly1gcrlzrigp4j20u023d7hi.jpg", "video_url": "无", "publish_place": "无", "publish_time": "2020-03-13 00:28", "publish_tool": "坚果手机 R1", "up_num": 1377, "retweet_num": 83, "comment_num": 422}, {"id": "Iyjoxf2Ru", "content": "对了，日本出差的时候，在宜家千叶店特意关注了一下，所有的快捷通道都清清楚楚，一看就是快捷通道，没有像中国的宜家店一样，弄得那么隐蔽，几乎没有人能发现。为什么有这样的差异，目前还没有弄清楚，希望有达人指点。这条下面，如果有过分情绪化或民族主义的评论，我就全xx拉黑了，莫谓……你懂的。  ", "original_pictures": "无", "video_url": "无", "publish_place": "无", "publish_time": "2020-03-12 22:13", "publish_tool": "坚果手机 R1", "up_num": 1800, "retweet_num": 72, "comment_num": 409}, {"id": "Iy7e5a5gu", "content": "一路下来，虽然处处都是戒备森严的架势，但南航的机舱，上海的肯德基，城际的专车，杭州的酒店都不提供消毒湿纸巾或免洗消毒洗手液，这还是有点奇怪的。最邪门儿的是机舱，居然提供擦手的湿纸巾，但不是消毒的……  ", "original_pictures": "无", "video_url": "无", "publish_place": "无", "publish_time": "2020-03-11 15:14", "publish_tool": "坚果手机 R1", "up_num": 1219, "retweet_num": 37, "comment_num": 277}, {"id": "Iy6qtlDaT", "content": "虹桥机场肯德基，醒目提示大家扫码点餐以减少顾客和服务员接触。这本来很好，但你扫码就会发现它要你注册成为会员。常见的扫码点餐强制关注公众号就够讨厌的了，肯德基点餐还要繁琐地操作好几步，并取验证码注册为会员才能点餐，太恶劣了。套用“发国难财”这种句套子，可以称之为…算了，反正很恶劣。  ", "original_pictures": "无", "video_url": "无", "publish_place": "无", "publish_time": "2020-03-11 13:12", "publish_tool": "坚果手机 R1", "up_num": 6524, "retweet_num": 175, "comment_num": 763}, {"id": "Iy67PFTgR", "content": "飞机落地后出去时要扫码登记信息，不知道为什么这东西全国各地都是自己做的，而且都做得很差。几乎所有人都看不懂如何操作，密密麻麻围在“请相互保持一米以上距离”的提示牌前折磨可怜的工作人员。工作人员没什么好气，这在平日的上海不常见，但非常时期可以理解。这会儿还坚守岗位的，都是天使  ", "original_pictures": "无", "video_url": "无", "publish_place": "无", "publish_time": "2020-03-11 12:26", "publish_tool": "坚果手机 R1", "up_num": 1047, "retweet_num": 45, "comment_num": 151}, {"id": "Iy4NrfGr0", "content": "这么多年了，北京 T2 航站楼的那个破安检门就没人管管吗？即使全中国的安检门都不响，它也会响，即使把裤腰带、戒指和眼镜都拿掉，它也会响，即使只穿一个T恤衫加无任何金属饰件儿的大裤衩并且大裤衩内都没敢穿内裤，它也会响。为了这个明显是坏了的破门儿，疫情期间每个人都要被迫多摘一次口罩（杠精注意：是非人脸识别的第二次。工作人员说第二次摘口罩，是担心口罩里面藏有武器之类的危险品）因为你就算光屁股它也会响，所以唯一可以被怀疑的就是口罩内了。最滑稽的是我们被迫多摘一次口罩的时候，工作人员又显得很紧张，匆匆看一眼口罩内又催促大家赶紧戴上……强烈建议开除负责 T2 航站楼设备维护的xx。                                 ", "original_pictures": "无", "video_url": "无", "publish_place": "无", "publish_time": "2020-03-11 09:03", "publish_tool": "坚果手机 R1", "up_num": 5114, "retweet_num": 854, "comment_num": 490}, {"id": "IxTBJsFyH", "content": "Guns N' Roses 官推新发的图片......  原图 ", "original_pictures": "http://wx4.sinaimg.cn/large/61c921e5ly1gcoc8kj4u7j20gy0ozac6.jpg", "video_url": "无", "publish_place": "无", "publish_time": "2020-03-10 04:34", "publish_tool": "微博 weibo.com", "up_num": 1267, "retweet_num": 293, "comment_num": 173}, {"id": "IxKRx9d8G", "content": "我听过的最自以为是的中文口语表达方式是，“这话我可不爱听。” 这话实在是，实在是，实在是，太把自己当回事儿了。我在北方听了几十年了，感受还是像第一次听到那么强烈。  ", "original_pictures": "无", "video_url": "无", "publish_place": "无", "publish_time": "2020-03-09 06:18", "publish_tool": "微博 weibo.com", "up_num": 3212, "retweet_num": 211, "comment_num": 552}, {"id": "IxIendDa8", "content": "Gregory Alan Isakov《Liars-Gregory Alan Isakov》 Liars-Gregory Alan Isakov  ", "original_pictures": "无", "video_url": "无", "publish_place": "无", "publish_time": "2020-03-08 23:36", "publish_tool": "微博 weibo.com", "up_num": 276, "retweet_num": 39, "comment_num": 65}, {"id": "IxqhkApi6", "content": "Shazam 这软件用了这么多年，现在每次用到还是感觉好得不像真的。这首好歌，是一个毛片预告片的背景音乐（有些美国的毛导太有文化了...），那个预告片看起来倒没什么，但音乐一听就喜欢上了。用 Shazam 查出来后，在这里分享推荐 Will Cookson《Alone in the Dark-Will Cookson》 Alone in the Dark-Will Cookson  ", "original_pictures": "无", "video_url": "无", "publish_place": "无", "publish_time": "2020-03-07 01:54", "publish_tool": "微博 weibo.com", "up_num": 1152, "retweet_num": 278, "comment_num": 224}, {"id": "IxmHqeHsK", "content": "“文人相轻”是一个典型的伪概念，文盲也经常相轻，但以前没留下文字或录音而已。  ", "original_pictures": "无", "video_url": "无", "publish_place": "无", "publish_time": "2020-03-06 16:47", "publish_tool": "微博 weibo.com", "up_num": 1310, "retweet_num": 218, "comment_num": 194}, {"id": "IxmEkt3vq", "content": "种族歧视沉渣泛起之际，再次推荐索威尔的《美国种族简史》，这本书当年几乎解决了我对种族问题的全部困惑。后来我联合中信在中国再版这本书，十年间，在人民教师龙哥的大力宣传之下，这部当年只印了几千本的冷门学术著作，竟然卖了四十多万本，堪称功德无量。购书到京东、天猫、淘宝搜“美国种族简史”  [组图共3张] 原图 ", "original_pictures": "http://ww4.sinaimg.cn/large/61c921e5ly1gckaqmdq86j20ri4pn483.jpg,http://ww1.sinaimg.cn/large/61c921e5ly1gckaljkcdhj20u013u1kx.jpg,http://ww3.sinaimg.cn/large/61c921e5ly1gckaljhm9dj20fw0m8agn.jpg", "video_url": "无", "publish_place": "无", "publish_time": "2020-03-06 16:39", "publish_tool": "微博 weibo.com", "up_num": 1981, "retweet_num": 2285, "comment_num": 428}, {"id": "Ix3l9bVv9", "content": "开放二胎后，我还以为计划生育已经取消了，最近都在讨论外国人永居身份问题，才知道生三胎以上还是要管的太奇怪了，按今天不断下降的的生育率，只需要两三代人的时间，中华民族人口数量就会减少一半，很可能会带来难以想象的灾难，为什么还要管三胎呢？生三胎以上的，难道不是英雄母亲吗？……当然，如果禁止生三胎是“我国的一项基本国策”，那当我没说                                 ", "original_pictures": "无", "video_url": "无", "publish_place": "无", "publish_time": "2020-03-04 15:30", "publish_tool": "坚果手机 R1", "up_num": 8801, "retweet_num": 565, "comment_num": 1113}, {"id": "Ix2qx3pMg", "content": "节前到东京出差，住在一个民宿，有幸体验了号称“厨卫电器中的劳斯莱斯”的德国 Miele，包括电磁炉、电烤箱、微波炉、洗碗机、洗衣机等几乎全套产品。10来天使用下来，发现跟我心目中的多数德国品牌产品没有什么区别：工业设计一流，价格昂贵，至于功能和体验，跟只有半价的日本同类型产品比，也是垃圾（……好吧，这是我个人的看法）。（现在很多更便宜的中国产品也比德国的名牌产品要好用很多）这“真的很德国”。但日本人还是非常崇洋，所以很多高档商品房的出售或租赁，都以全套的德国厨卫产品作为重要卖点之一。亚洲国家的工业化，现代化，整体上都是跟西方学的，所以对西方的盲目崇拜（当然也有理性的、非盲目的部分），还会持续很多很多年。这是亚洲国家的实业家们，特别是做 to C 产品的，需要长期共同面对的现实问题。                                 ", "original_pictures": "无", "video_url": "无", "publish_place": "无", "publish_time": "2020-03-04 13:11", "publish_tool": "坚果手机 R1", "up_num": 4959, "retweet_num": 2865, "comment_num": 602}, {"id": "IwJwL3UAa", "content": "这轮在线教育解决了很多刚需，比如腾讯课堂 #花式开课#，不仅解决了老师的燃眉之急、10 秒就让学生“痛不欲生”，还有很多互联网、设计类课程，大家想要体会校园怀旧感的，可以去试试。  原图 ", "original_pictures": "http://wx1.sinaimg.cn/large/61c921e5ly1gcfi0c2rwbj20qo2enkjo.jpg", "video_url": "无", "publish_place": "无", "publish_time": "2020-03-02 13:04", "publish_tool": "微博 weibo.com", "up_num": 921, "retweet_num": 39, "comment_num": 101}, {"id": "IwIL96ECk", "content": "最近很多老师都在线上 #花式开课#，电线、衣架、挂历都能做他们的直播工具。要聊这个，那我就不得不推荐下腾讯课堂，只需 10 秒就能极速开课，使用简单方便，计划开课的老师不妨试试。  [组图共9张] 原图 ", "original_pictures": "http://ww1.sinaimg.cn/large/61c921e5ly1gcfelon9p8j20qo1ia1kx.jpg,http://ww1.sinaimg.cn/large/61c921e5ly1gcfelrpa07j20qo1ianmo.jpg,http://ww2.sinaimg.cn/large/61c921e5ly1gcfelw39e9j20qo1ia1kx.jpg,http://ww3.sinaimg.cn/large/61c921e5ly1gcfem2z66lj20qo13s7sb.jpg,http://ww3.sinaimg.cn/large/61c921e5ly1gcfem6c7qij20qo11ike8.jpg,http://ww1.sinaimg.cn/large/61c921e5ly1gcfem99heqj20qo17enju.jpg,http://ww2.sinaimg.cn/large/61c921e5ly1gcfemc6qscj20qo17etts.jpg,http://ww4.sinaimg.cn/large/61c921e5ly1gcfemf92kij20qo13se2k.jpg,http://ww1.sinaimg.cn/large/61c921e5ly1gcfemis3xdj20qo0urapi.jpg", "video_url": "无", "publish_place": "无", "publish_time": "2020-03-02 11:06", "publish_tool": "微博 weibo.com", "up_num": 854, "retweet_num": 232, "comment_num": 118}, {"id": "IwFcSChk6", "content": "竟然全是 5K 分辨率，包括早期的，意外惊喜 我最喜欢10.4 那一张，可以用一辈子Every Default OS X Wallpaper – in Glorious 5K Resolution 到这里下载： http://t.cn/RKfk3VJ  原图 ", "original_pictures": "http://wx4.sinaimg.cn/large/61c921e5ly1gceyyiyu1ij20y00u01fr.jpg", "video_url": "无", "publish_place": "无", "publish_time": "2020-03-02 02:04", "publish_tool": "微博 weibo.com", "up_num": 1128, "retweet_num": 488, "comment_num": 164}, {"id": "IwsKvx187", "content": "嗯，大概 2.6：1，足够了。  原图 ", "original_pictures": "http://wx4.sinaimg.cn/large/61c921e5ly1gcdfxuaatkj20u00s7wi1.jpg", "video_url": "无", "publish_place": "无", "publish_time": "2020-02-29 18:21", "publish_tool": "坚果手机 R1", "up_num": 1169, "retweet_num": 53, "comment_num": 422}, {"id": "IwkK26qzN", "content": "  原图 ", "original_pictures": "http://wx4.sinaimg.cn/large/61c921e5ly1gccgm2u65cj21c00dy0wj.jpg", "video_url": "无", "publish_place": "无", "publish_time": "2020-02-28 21:58", "publish_tool": "微博 weibo.com", "up_num": 474, "retweet_num": 10, "comment_num": 157}, {"id": "IwkFcc72b", "content": "有狗头就可以免拉黑的理论太奇怪了，我经常因为评论里有个狗头就把对方拉黑了，那狗头在我看来只有两个可能的效果：嘚瑟；不怀好意。  ", "original_pictures": "无", "video_url": "无", "publish_place": "无", "publish_time": "2020-02-28 21:46", "publish_tool": "微博 weibo.com", "up_num": 2002, "retweet_num": 121, "comment_num": 467}, {"id": "IwkDOe75v", "content": "“再走个极端，所有人都戴护目镜，防护服出门岂不更好？” 当然啊，我没那么紧张所以不用。但如果多数人都有那么紧张以至于都戴了护目镜和防护服，有什么不好呢？（当然，如果因此影响了医务工作者获得必要的工作设备就不好了，但那是另一个话题）  ", "original_pictures": "无", "video_url": "无", "publish_place": "无", "publish_time": "2020-02-28 21:42", "publish_tool": "微博 weibo.com", "up_num": 586, "retweet_num": 28, "comment_num": 119}, {"id": "IwkBTEaKU", "content": "1.这个例子的问题不是极端（实际上病毒扩散通常就是由一个人开始的，“一个人”这件事并不极端）而是不合理：感染是动态的，病毒不会感染十个后就静止。2.大规模扩散后造成的后果，和每人买几个口罩比（就算最终证明是多余的吧）不值一提。3.不得不置身于拥挤的走廊、电梯间、交通工具时，如何跟别人保持距离？4.哪一个主张戴口罩的人说过，戴口罩后可以不洗手，可以挤到人多的地方去？为什么总跟要戴口罩的人强调洗手更重要？为什么总跟为了生计不得不冒险出来挤地铁的人强调不要去人多的地方？                  原图                             ", "original_pictures": "http://wx3.sinaimg.cn/large/61c921e5ly1gccfyd4runj20u00yu1a3.jpg", "video_url": "无", "publish_place": "无", "publish_time": "2020-02-28 21:38", "publish_tool": "微博 weibo.com", "up_num": 1065, "retweet_num": 213, "comment_num": 194}, {"id": "IwkvBC3Gj", "content": "我是个外行，我不懂（这姿势拿对了吧？）我只是想通过讨论来弄清楚国际卫生专家不建议公众戴口罩的逻辑到底是什么。因为公开说的那个，如前所述，看起来不是很合理。另外看看图中按日期排列的世界各国感染者数量的急剧变化，如果他们中的多数在感染后、发作前，就因为看新闻害怕而戴了口罩，会怎么样？  [组图共5张] 原图 ", "original_pictures": "http://ww3.sinaimg.cn/large/61c921e5ly1gccf8tu640j216o0c6jv2.jpg,http://ww2.sinaimg.cn/large/61c921e5ly1gccf8tu39fj20oy0dywg3.jpg,http://ww4.sinaimg.cn/large/61c921e5ly1gccf8tweb3j20oy0dq40v.jpg,http://ww1.sinaimg.cn/large/61c921e5ly1gccf8tu33gj20p40e0abr.jpg,http://ww4.sinaimg.cn/large/61c921e5ly1gccf8tuhz7j20p20dw405.jpg", "video_url": "无", "publish_place": "无", "publish_time": "2020-02-28 21:22", "publish_tool": "微博 weibo.com", "up_num": 522, "retweet_num": 49, "comment_num": 139}, {"id": "IwipP4Z7j", "content": "一直以来我都是通过拉黑出言不逊的xx来调节心理健康的。但随着长期辛勤劳动，和设置方面改动（现在只有“粉丝”才可评论），按原有标准已经越来越难找到拉黑对象了。近期我适当调整了一下，把那些说话不中听、不礼貌的也都拉黑了（包括说什么“忠言逆耳”“你要三思啊”之类的笨蛋）结果迎来了大丰收。  ", "original_pictures": "无", "video_url": "无", "publish_place": "无", "publish_time": "2020-02-28 16:02", "publish_tool": "微博 weibo.com", "up_num": 1320, "retweet_num": 71, "comment_num": 724}, {"id": "IwihLap2y", "content": "感觉很牵强，一个人感染后不打喷嚏就没戴口罩，结果挤地铁时打了喷嚏把边上乘客都感染了怎么办？新加坡没有充足口罩就不建议戴？这他x也叫理由？排队买口罩，不可能比挤地铁聚集密度更高，不怕大家不戴口罩挤地铁，怕大家排队买口罩？如果担心医务人员不够用，为什么不囤好这部分用量再建议公众戴？  原图 ", "original_pictures": "http://wx3.sinaimg.cn/large/61c921e5ly1gcc5nml921j20c81qw0z8.jpg", "video_url": "无", "publish_place": "无", "publish_time": "2020-02-28 15:43", "publish_tool": "微博 weibo.com", "up_num": 636, "retweet_num": 83, "comment_num": 166}, {"id": "IwhrI6bhO", "content": "关于“不用戴口罩”的困惑……或者……“震惊！口罩厂幕后老板怒怼国际卫生组织专家！” “邪门儿！相声演员觉得自己比公共卫生专家更懂疫情时期的公众心理！” “感动！自顾不暇的破产老赖请求专家指导公众正确使用口罩！”  原图 ", "original_pictures": "http://wx4.sinaimg.cn/large/61c921e5ly1gcc1tsrpkmj20ri207k59.jpg", "video_url": "无", "publish_place": "无", "publish_time": "2020-02-28 13:34", "publish_tool": "坚果手机 R1", "up_num": 1063, "retweet_num": 269, "comment_num": 247}, {"id": "Ivzhzsls7", "content": "👻[加油]  原图 ", "original_pictures": "http://wx2.sinaimg.cn/large/61c921e5gy1gc6n12gby8j20u00o015p.jpg", "video_url": "无", "publish_place": "无", "publish_time": "2020-02-23 21:09", "publish_tool": "坚果手机 R1", "up_num": 2024, "retweet_num": 48, "comment_num": 491}, {"id": "IvqjFeiah", "content": "蝙蝠肉暂时买不到了，但是蝙蝠的粪蛋儿作为中药，还是可以买到...... 神奇的“夜明砂”：那些蝙蝠粪是否也携带新冠病毒？  ", "original_pictures": "无", "video_url": "无", "publish_place": "无", "publish_time": "2020-02-22 22:19", "publish_tool": "微博 weibo.com", "up_num": 2660, "retweet_num": 477, "comment_num": 627}, {"id": "IvmdFgzKb", "content": "没有标签的版本。  原图 ", "original_pictures": "http://wx4.sinaimg.cn/large/61c921e5gy1gc51f93skjj20ri1a2qa7.jpg", "video_url": "无", "publish_place": "无", "publish_time": "2020-02-22 11:53", "publish_tool": "坚果手机 R1", "up_num": 1101, "retweet_num": 101, "comment_num": 251}, {"id": "IvmbMzIQ5", "content": "“我发现在座的朋友里，竟然同时有老婆和老婆的前男友，以及前女友和前女友的现任老公……”  原图 ", "original_pictures": "http://wx1.sinaimg.cn/large/61c921e5gy1gc50tll2ebj20ri1a2qa7.jpg", "video_url": "无", "publish_place": "无", "publish_time": "2020-02-22 11:49", "publish_tool": "坚果手机 R1", "up_num": 590, "retweet_num": 41, "comment_num": 151}, {"id": "IuOb52FKa", "content": "朋友一家雖然也面臨物資匱乏，但完全沒有喪失革命樂觀主義精神，敬禮。  [组图共2张] 原图 ", "original_pictures": "http://ww2.sinaimg.cn/large/61c921e5gy1gc0v1r87k4j20u012aack.jpg,http://ww4.sinaimg.cn/large/61c921e5gy1gc0v1qfrirj20u012ydhk.jpg", "video_url": "无", "publish_place": "无", "publish_time": "2020-02-18 21:13", "publish_tool": "坚果手机 R1", "up_num": 3590, "retweet_num": 352, "comment_num": 342}, {"id": "IuKvLevz7", "content": "这一切都是从被迫休假开始的：我看了爱尔兰人，因为太久没看到他们哥儿几个，起初我还以为他们衰老的面孔才是特效……然后在 youtube 上看了一两百个小时的演唱会视频，发现他们全都老了，都tm老成这样了，太吓人啦 再不复工忘掉这一切，我就要面临中年心理危机加抑郁症了  [组图共9张] 原图 ", "original_pictures": "http://ww2.sinaimg.cn/large/61c921e5gy1gc0en45dr1j20m80godh0.jpg,http://ww3.sinaimg.cn/large/61c921e5gy1gc0emzzxv8j20xc0m80vn.jpg,http://ww1.sinaimg.cn/large/61c921e5gy1gc0en0kjooj20lc0c3jsj.jpg,http://ww4.sinaimg.cn/large/61c921e5gy1gc0en3ckncj20hj0a9mxo.jpg,http://ww2.sinaimg.cn/large/61c921e5gy1gc0en3qklkj20zk0k0js5.jpg,http://ww1.sinaimg.cn/large/61c921e5gy1gc0en2e7znj211i0l3djm.jpg,http://ww4.sinaimg.cn/large/61c921e5gy1gc0emzfb1cj20v40g5ni9.jpg,http://ww1.sinaimg.cn/large/61c921e5gy1gc0en19tv8j20sg0aotac.jpg,http://ww4.sinaimg.cn/large/61c921e5gy1gc0en2r6duj20l40akdgg.jpg", "video_url": "无", "publish_place": "无", "publish_time": "2020-02-18 11:53", "publish_tool": "坚果手机 R1", "up_num": 1603, "retweet_num": 204, "comment_num": 368}, {"id": "IsQsiiDhu", "content": "…… 快速扩散｜不要带宠物上高速，我的猫和狗已经被“焚烧”  ", "original_pictures": "无", "video_url": "无", "publish_place": "无", "publish_time": "2020-02-05 23:21", "publish_tool": "Android客户端", "up_num": 1409, "retweet_num": 342, "comment_num": 382}, {"id": "IswMix2NQ", "content": "病毒扩散后，我其实很理解那些写着“不接待中国客人”的各国小店主，如果他们加上“暂时”和“以及近期从中国回来的本国客人”，可能就不容易引起争议了。当然，以上讨论对象仅限没有排华倾向，只是害怕病毒的店主。  ", "original_pictures": "无", "video_url": "无", "publish_place": "无", "publish_time": "2020-02-03 21:15", "publish_tool": "微博 weibo.com", "up_num": 1814, "retweet_num": 145, "comment_num": 203}, {"id": "Is942uoOg", "content": "……  [组图共2张] 原图 ", "original_pictures": "http://ww4.sinaimg.cn/large/61c921e5gy1gbgm72b8s0j20u02rg4qp.jpg,http://ww1.sinaimg.cn/large/61c921e5gy1gbgm7383hxj20u03nnajm.jpg", "video_url": "无", "publish_place": "无", "publish_time": "2020-02-01 08:53", "publish_tool": "Android客户端", "up_num": 2362, "retweet_num": 582, "comment_num": 294}, {"id": "Ir1TZg7Rz", "content": "更多也不指望了，大家新年都平安就好。  ", "original_pictures": "无", "video_url": "无", "publish_place": "无", "publish_time": "2020-01-25 00:49", "publish_tool": "坚果手机 R1", "up_num": 4248, "retweet_num": 174, "comment_num": 512}, {"id": "IozBweqPi", "content": "不知道从什么时候开始，问一个人的年龄，再也得不到直接答案了。不管 TA 是男的女的还是老的少的，总是说，“我是xx年出生的”。如果你问“那是多大了？” TA 竟然还要算一下才給你答案。我记得在过去，问一个人的年龄，大家都是直接说自己是多大岁数的……为什么会这样？这些年发生了什么我不知道的？  ", "original_pictures": "无", "video_url": "无", "publish_place": "无", "publish_time": "2020-01-08 21:06", "publish_tool": "坚果手机 R1", "up_num": 5854, "retweet_num": 352, "comment_num": 1222}, {"id": "InnNO14Ci", "content": "  ", "original_pictures": "无", "video_url": "无", "publish_place": "无", "publish_time": "2020-01-01 01:13", "publish_tool": "坚果手机 R1", "up_num": 9582, "retweet_num": 257, "comment_num": 1737}]}