{"user": {"id": "5790112354", "nickname": "宇宙少女_程潇", "gender": "女", "location": "北京 朝阳区", "birthday": "1998-07-15", "description": "程潇商务洽谈及合作联系：bdchengxiao@yuehuamusic.com", "verified_reason": "宇宙少女组合成员程潇", "talent": "", "education": "", "work": "", "weibo_num": 436, "following": 116, "followers": 9094029}, "weibo": [{"id": "IAJJGa77D", "content": "日常🈚️  [组图共2张] 原图 ", "original_pictures": "http://ww2.sinaimg.cn/large/006jQIIWgy1gd9xtkkft2j31zk1ho1kz.jpg,http://ww3.sinaimg.cn/large/006jQIIWgy1gd9xtiwse3j31fo0zlx6p.jpg", "video_url": "无", "publish_place": "无", "publish_time": "2020-03-28 20:57", "publish_tool": "iPhone 11 Pro Max", "up_num": 135417, "retweet_num": 80857, "comment_num": 31396}, {"id": "IxH9rBz1t", "content": "#程潇舞蹈版百里守约# 以前都是作为一个观众收看KPL，这次很开心能有这样的机会参与其中。@腾讯视频终极高手 第二季正式完结了，谢谢大家每周的陪伴，送上一段舞蹈当作礼物🎁 电竞的故事还在继续，祝福大家，后会有期❤️ 宇宙少女_程潇的微博视频  ", "original_pictures": "无", "video_url": "http://f.video.weibocdn.com/sFcLJNRdlx07BxNC5dVm01041201aOB00E010.mp4?label=mp4_hd&template=852x480.25.0&trans_finger=62b30a3f061b162e421008955c73f536&Expires=1586164895&ssig=ABH9OjVeNz&KID=unistore,video", "publish_place": "无", "publish_time": "2020-03-08 20:51", "publish_tool": "无", "up_num": 47770, "retweet_num": 83135, "comment_num": 15648}, {"id": "IxE0rz9o9", "content": "祝大家女神节快乐❤️也祝@程SUSU大小姐 生日快乐🎂都要一直开心健康幸福❤️  [组图共9张] 原图 ", "original_pictures": "http://ww2.sinaimg.cn/large/006jQIIWgy1gcmfbeaew6j31zk1hox6p.jpg,http://ww1.sinaimg.cn/large/006jQIIWgy1gcmfb9vlmpj30u019mdo7.jpg,http://ww1.sinaimg.cn/large/006jQIIWgy1gcmfbidm6nj31zk1hox6p.jpg,http://ww1.sinaimg.cn/large/006jQIIWgy1gcmfbxfvcdj31ho1zknpd.jpg,http://ww3.sinaimg.cn/large/006jQIIWgy1gcmfbt0xgaj319u1u7e81.jpg,http://ww4.sinaimg.cn/large/006jQIIWgy1gcmfb8x7pyj31e61tkkjl.jpg,http://ww1.sinaimg.cn/large/006jQIIWgy1gcmfc268n9j31zk1ho1ky.jpg,http://ww3.sinaimg.cn/large/006jQIIWgy1gcmfbpe7u6j32c0340b2b.jpg,http://ww3.sinaimg.cn/large/006jQIIWgy1gcmfc6jwuaj31o02801ky.jpg", "video_url": "无", "publish_place": "无", "publish_time": "2020-03-08 12:51", "publish_tool": "iPhone 11 Pro Max", "up_num": 58710, "retweet_num": 67334, "comment_num": 12199}, {"id": "IwDotrAmk", "content": "似乎我们被所有人都不看好 也有想过放弃但是似乎就是不被看好所有的压力努力委屈泪水都成为我们放手一搏的动力 这个舞台上我们是🏆X战队谢谢 @终极高手仙策 @终极高手GuiMi @终极高手大宝 @终极高手小衫 @终极高手醉易 @终极高手小陈陈 @终极高手窜天猴 @终极高手Dragon @终极高手晓明 @终极高手法王 谢谢你们来我的队伍里 谢谢@腾讯视频终极高手 让我们相遇 谢谢你们的努力让我们一起捧杯🏆谢谢每天被我催的@DYG丶JC林 还有@Hero阿可  和 @Fighting指尖 的帮助谢谢所有台前幕后一起熬夜的工作人员希望你们以后能有更多的🏆🏆🏆不管怎样我的崽最棒！             [组图共11张]      原图                             ", "original_pictures": "http://ww4.sinaimg.cn/large/006jQIIWgy1gceqjsjfp4j34fz2q1u12.jpg,http://ww3.sinaimg.cn/large/006jQIIWgy1gceqj167a5j322o0yib2g.jpg,http://ww1.sinaimg.cn/large/006jQIIWgy1gceqj6ik7hj34g02yonpe.jpg,http://ww3.sinaimg.cn/large/006jQIIWgy1gceqjelsjxj32yo4g0hdv.jpg,http://ww2.sinaimg.cn/large/006jQIIWgy1gceqk3tukzj323h2xnkjq.jpg,http://ww4.sinaimg.cn/large/006jQIIWgy1gceqiozgz6j34g02yo7wj.jpg,http://ww3.sinaimg.cn/large/006jQIIWgy1gceqkgjwwxj31bp1zkx6s.jpg,http://ww3.sinaimg.cn/large/006jQIIWgy1gceqku8gndj31zk1bpqv8.jpg,http://ww4.sinaimg.cn/large/006jQIIWgy1gceql1mmpwj320h1ny7wi.jpg,http://ww2.sinaimg.cn/large/006jQIIWgy1gceqlju6k4j322o0yikjv.jpg,http://ww1.sinaimg.cn/large/006jQIIWgy1gceqmdfaegj322o0yinpn.jpg", "video_url": "无", "publish_place": "无", "publish_time": "2020-03-01 21:27", "publish_tool": "iPhone 11 Pro Max", "up_num": 62886, "retweet_num": 67913, "comment_num": 14218}, {"id": "IvQv1FfT8", "content": "好快又一年出道四年啦快乐！感恩陪伴❤️  [组图共6张] 原图 ", "original_pictures": "http://ww2.sinaimg.cn/large/006jQIIWgy1gc8r3firpij30qo0yw0zr.jpg,http://ww4.sinaimg.cn/large/006jQIIWgy1gc8r0ccy0fj30jt0io3zg.jpg,http://ww4.sinaimg.cn/large/006jQIIWgy1gc8r3g3visj30q10wjjv2.jpg,http://ww2.sinaimg.cn/large/006jQIIWgy1gc8r3gwo9rj31jk2231kx.jpg,http://ww3.sinaimg.cn/large/006jQIIWgy1gc8r3hfmduj30xc18gao4.jpg,http://ww1.sinaimg.cn/large/006jQIIWgy1gc8r3hysz4j30nq0zktcr.jpg", "video_url": "无", "publish_place": "无", "publish_time": "2020-02-25 16:58", "publish_tool": "iPhone 11 Pro Max", "up_num": 136430, "retweet_num": 147407, "comment_num": 58807}, {"id": "IvImNdGVX", "content": "#责任养宠#目前没有证据显示猫狗会感染新型冠状病毒。我支持@世界动物保护协会 和@势界POWERCIRCLES“责任养宠”的倡议。请与我一起承诺“尊重且善待生命，不遗弃、不虐待。选择饲养前要三思。一旦选择，终生陪伴”。请转发并承诺，与我一起，保护动物！#动物友好型生活方式# 绿洲  原图 ", "original_pictures": "http://wx3.sinaimg.cn/large/006jQIIWly3gc7r750pukj30zk0zkn6w.jpg", "video_url": "无", "publish_place": "无", "publish_time": "2020-02-24 20:16", "publish_tool": "绿洲APP", "up_num": 37363, "retweet_num": 61201, "comment_num": 10551}, {"id": "IuvdicRFQ", "content": "#程潇电竞杂志大片# 在对抗GOG战队前，送给了我的“X俱乐部”队员们一份新年礼物，希望2020可以一起搏个好彩头🎉🙏🏻 最后无论胜败，都希望你们能在#终极高手#的日子里留下一个美好的回忆❤️ 宇宙少女_程潇的微博视频  ", "original_pictures": "无", "video_url": "http://f.video.weibocdn.com/ezuIHnphlx07B0jilmmc01041200X4Lg0E010.mp4?label=mp4_hd&template=852x480.25.0&trans_finger=62b30a3f061b162e421008955c73f536&Expires=1586164912&ssig=iF3mlfQrcT&KID=unistore,video", "publish_place": "无", "publish_time": "2020-02-16 20:57", "publish_tool": "无", "up_num": 53041, "retweet_num": 57827, "comment_num": 15989}, {"id": "IuamhesbG", "content": "情人节快乐宝贝们❤️ 宇宙少女_程潇的微博视频  ", "original_pictures": "无", "video_url": "http://f.video.weibocdn.com/003mDzkjgx07AWMwWF1C010412002RWj0E010.mp4?label=mp4_hd&template=480x852.24.0&trans_finger=7c347e6ee1691b93dc7e5726f4ef34b3&Expires=1586164912&ssig=6WWBW1uVDx&KID=unistore,video", "publish_place": "无", "publish_time": "2020-02-14 15:51", "publish_tool": "iPhone 11 Pro Max", "up_num": 70185, "retweet_num": 112554, "comment_num": 22712}, {"id": "IsCGx3etu", "content": "没有证明宠物一定会感染和传播所以不要随意抛弃它们！不传谣！戴好口罩😷！2020加油❤️  [组图共9张] 原图 ", "original_pictures": "http://ww4.sinaimg.cn/large/006jQIIWgy1gbk8e8bei5j31ga138tio.jpg,http://ww1.sinaimg.cn/large/006jQIIWgy1gbk8eacaiaj31841ml4qr.jpg,http://ww2.sinaimg.cn/large/006jQIIWgy1gbk8ekwjtwj32802yob2k.jpg,http://ww1.sinaimg.cn/large/006jQIIWgy1gbk8gknutfj32802yo1l9.jpg,http://ww3.sinaimg.cn/large/006jQIIWgy1gbk8ft0so0j30ty140npd.jpg,http://ww3.sinaimg.cn/large/006jQIIWgy1gbk8excynkj32yo280x71.jpg,http://ww3.sinaimg.cn/large/006jQIIWgy1gbk8edrx76j31zk1hne85.jpg,http://ww4.sinaimg.cn/large/006jQIIWgy1gbk8emu7qtj33402c0hdt.jpg,http://ww3.sinaimg.cn/large/006jQIIWgy1gbk8jamxd1j313u0tu4qp.jpg", "video_url": "无", "publish_place": "无", "publish_time": "2020-02-04 12:17", "publish_tool": "iPhone 11 Pro Max", "up_num": 90362, "retweet_num": 80638, "comment_num": 30242}, {"id": "IqoD7pND1", "content": "分享一下#终极高手# 的花絮我超凶的凶的都炸毛了… 宇宙少女_程潇的微博视频  ", "original_pictures": "无", "video_url": "http://f.video.weibocdn.com/004r1vFVgx07AjeMpfcA010412002ZQd0E010.mp4?label=mp4_hd&template=852x480.25.0&trans_finger=62b30a3f061b162e421008955c73f536&Expires=1586164913&ssig=IV0YPK4r1n&KID=unistore,video", "publish_place": "无", "publish_time": "2020-01-20 20:50", "publish_tool": "iPhone 11 Pro Max", "up_num": 49652, "retweet_num": 52573, "comment_num": 10990}, {"id": "IqeZ0zcKs", "content": "#程潇梦泪追星成功# 追了这么久的KPL，第一次见到梦泪@梦之泪伤 老师本人❤️ 在他面前打游戏，好紧张！！谢谢梦老师的认可，称赞我是国服射手，我会再多加练习的💪🏻💪🏻 宇宙少女_程潇的微博视频  ", "original_pictures": "无", "video_url": "http://f.video.weibocdn.com/001BhNk9lx07AhBAqcI801041200lpc20E010.mp4?label=mp4_hd&template=852x480.25.0&trans_finger=62b30a3f061b162e421008955c73f536&Expires=1586164913&ssig=DiHLRUq%2Bky&KID=unistore,video", "publish_place": "无", "publish_time": "2020-01-19 20:16", "publish_tool": "无", "up_num": 60542, "retweet_num": 75504, "comment_num": 10544}, {"id": "IpO83pd7T", "content": "是时候发出我的库存了泰国之旅的。谢谢给我一次成为陆菁菁的机会趁着年轻中二一点有什么不好呢唐人街探案网剧。🙏谢谢🙏  [组图共18张] 原图 ", "original_pictures": "http://ww1.sinaimg.cn/large/006jQIIWgy1gayu23j1v6j31sg16o4e6.jpg,http://ww2.sinaimg.cn/large/006jQIIWgy1gayuamu9l8j31sg16odz1.jpg,http://ww2.sinaimg.cn/large/006jQIIWgy1gayuaqx8uuj31sg16oarv.jpg,http://ww3.sinaimg.cn/large/006jQIIWgy1gayu2et81rj31sg16odwx.jpg,http://ww1.sinaimg.cn/large/006jQIIWgy1gayu2q91aoj316o1sgdwl.jpg,http://ww3.sinaimg.cn/large/006jQIIWgy1gayu37xe2nj30tz13zadl.jpg,http://ww1.sinaimg.cn/large/006jQIIWgy1gayuavf6jcj31sg16z7gw.jpg,http://ww2.sinaimg.cn/large/006jQIIWgy1gayu32z7kij31sg16zwpc.jpg,http://ww3.sinaimg.cn/large/006jQIIWgy1gayu3qhfecj31sg16z7hp.jpg,http://ww2.sinaimg.cn/large/006jQIIWgy1gayu45297xj316z1sg163.jpg,http://ww2.sinaimg.cn/large/006jQIIWgy1gayu4c3wacj31sg16znc6.jpg,http://ww4.sinaimg.cn/large/006jQIIWgy1gayu4ffam6j31sg16zapj.jpg,http://ww3.sinaimg.cn/large/006jQIIWgy1gayu55i4gqj31sg16zkjl.jpg,http://ww4.sinaimg.cn/large/006jQIIWgy1gayub4ns5wj31sg16zay9.jpg,http://ww1.sinaimg.cn/large/006jQIIWgy1gayubbxvs1j31sg1cckik.jpg,http://ww3.sinaimg.cn/large/006jQIIWgy1gayucba599j31ho1zkqv8.jpg,http://ww2.sinaimg.cn/large/006jQIIWgy1gayubpeenrj33402c0qv6.jpg,http://ww4.sinaimg.cn/large/006jQIIWgy1gayubzoe9dj33402c0kjl.jpg", "video_url": "无", "publish_place": "无", "publish_time": "2020-01-16 23:54", "publish_tool": "iPhone 11 Pro Max", "up_num": 94972, "retweet_num": 105239, "comment_num": 21834}, {"id": "Iog3OFVVX", "content": "拥抱无拘无束的童真趣味❤️感谢@GUCCI 的邀请，今天在成都 #GUCCI PIN限时店# 见到了Gucci中国新年系列，和米奇一起迎接鼠年😘✌🏻 #跟古驰欢乐过年# 成都·GUCCI PIN限时店—成都远洋太古里广东会馆  显示地图 [组图共9张] 原图 ", "original_pictures": "http://ww4.sinaimg.cn/large/006jQIIWgy1gan22ix98yj31kw2dchdt.jpg,http://ww1.sinaimg.cn/large/006jQIIWgy1gan2206vi0j31zk1bpe84.jpg,http://ww3.sinaimg.cn/large/006jQIIWgy1gan22676d4j368s85yqvf.jpg,http://ww3.sinaimg.cn/large/006jQIIWgy1gan229evf9j33cd4dekjn.jpg,http://ww4.sinaimg.cn/large/006jQIIWgy1gan22kmtwcj30tg0k4tvn.jpg,http://ww2.sinaimg.cn/large/006jQIIWgy1gan22bxr2ij32yo3viu0z.jpg,http://ww4.sinaimg.cn/large/006jQIIWgy1gan22elai2j32yo3vhkjn.jpg,http://ww2.sinaimg.cn/large/006jQIIWgy1gan22hfrp2j32yo3vh4qr.jpg,http://ww4.sinaimg.cn/large/006jQIIWgy1gan22ntoszj31zk1bpqv7.jpg", "video_url": "无", "publish_place": "成都·GUCCI PIN限时店—成都远洋太古里广东会馆", "publish_time": "2020-01-06 19:20", "publish_tool": "iPhone 11 Pro Max", "up_num": 62828, "retweet_num": 84508, "comment_num": 20248}, {"id": "Io6RCAy82", "content": "只有闯过风雨难关，才有梦想花开之时！下一个巅峰才是我永远追求的目标！@腾讯视频终极高手 我是#终极高手# 第2季俱乐部经理人程潇，你，能跟得上我吗？ 绿洲  原图 ", "original_pictures": "http://wx2.sinaimg.cn/large/006jQIIWgy1galxn6s13cj31e02au1l0.jpg", "video_url": "无", "publish_place": "无", "publish_time": "2020-01-05 19:56", "publish_tool": "绿洲APP", "up_num": 28780, "retweet_num": 84341, "comment_num": 10315}, {"id": "InWHSjBhd", "content": "#唐人街探案3#唐人街新人侦探初来乍到，还请快乐家族不要客气放马过来今晚20:20[来]#快乐大本营# ，唐人街探案陆菁菁就位！ 绿洲  原图 ", "original_pictures": "http://wx4.sinaimg.cn/large/006jQIIWly1gakosksb3gj31ep2pge85.jpg", "video_url": "无", "publish_place": "无", "publish_time": "2020-01-04 18:04", "publish_tool": "绿洲APP", "up_num": 33449, "retweet_num": 61577, "comment_num": 10520}, {"id": "InnsOnwPf", "content": "感恩陪伴2020 希望这个世界多一点善意❤️  [组图共2张] 原图 ", "original_pictures": "http://ww2.sinaimg.cn/large/006jQIIWgy1gagd6s9j2wj30u01917b3.jpg,http://ww1.sinaimg.cn/large/006jQIIWgy1gagd6u0stlj30u0191n3h.jpg", "video_url": "无", "publish_place": "无", "publish_time": "2020-01-01 00:21", "publish_tool": "iPhone 11 Pro Max", "up_num": 93435, "retweet_num": 53760, "comment_num": 17264}]}